{"type": "FeatureCollection", "features": [{"type": "Feature", "properties": {"nazev": "Portugalsko", "en": "Portugal"}, "geometry": {"type": "Polygon", "coordinates": [[[-7.40191, 37.17482], [-7.42219, 37.27486], [-7.44143, 37.30793], [-7.44154, 37.3929], [-7.4707, 37.49321], [-7.5228, 37.55672], [-7.44782, 37.67333], [-7.41844, 37.74499], [-7.32422, 37.81582], [-7.27964, 37.87676], [-7.2486, 37.95453], [-7.20231, 38.00352], [-7.15611, 37.99392], [-7.09944, 38.0438], [-7.0447, 38.01429], [-7.00249, 38.02271], [-6.96896, 38.16624], [-6.93621, 38.22045], [-7.08513, 38.16932], [-7.14297, 38.24053], [-7.15532, 38.27862], [-7.32226, 38.44025], [-7.30353, 38.54408], [-7.26384, 38.58848], [-7.26979, 38.63886], [-7.2541, 38.72728], [-7.20307, 38.75112], [-7.12864, 38.81391], [-7.08525, 38.82436], [-7.03317, 38.87759], [-7.02701, 38.92402], [-6.9514, 39.02406], [-6.98162, 39.08845], [-7.02995, 39.11652], [-7.10582, 39.09945], [-7.1496, 39.12247], [-7.13222, 39.16477], [-7.24134, 39.20856], [-7.23147, 39.27841], [-7.31061, 39.34101], [-7.32174, 39.38631], [-7.29468, 39.45599], [-7.38134, 39.49187], [-7.49944, 39.58996], [-7.53599, 39.66775], [-7.45291, 39.66328], [-7.33378, 39.64124], [-7.24424, 39.66684], [-7.14671, 39.65303], [-7.01541, 39.67085], [-6.97679, 39.77276], [-6.98116, 39.8204], [-6.90317, 39.87268], [-6.8857, 39.98046], [-6.86421, 40.01186], [-6.9417, 40.11292], [-7.01197, 40.12693], [-7.02894, 40.18537], [-6.99742, 40.23599], [-6.95124, 40.25752], [-6.86672, 40.26638], [-6.86154, 40.29933], [-6.79101, 40.33387], [-6.79413, 40.37263], [-6.83486, 40.40821], [-6.84975, 40.45263], [-6.81062, 40.50514], [-6.80088, 40.55068], [-6.84522, 40.56609], [-6.79958, 40.65441], [-6.83124, 40.75269], [-6.80191, 40.84943], [-6.84969, 40.90352], [-6.85744, 40.94241], [-6.93004, 41.02989], [-6.80838, 41.03652], [-6.75382, 41.10333], [-6.76744, 41.13525], [-6.70911, 41.17359], [-6.6481, 41.24707], [-6.57127, 41.23906], [-6.44826, 41.29935], [-6.41617, 41.34799], [-6.31832, 41.38614], [-6.32804, 41.41575], [-6.28523, 41.47822], [-6.18936, 41.57503], [-6.25355, 41.63312], [-6.35679, 41.67702], [-6.45135, 41.68159], [-6.51211, 41.66125], [-6.56899, 41.74351], [-6.51794, 41.87537], [-6.57119, 41.88362], [-6.54598, 41.93068], [-6.5738, 41.96067], [-6.62121, 41.93995], [-6.75062, 41.94339], [-6.77825, 41.98759], [-6.82114, 41.94631], [-7.07351, 41.95032], [-7.14127, 41.99084], [-7.18665, 41.96988], [-7.1735, 41.91954], [-7.19728, 41.88007], [-7.3158, 41.84285], [-7.38995, 41.83882], [-7.40757, 41.81745], [-7.48502, 41.86129], [-7.57416, 41.82989], [-7.70409, 41.90784], [-7.84496, 41.88155], [-7.88761, 41.92707], [-7.9227, 41.8797], [-7.97095, 41.87617], [-8.01174, 41.83353], [-8.05751, 41.81618], [-8.16487, 41.81829], [-8.16167, 41.86066], [-8.21699, 41.91365], [-8.16344, 41.98271], [-8.08543, 42.01699], [-8.09686, 42.07182], [-8.17142, 42.06773], [-8.19577, 42.15085], [-8.32337, 42.10108], [-8.43016, 42.07256], [-8.52748, 42.07763], [-8.5573, 42.05131], [-8.63013, 42.05], [-8.66073, 42.0062], [-8.74639, 41.96323], [-8.75537, 41.93497], [-8.86319, 41.87205], [-8.88133, 41.75267], [-8.83695, 41.6862], [-8.77722, 41.48104], [-8.78796, 41.41245], [-8.74049, 41.33279], [-8.72652, 41.24527], [-8.65746, 41.08572], [-8.64379, 41.01974], [-8.66978, 40.90015], [-8.74692, 40.6687], [-8.75218, 40.62158], [-8.84644, 40.32643], [-8.90663, 40.17879], [-8.85293, 40.14578], [-8.93939, 39.94802], [-9.05114, 39.71861], [-9.08054, 39.63155], [-9.07691, 39.58888], [-9.17212, 39.50068], [-9.22686, 39.43661], [-9.37153, 39.35409], [-9.33591, 39.26809], [-9.35976, 39.17095], [-9.42158, 39.07487], [-9.42777, 39.00227], [-9.41546, 38.94507], [-9.45053, 38.86008], [-9.50038, 38.7811], [-9.47412, 38.75341], [-9.4861, 38.70793], [-9.39212, 38.70181], [-9.32424, 38.67477], [-9.28169, 38.69824], [-9.21669, 38.69171], [-9.13276, 38.70673], [-9.09757, 38.74232], [-9.08639, 38.80454], [-9.02745, 38.84915], [-8.99723, 38.78051], [-9.04099, 38.72851], [-9.04934, 38.68959], [-9.09864, 38.64785], [-9.17975, 38.67924], [-9.25264, 38.65724], [-9.18803, 38.55076], [-9.18535, 38.48374], [-9.22284, 38.41375], [-9.10545, 38.44308], [-9.06412, 38.43481], [-8.98291, 38.47794], [-8.89821, 38.47788], [-8.8322, 38.42735], [-8.78729, 38.33664], [-8.77501, 38.22525], [-8.79672, 38.12145], [-8.87161, 37.96938], [-8.80817, 37.92665], [-8.79294, 37.81946], [-8.81042, 37.74204], [-8.78604, 37.71384], [-8.81954, 37.59935], [-8.78566, 37.53279], [-8.80853, 37.41397], [-8.87784, 37.32101], [-8.86141, 37.27384], [-8.88569, 37.22031], [-8.91826, 37.19632], [-8.90974, 37.15943], [-8.97837, 37.05638], [-8.94697, 37.00002], [-8.88774, 37.04165], [-8.7233, 37.08649], [-8.61511, 37.12323], [-8.53893, 37.11809], [-8.43677, 37.08533], [-8.3525, 37.0988], [-8.30207, 37.07259], [-8.18212, 37.09056], [-8.06856, 37.05008], [-7.92994, 36.96985], [-7.87308, 36.96419], [-7.7999, 37.01492], [-7.64897, 37.09272], [-7.57509, 37.14526], [-7.46921, 37.17567], [-7.40191, 37.17482]]]}}, {"type": "Feature", "properties": {"nazev": "Černá Hora", "en": "Crna Gora"}, "geometry": {"type": "Polygon", "coordinates": [[[19.3737, 41.8507], [19.34819, 41.91484], [19.35086, 41.95634], [19.25632, 41.98498], [19.21664, 42.03094], [19.28667, 42.05781], [19.3176, 42.10286], [19.28218, 42.18011], [19.2626, 42.3151], [19.30578, 42.42267], [19.4918, 42.42041], [19.61596, 42.54698], [19.60993, 42.5752], [19.66274, 42.6284], [19.72124, 42.66038], [20.00931, 42.65861], [19.96717, 42.69874], [19.95288, 42.76347], [19.74716, 42.80929], [19.69172, 42.84097], [19.64543, 42.8972], [19.64971, 42.93119], [19.59568, 42.94603], [19.51362, 42.99169], [19.41229, 43.01731], [19.37655, 43.09632], [19.29167, 43.15548], [19.16695, 43.22344], [19.06098, 43.2135], [19.00904, 43.25061], [18.98234, 43.28072], [18.95563, 43.2878], [18.95964, 43.31711], [18.91442, 43.35977], [18.83908, 43.34836], [18.8536, 43.32432], [18.73293, 43.28089], [18.68845, 43.25499], [18.70581, 43.2363], [18.66782, 43.20391], [18.64822, 43.14728], [18.66029, 43.03739], [18.62295, 43.02966], [18.53568, 43.03346], [18.4984, 42.99589], [18.48293, 42.92839], [18.50965, 42.88689], [18.46919, 42.85425], [18.45826, 42.82552], [18.47779, 42.77169], [18.53442, 42.72273], [18.57044, 42.71993], [18.54625, 42.69183], [18.56423, 42.64365], [18.52014, 42.61833], [18.55491, 42.58016], [18.59975, 42.60528], [18.64488, 42.61415], [18.67884, 42.57575], [18.80175, 42.54439], [18.8069, 42.50619], [18.8311, 42.46378], [18.80741, 42.38648], [18.84518, 42.33549], [18.90903, 42.32077], [18.93684, 42.30681], [18.95538, 42.25397], [19.01684, 42.18215], [19.00195, 42.15905], [19.05165, 42.13612], [19.09427, 42.07059], [19.14786, 42.03309], [19.14391, 41.97994], [19.17575, 41.92962], [19.30571, 41.89058], [19.3737, 41.8507]]]}}, {"type": "Feature", "properties": {"nazev": "Řecko", "en": "Vasílio tis Elládos"}, "geometry": {"type": "MultiPolygon", "coordinates": [[[[19.90372, 39.79239], [19.84788, 39.82202], [19.82243, 39.80126], [19.71487, 39.79025], [19.67461, 39.79805], [19.64054, 39.7547], [19.72348, 39.6663], [19.74154, 39.62955], [19.83138, 39.57347], [19.8523, 39.49183], [19.91195, 39.43021], [19.97831, 39.41703], [20.08638, 39.36513], [20.12213, 39.37984], [20.06719, 39.45167], [19.93846, 39.47149], [19.90924, 39.56743], [19.93233, 39.62465], [19.84983, 39.64642], [19.83929, 39.69889], [19.93007, 39.73376], [19.95662, 39.77575], [19.90372, 39.79239]]], [[[20.77496, 37.84028], [20.74173, 37.85922], [20.69183, 37.92746], [20.64559, 37.90035], [20.61979, 37.84924], [20.71136, 37.72569], [20.75816, 37.7081], [20.8053, 37.65413], [20.87178, 37.72697], [20.94976, 37.74487], [20.89966, 37.77566], [20.88308, 37.81585], [20.77496, 37.84028]]], [[[20.62355, 38.35207], [20.58245, 38.46472], [20.54264, 38.45664], [20.54794, 38.36228], [20.47717, 38.30957], [20.40925, 38.34297], [20.38764, 38.27467], [20.35401, 38.25072], [20.33791, 38.18584], [20.39138, 38.15503], [20.43881, 38.16178], [20.43689, 38.28186], [20.51029, 38.16836], [20.48698, 38.1212], [20.55249, 38.09329], [20.63336, 38.11348], [20.69673, 38.07217], [20.78544, 38.05712], [20.81431, 38.10798], [20.71045, 38.22644], [20.6807, 38.2761], [20.62622, 38.25885], [20.61043, 38.29306], [20.62355, 38.35207]]], [[[20.66516, 38.45945], [20.61507, 38.46551], [20.69822, 38.31234], [20.73835, 38.34007], [20.70792, 38.43666], [20.66516, 38.45945]]], [[[20.71373, 38.84611], [20.68557, 38.85188], [20.59967, 38.77958], [20.55642, 38.68091], [20.55824, 38.62833], [20.61579, 38.59885], [20.68392, 38.60423], [20.72433, 38.63179], [20.71709, 38.71622], [20.72673, 38.80649], [20.71373, 38.84611]]], [[[23.00379, 36.30735], [22.94956, 36.38594], [22.89032, 36.32016], [22.92146, 36.29163], [22.90471, 36.23676], [22.91542, 36.18946], [22.94877, 36.15643], [23.04711, 36.13056], [23.05409, 36.21827], [23.10398, 36.23604], [23.04692, 36.28905], [23.00379, 36.30735]]], [[[23.57277, 37.35825], [23.51765, 37.37062], [23.38319, 37.31611], [23.40023, 37.29405], [23.50245, 37.34249], [23.57277, 37.35825]]], [[[23.5483, 37.74631], [23.48499, 37.77526], [23.41803, 37.76328], [23.44894, 37.68795], [23.52521, 37.69219], [23.5483, 37.74631]]], [[[23.53773, 37.98365], [23.496, 38.00249], [23.46214, 37.95215], [23.40511, 37.92989], [23.40094, 37.89535], [23.45027, 37.87331], [23.53305, 37.91159], [23.53773, 37.98365]]], [[[24.41113, 37.65242], [24.35046, 37.68769], [24.29527, 37.65883], [24.26797, 37.60815], [24.29408, 37.5246], [24.35435, 37.57194], [24.41113, 37.65242]]], [[[25.05963, 37.64759], [24.99139, 37.64466], [25.06221, 37.59264], [25.19027, 37.52457], [25.22816, 37.53419], [25.25399, 37.61067], [25.11366, 37.65379], [25.05963, 37.64759]]], [[[24.80442, 37.96875], [24.7553, 37.99474], [24.68428, 37.95106], [24.70938, 37.87139], [24.76644, 37.87546], [24.80318, 37.82286], [24.88686, 37.76712], [24.93037, 37.69634], [24.96921, 37.71402], [24.99728, 37.77291], [24.93998, 37.85611], [24.9431, 37.90422], [24.84218, 37.91108], [24.80442, 37.96875]]], [[[25.45263, 36.44056], [25.41452, 36.36208], [25.44305, 36.33187], [25.48702, 36.36201], [25.48579, 36.40831], [25.45263, 36.44056]]], [[[24.54149, 36.71391], [24.51389, 36.76778], [24.47663, 36.74245], [24.39104, 36.71862], [24.35344, 36.75131], [24.33247, 36.68158], [24.34112, 36.65346], [24.49585, 36.66569], [24.54149, 36.71391]]], [[[25.17764, 36.70601], [25.13918, 36.71538], [25.0935, 36.69207], [25.13074, 36.65979], [25.17764, 36.70601]]], [[[24.57415, 36.82936], [24.52056, 36.82253], [24.54165, 36.77196], [24.58978, 36.79134], [24.57415, 36.82936]]], [[[25.36226, 36.74084], [25.30688, 36.79285], [25.25917, 36.76898], [25.27937, 36.71408], [25.34157, 36.65977], [25.39097, 36.66201], [25.38614, 36.73109], [25.36226, 36.74084]]], [[[23.49331, 39.20003], [23.40215, 39.1682], [23.44587, 39.14163], [23.51517, 39.17762], [23.49331, 39.20003]]], [[[23.58921, 38.46233], [23.6487, 38.3987], [23.69171, 38.41354], [23.77541, 38.39004], [23.81808, 38.4035], [23.89321, 38.38371], [23.96422, 38.38628], [23.99633, 38.40443], [24.05259, 38.3921], [24.06033, 38.34813], [24.12116, 38.30304], [24.1115, 38.25109], [24.18578, 38.21522], [24.211, 38.16148], [24.20272, 38.08532], [24.24326, 38.09587], [24.30895, 38.06802], [24.30475, 38.03246], [24.34884, 37.97845], [24.39296, 38.00621], [24.45048, 38.00487], [24.47729, 37.95473], [24.5569, 37.97853], [24.58872, 38.06064], [24.56121, 38.14333], [24.42544, 38.14513], [24.35005, 38.15527], [24.24803, 38.22748], [24.25758, 38.27995], [24.21607, 38.34939], [24.1867, 38.4841], [24.23204, 38.52455], [24.13265, 38.58482], [24.12417, 38.66692], [24.04704, 38.68708], [23.95481, 38.66011], [23.85953, 38.67093], [23.75482, 38.70665], [23.68467, 38.75314], [23.59319, 38.76416], [23.44721, 38.85935], [23.42623, 38.90583], [23.42973, 38.95419], [23.39124, 38.95925], [23.37676, 39.00732], [23.27996, 39.03847], [23.20418, 39.00417], [23.12924, 39.00764], [23.00825, 38.90969], [22.87499, 38.87769], [22.88557, 38.83929], [22.95999, 38.83612], [23.03282, 38.882], [23.08228, 38.83857], [23.12985, 38.85224], [23.20444, 38.83075], [23.26467, 38.78183], [23.32343, 38.76249], [23.35064, 38.72522], [23.49115, 38.63438], [23.50839, 38.58997], [23.59479, 38.57367], [23.62648, 38.54241], [23.62727, 38.48145], [23.58921, 38.46233]]], [[[21.66022, 36.95048], [21.71038, 36.9416], [21.6817, 36.89358], [21.70489, 36.81129], [21.82492, 36.80191], [21.87577, 36.71986], [21.95798, 36.79297], [21.9216, 36.86507], [21.9322, 36.98361], [22.02053, 37.02179], [22.14951, 37.01815], [22.14644, 36.94498], [22.12608, 36.91507], [22.17704, 36.88909], [22.22423, 36.89484], [22.29626, 36.80381], [22.36625, 36.67845], [22.36419, 36.60152], [22.38557, 36.53809], [22.34777, 36.5275], [22.36496, 36.48216], [22.45876, 36.45156], [22.50233, 36.49536], [22.4726, 36.52843], [22.48108, 36.61805], [22.53358, 36.71918], [22.5733, 36.73336], [22.56579, 36.7759], [22.62081, 36.8059], [22.78562, 36.79697], [22.82115, 36.7102], [22.88068, 36.65275], [22.88532, 36.60929], [22.92612, 36.59268], [22.96344, 36.52804], [23.03365, 36.52709], [23.06615, 36.50368], [23.08327, 36.44398], [23.13085, 36.42758], [23.20153, 36.44975], [23.12909, 36.50168], [23.15263, 36.53595], [23.06633, 36.58612], [23.03193, 36.62743], [23.03038, 36.7317], [23.09162, 36.73753], [23.09036, 36.81934], [23.05168, 36.86186], [23.0109, 36.93969], [23.00407, 37.02496], [22.95491, 37.11929], [22.89271, 37.12793], [22.90582, 37.18915], [22.83904, 37.27862], [22.79844, 37.36025], [22.75322, 37.39305], [22.76853, 37.42451], [22.72774, 37.48625], [22.71724, 37.56041], [22.78756, 37.58663], [22.85264, 37.51257], [22.9007, 37.53115], [22.97668, 37.5171], [23.01026, 37.46485], [23.13163, 37.43839], [23.13051, 37.40979], [23.07412, 37.37687], [23.07205, 37.35054], [23.14726, 37.29575], [23.26815, 37.40636], [23.49584, 37.42232], [23.52024, 37.45328], [23.37237, 37.552], [23.41478, 37.61264], [23.344, 37.63686], [23.31258, 37.6185], [23.36762, 37.55221], [23.31854, 37.53221], [23.26366, 37.57276], [23.15597, 37.62347], [23.15097, 37.67485], [23.17318, 37.70181], [23.12418, 37.73852], [23.17878, 37.77673], [23.17944, 37.80311], [23.11705, 37.84656], [23.0043, 37.84916], [23.00939, 37.91595], [22.96206, 37.94957], [22.89766, 37.9319], [22.80362, 37.96314], [22.72454, 38.03659], [22.50056, 38.13312], [22.41531, 38.13049], [22.35505, 38.14909], [22.33521, 38.17664], [22.2134, 38.18177], [22.14798, 38.21933], [22.11002, 38.26575], [22.02705, 38.28505], [22.00992, 38.3137], [21.87833, 38.32468], [21.84997, 38.33868], [21.73857, 38.27103], [21.71859, 38.21676], [21.66851, 38.16614], [21.60522, 38.14289], [21.53309, 38.15457], [21.45235, 38.19942], [21.37463, 38.19774], [21.36608, 38.12172], [21.30513, 38.02797], [21.25545, 37.97354], [21.1647, 37.92744], [21.10737, 37.87762], [21.11579, 37.84018], [21.21659, 37.8142], [21.30358, 37.75775], [21.32015, 37.70431], [21.30576, 37.67247], [21.38292, 37.65587], [21.5526, 37.55234], [21.61604, 37.48619], [21.66096, 37.4184], [21.69826, 37.31185], [21.67057, 37.25886], [21.59603, 37.21353], [21.56572, 37.16351], [21.58183, 37.05487], [21.63805, 37.00692], [21.66022, 36.95048]]], [[[23.58921, 38.46233], [23.53914, 38.51139], [23.51271, 38.47947], [23.40392, 38.50991], [23.33877, 38.49671], [23.31356, 38.56742], [23.34051, 38.60502], [23.31292, 38.64231], [23.14334, 38.64622], [23.11117, 38.62451], [23.06573, 38.679], [23.06381, 38.72409], [23.03462, 38.75636], [22.97175, 38.74491], [22.8998, 38.77729], [22.86117, 38.75643], [22.82512, 38.7906], [22.75972, 38.78471], [22.69895, 38.84272], [22.61156, 38.82246], [22.55427, 38.8336], [22.5524, 38.88388], [22.60394, 38.90903], [22.67246, 38.88217], [22.75891, 38.86799], [22.89305, 38.91949], [22.99051, 38.94419], [23.02658, 39.01553], [22.99001, 39.04143], [22.98269, 39.09925], [22.92666, 39.1104], [22.91086, 39.16026], [22.86484, 39.15396], [22.81562, 39.23429], [22.82116, 39.27751], [22.9353, 39.29489], [22.94351, 39.3428], [22.99211, 39.35102], [23.03251, 39.31509], [23.11947, 39.30569], [23.16336, 39.2729], [23.17721, 39.22784], [23.22203, 39.18104], [23.21657, 39.15038], [23.14168, 39.12137], [23.10336, 39.15508], [23.06932, 39.13991], [23.07373, 39.08465], [23.21873, 39.10672], [23.30131, 39.14008], [23.35148, 39.18777], [23.27583, 39.31327], [23.23225, 39.34178], [23.09578, 39.49993], [22.93526, 39.57393], [22.90846, 39.61473], [22.8676, 39.7263], [22.85267, 39.80043], [22.73612, 39.86871], [22.7077, 39.95374], [22.6438, 39.98141], [22.53448, 39.94674], [22.45222, 39.9638], [22.42409, 39.94128], [22.29988, 39.89199], [22.24979, 39.85081], [22.2232, 39.79265], [22.26735, 39.75433], [22.25382, 39.70412], [22.21062, 39.67837], [22.15768, 39.67928], [22.09501, 39.65114], [22.03922, 39.69152], [21.90367, 39.69499], [21.94547, 39.75721], [21.95497, 39.81186], [21.93556, 39.8501], [21.82161, 39.85966], [21.77856, 39.8386], [21.54544, 39.8375], [21.48134, 39.87286], [21.43624, 39.84115], [21.33226, 39.84698], [21.22622, 39.80327], [21.22717, 39.74164], [21.10679, 39.66753], [21.11016, 39.58919], [21.09624, 39.55999], [21.00283, 39.52932], [21.0337, 39.45485], [21.02147, 39.40986], [21.0541, 39.37442], [21.00782, 39.26265], [21.02892, 39.18691], [20.97462, 39.15146], [21.01851, 39.11654], [21.03047, 39.05463], [21.06649, 39.01084], [21.10408, 39.05041], [21.16013, 38.98817], [21.13944, 38.92692], [21.09759, 38.91349], [21.08296, 38.86312], [21.02012, 38.92663], [20.97274, 38.94533], [20.90742, 38.92112], [20.74679, 38.92244], [20.79906, 38.86511], [20.74372, 38.86073], [20.73178, 38.80014], [20.76386, 38.75903], [20.87537, 38.79198], [20.91437, 38.67373], [20.98868, 38.66869], [21.02305, 38.6038], [21.01286, 38.54381], [21.02672, 38.50315], [21.07562, 38.48398], [21.13288, 38.41552], [21.09558, 38.34561], [21.16079, 38.29858], [21.26559, 38.3389], [21.29572, 38.3737], [21.37369, 38.39323], [21.46281, 38.36304], [21.48461, 38.30476], [21.52108, 38.30047], [21.58837, 38.34377], [21.63894, 38.357], [21.77089, 38.33566], [21.78864, 38.37452], [21.83189, 38.39251], [21.89623, 38.37141], [21.936, 38.40647], [22.05132, 38.3949], [22.19141, 38.33469], [22.25191, 38.3627], [22.28587, 38.33862], [22.35, 38.34984], [22.39459, 38.41111], [22.45528, 38.42757], [22.50466, 38.38154], [22.54852, 38.29117], [22.57515, 38.28226], [22.65724, 38.3862], [22.69199, 38.31739], [22.78579, 38.28167], [22.77925, 38.23318], [22.95698, 38.21044], [23.02421, 38.21367], [23.07177, 38.17043], [23.10669, 38.20505], [23.16228, 38.16798], [23.21528, 38.09933], [23.11391, 38.05982], [23.05515, 38.05276], [22.95346, 38.08002], [22.84935, 38.02844], [22.91867, 38.01294], [22.97588, 37.97829], [22.96054, 37.95198], [23.00861, 37.91709], [23.13944, 37.92184], [23.16627, 37.94901], [23.24257, 37.97575], [23.39374, 37.9767], [23.45117, 38.02364], [23.52236, 38.04491], [23.59483, 38.03192], [23.55758, 37.96238], [23.66315, 37.94321], [23.79829, 37.80119], [23.81484, 37.82041], [23.90094, 37.7741], [23.93426, 37.72016], [23.93761, 37.67311], [24.02377, 37.65463], [24.05288, 37.6782], [24.08448, 37.79607], [24.04721, 37.82158], [24.05752, 37.85708], [24.0065, 37.96736], [24.03105, 37.99286], [24.00005, 38.03357], [23.98535, 38.11338], [24.05539, 38.14151], [24.04815, 38.20755], [23.95699, 38.28348], [23.83195, 38.31257], [23.7678, 38.33923], [23.67778, 38.33965], [23.63092, 38.37717], [23.63224, 38.40996], [23.58921, 38.46233]]], [[[23.73474, 39.11893], [23.7146, 39.14716], [23.58951, 39.20246], [23.65471, 39.12223], [23.65716, 39.08829], [23.72538, 39.07062], [23.73474, 39.11893]]], [[[24.57122, 38.90949], [24.58259, 38.92538], [24.48446, 38.9768], [24.44946, 38.94953], [24.46916, 38.91656], [24.4331, 38.87684], [24.56908, 38.81115], [24.62416, 38.76461], [24.68288, 38.77375], [24.66627, 38.8243], [24.60904, 38.85186], [24.57122, 38.90949]]], [[[23.94757, 39.27246], [23.87679, 39.20508], [23.93055, 39.20576], [23.97868, 39.25736], [23.94757, 39.27246]]], [[[24.6516, 37.03692], [24.6562, 36.97956], [24.69798, 36.90314], [24.76371, 36.95615], [24.69749, 37.02671], [24.6516, 37.03692]]], [[[24.5349, 37.14178], [24.53287, 37.1931], [24.49304, 37.21015], [24.44604, 37.19284], [24.41699, 37.12159], [24.518, 37.12619], [24.5349, 37.14178]]], [[[25.2783, 37.12881], [25.19878, 37.13501], [25.14477, 37.11051], [25.10731, 37.06349], [25.0998, 37.01647], [25.18314, 36.97496], [25.23519, 37.00946], [25.27801, 37.061], [25.25573, 37.08011], [25.2783, 37.12881]]], [[[25.57508, 37.01818], [25.59926, 37.1153], [25.57173, 37.17074], [25.53317, 37.2031], [25.46327, 37.1509], [25.41353, 37.13599], [25.34228, 37.07746], [25.43063, 36.92215], [25.5569, 36.96955], [25.57508, 37.01818]]], [[[24.45709, 37.4279], [24.40045, 37.46292], [24.36471, 37.42136], [24.39945, 37.40073], [24.36925, 37.3333], [24.39302, 37.30513], [24.48414, 37.39607], [24.45709, 37.4279]]], [[[24.89131, 37.50819], [24.89949, 37.45712], [24.86728, 37.42905], [24.87759, 37.36274], [24.95806, 37.39697], [24.93081, 37.50134], [24.89131, 37.50819]]], [[[25.41556, 37.48401], [25.34614, 37.50059], [25.32348, 37.42338], [25.36245, 37.40716], [25.46173, 37.47519], [25.41556, 37.48401]]], [[[26.45366, 36.60628], [26.4007, 36.64184], [26.35679, 36.57059], [26.29287, 36.59876], [26.26227, 36.5796], [26.28986, 36.52488], [26.35745, 36.52772], [26.36436, 36.56645], [26.45366, 36.60628]]], [[[25.84735, 36.3553], [25.76743, 36.40247], [25.72739, 36.36676], [25.7696, 36.34394], [25.84735, 36.3553]]], [[[26.08228, 36.89307], [26.00655, 36.93882], [25.97569, 36.90077], [25.8467, 36.85237], [25.85336, 36.81738], [25.78414, 36.8149], [25.80324, 36.76762], [25.86402, 36.78743], [25.97254, 36.87828], [26.0524, 36.90014], [26.08228, 36.89307]]]]}}, {"type": "Feature", "properties": {"nazev": "Osmanská říše", "en": "Devlet-i Aliyye-i Osmâniyye"}, "geometry": {"type": "MultiPolygon", "coordinates": [[[[19.3737, 41.8507], [19.4218, 41.8619], [19.5231, 41.839], [19.5992, 41.8056], [19.5671, 41.7522], [19.5827, 41.6957], [19.566, 41.6481], [19.6049, 41.6364], [19.5612, 41.5763], [19.5071, 41.5394], [19.5095, 41.4822], [19.4595, 41.4399], [19.419, 41.3704], [19.4352, 41.3112], [19.4693, 41.3143], [19.5194, 41.2531], [19.4698, 41.1598], [19.4367, 41.1447], [19.4553, 41.0701], [19.4358, 41.0016], [19.4763, 40.9786], [19.4536, 40.9179], [19.3775, 40.8245], [19.3671, 40.717], [19.3349, 40.6701], [19.3364, 40.6275], [19.4047, 40.4998], [19.4917, 40.449], [19.483, 40.3459], [19.4216, 40.3215], [19.4006, 40.3844], [19.341, 40.4332], [19.3001, 40.4246], [19.3663, 40.3464], [19.3717, 40.3081], [19.4432, 40.2352], [19.5773, 40.1732], [19.6582, 40.1257], [19.6989, 40.1212], [19.8032, 40.0541], [19.8586, 40.0406], [19.9372, 39.9417], [19.9097, 39.9074], [20.0216, 39.8456], [19.9819, 39.707], [20.02583, 39.67881], [20.1847, 39.62523], [20.16799, 39.53653], [20.26279, 39.51008], [20.21251, 39.44608], [20.26869, 39.39272], [20.28629, 39.32922], [20.34135, 39.28353], [20.47367, 39.26572], [20.47476, 39.21772], [20.54806, 39.17542], [20.58762, 39.13067], [20.69692, 39.05767], [20.7453, 39.00609], [20.78664, 39.05628], [20.79045, 39.09128], [20.87013, 39.0554], [21.04148, 39.00236], [21.06649, 39.01084], [21.03047, 39.05463], [21.01851, 39.11654], [20.97462, 39.15146], [21.02892, 39.18691], [21.00782, 39.26265], [21.0541, 39.37442], [21.02147, 39.40986], [21.0337, 39.45485], [21.00283, 39.52932], [21.09624, 39.55999], [21.11016, 39.58919], [21.10679, 39.66753], [21.22717, 39.74164], [21.22622, 39.80327], [21.33226, 39.84698], [21.43624, 39.84115], [21.48134, 39.87286], [21.54544, 39.8375], [21.77856, 39.8386], [21.82161, 39.85966], [21.93556, 39.8501], [21.95497, 39.81186], [21.94547, 39.75721], [21.90367, 39.69499], [22.03922, 39.69152], [22.09501, 39.65114], [22.15768, 39.67928], [22.21062, 39.67837], [22.25382, 39.70412], [22.26735, 39.75433], [22.2232, 39.79265], [22.24979, 39.85081], [22.29988, 39.89199], [22.42409, 39.94128], [22.45222, 39.9638], [22.53448, 39.94674], [22.6438, 39.98141], [22.59429, 40.01237], [22.54789, 40.14546], [22.58464, 40.20476], [22.60162, 40.27386], [22.66087, 40.35521], [22.62, 40.38681], [22.59516, 40.47439], [22.66953, 40.48898], [22.65284, 40.51821], [22.7415, 40.55921], [22.85528, 40.59121], [22.85315, 40.63283], [22.89548, 40.64362], [22.95211, 40.62037], [22.93553, 40.58331], [22.9806, 40.55208], [22.91756, 40.50739], [22.81634, 40.50193], [22.91749, 40.38073], [22.98355, 40.36785], [23.01937, 40.32495], [23.30866, 40.22633], [23.38582, 40.27266], [23.42755, 40.27696], [23.58431, 40.22513], [23.65232, 40.22462], [23.69774, 40.19177], [23.79124, 40.09], [23.82231, 40.02006], [23.90235, 39.98468], [23.94723, 39.93802], [24.02107, 40.00879], [23.97985, 40.12175], [23.88457, 40.16797], [23.77459, 40.19286], [23.6942, 40.28538], [23.69889, 40.32049], [23.74001, 40.3536], [23.78371, 40.33773], [23.85256, 40.37034], [23.91998, 40.3648], [24.0384, 40.2944], [24.1636, 40.2798], [24.281, 40.1617], [24.3148, 40.1154], [24.3993, 40.1567], [24.376, 40.1932], [24.2868, 40.2484], [24.2483, 40.3093], [24.2021, 40.3177], [24.1546, 40.3594], [24.0749, 40.3654], [24.0348, 40.3991], [23.97475, 40.37747], [23.88924, 40.39531], [23.83827, 40.44044], [23.82883, 40.51639], [23.91501, 40.5363], [23.78517, 40.59136], [23.74259, 40.65598], [23.69731, 40.66627], [23.71148, 40.72121], [23.74339, 40.75828], [23.83435, 40.78397], [24.04603, 40.71809], [24.13698, 40.73595], [24.30771, 40.81836], [24.31506, 40.86991], [24.39441, 40.93347], [24.50872, 40.95848], [24.55419, 40.95075], [24.62753, 40.8585], [24.79868, 40.84568], [24.87767, 40.909], [24.96286, 40.93358], [25.06924, 41.00498], [25.13954, 40.9907], [25.12875, 40.95503], [25.26971, 40.93077], [25.31433, 40.94561], [25.37957, 40.9095], [25.45462, 40.89776], [25.5636, 40.85746], [25.58721, 40.86799], [25.72926, 40.84564], [25.91165, 40.8472], [25.9835, 40.82598], [26.0382, 40.76785], [26.02878, 40.73528], [26.06337, 40.67878], [26.06965, 40.62252], [26.14866, 40.59033], [26.23087, 40.59857], [26.30384, 40.59093], [26.46156, 40.61572], [26.53284, 40.59204], [26.61019, 40.63758], [26.69725, 40.63792], [26.78232, 40.65718], [26.82216, 40.63957], [26.83788, 40.58728], [26.79184, 40.55358], [26.71876, 40.53858], [26.69462, 40.50837], [26.62928, 40.50959], [26.4552, 40.44128], [26.36212, 40.38521], [26.2629, 40.34657], [26.23649, 40.29082], [26.27837, 40.2533], [26.26944, 40.19428], [26.17223, 40.05857], [26.22459, 40.05092], [26.2917, 40.08419], [26.38131, 40.14694], [26.35864, 40.20443], [26.42146, 40.22077], [26.49246, 40.27754], [26.59208, 40.32298], [26.63963, 40.40192], [26.69765, 40.41945], [26.69201, 40.44853], [26.74116, 40.4781], [26.88774, 40.53138], [26.99464, 40.55549], [27.03407, 40.59309], [27.12538, 40.60992], [27.30832, 40.70216], [27.33659, 40.75467], [27.45632, 40.84501], [27.49471, 40.95216], [27.55012, 40.97542], [27.7818, 41.01358], [27.8675, 40.96816], [27.95832, 40.96286], [27.9887, 41.01669], [28.07274, 41.05587], [28.23549, 41.07749], [28.39599, 41.04796], [28.53989, 40.98626], [28.60131, 41.00997], [28.61955, 40.95994], [28.76886, 40.98433], [28.83394, 40.95597], [28.97904, 41.00182], [29.03611, 41.0536], [29.07148, 41.12683], [29.03927, 41.15792], [29.1121, 41.21357], [29.0406, 41.25743], [28.99727, 41.24831], [28.89439, 41.272], [28.69271, 41.33878], [28.63112, 41.35262], [28.39702, 41.44555], [28.2254, 41.52474], [28.10308, 41.62848], [28.10787, 41.66974], [28.0409, 41.73526], [27.984, 41.82962], [27.9777, 41.86468], [28.04497, 41.91509], [28.04993, 41.94574], [28.01516, 42.02748], [27.91352, 42.11124], [27.84651, 42.18612], [27.7566, 42.2455], [27.62963, 42.25511], [27.5932, 42.21962], [27.60498, 42.17315], [27.5517, 42.15183], [27.48281, 42.18766], [27.314, 42.20484], [27.26682, 42.1996], [27.29083, 42.11665], [27.15926, 42.06522], [27.07087, 42.09002], [27.02111, 42.0743], [26.95792, 41.99665], [26.87155, 41.99095], [26.8426, 41.96896], [26.78782, 41.98959], [26.74773, 41.9604], [26.64054, 41.97174], [26.56128, 41.92577], [26.39287, 41.89013], [26.36903, 41.90155], [26.35917, 41.97389], [26.30261, 42.00798], [26.25951, 41.99495], [26.20399, 42.01042], [26.16743, 41.98061], [26.19482, 41.91337], [26.18112, 41.84587], [26.15455, 41.80525], [26.03074, 41.71739], [25.9461, 41.7274], [25.90884, 41.66277], [25.85045, 41.63919], [25.76133, 41.65393], [25.71385, 41.61066], [25.60574, 41.6224], [25.64172, 41.69676], [25.60506, 41.7319], [25.56671, 41.80627], [25.33661, 41.79197], [25.35798, 41.82546], [25.28703, 41.83628], [25.2133, 41.86983], [25.14537, 41.87364], [25.14099, 41.83583], [25.07598, 41.792], [25.00366, 41.8378], [24.96577, 41.80357], [24.95901, 41.73179], [24.90354, 41.70982], [24.80767, 41.70573], [24.7559, 41.68835], [24.73152, 41.65377], [24.60058, 41.60135], [24.49937, 41.65529], [24.55598, 41.72021], [24.55561, 41.82916], [24.54443, 41.88259], [24.58278, 41.93926], [24.4995, 41.92927], [24.47672, 41.97866], [24.4302, 41.92866], [24.42248, 41.87194], [24.35446, 41.86065], [24.29091, 41.73145], [24.23923, 41.71073], [24.18536, 41.72082], [24.16175, 41.78156], [24.01626, 41.77586], [23.90742, 41.8699], [23.8382, 41.86065], [23.75511, 41.9293], [23.75767, 41.99013], [23.81885, 42.02541], [23.79785, 42.052], [23.79565, 42.12044], [23.7637, 42.15592], [23.70216, 42.15416], [23.65394, 42.17568], [23.60482, 42.16133], [23.57012, 42.08602], [23.48356, 42.09456], [23.4118, 42.0524], [23.30862, 42.08006], [23.19371, 42.09759], [23.11669, 42.05891], [22.97735, 42.06596], [22.93955, 42.09659], [22.8981, 42.03179], [22.82596, 42.02257], [22.67622, 42.06474], [22.52807, 42.14012], [22.50091, 42.19557], [22.46968, 42.20179], [22.37782, 42.30871], [22.29163, 42.35177], [22.31409, 42.42003], [22.21631, 42.49711], [22.17041, 42.44335], [22.06063, 42.47813], [22.00969, 42.40798], [21.90247, 42.41142], [21.79571, 42.51077], [21.77315, 42.55824], [21.84805, 42.59626], [21.82572, 42.64384], [21.75611, 42.68688], [21.70093, 42.69352], [21.66064, 42.66813], [21.59313, 42.7248], [21.5401, 42.72326], [21.4766, 42.74786], [21.3988, 42.74479], [21.42287, 42.84847], [21.34438, 42.90012], [21.27041, 42.91034], [21.23413, 42.953], [21.22715, 43.02037], [21.15563, 43.03083], [21.13749, 43.11289], [21.0548, 43.10856], [20.97351, 43.12588], [20.84199, 43.17322], [20.87595, 43.23035], [20.83126, 43.26401], [20.79105, 43.24519], [20.7272, 43.24925], [20.69685, 43.22129], [20.62044, 43.28457], [20.57823, 43.22028], [20.46496, 43.28773], [20.31046, 43.29218], [20.28273, 43.33179], [20.16934, 43.32227], [20.11701, 43.3347], [20.04985, 43.44094], [20.02926, 43.49892], [19.93925, 43.5265], [19.86442, 43.50613], [19.77807, 43.52833], [19.73254, 43.52302], [19.68727, 43.59583], [19.51066, 43.63121], [19.48827, 43.63203], [19.4921, 43.59985], [19.4811, 43.56939], [19.42931, 43.58075], [19.36648, 43.60826], [19.3363, 43.58765], [19.27162, 43.59662], [19.25404, 43.57484], [19.2507, 43.5299], [19.15279, 43.53661], [19.05146, 43.50199], [19.04344, 43.52476], [18.98853, 43.55531], [18.97882, 43.52662], [18.95365, 43.52262], [18.96191, 43.47004], [19.01866, 43.43074], [19.04291, 43.39633], [19.04028, 43.3652], [19.08341, 43.31911], [19.0775, 43.30246], [19.03724, 43.29049], [19.00904, 43.25061], [19.06098, 43.2135], [19.16695, 43.22344], [19.29167, 43.15548], [19.37655, 43.09632], [19.41229, 43.01731], [19.51362, 42.99169], [19.59568, 42.94603], [19.64971, 42.93119], [19.64543, 42.8972], [19.69172, 42.84097], [19.74716, 42.80929], [19.95288, 42.76347], [19.96717, 42.69874], [20.00931, 42.65861], [19.72124, 42.66038], [19.66274, 42.6284], [19.60993, 42.5752], [19.61596, 42.54698], [19.4918, 42.42041], [19.30578, 42.42267], [19.2626, 42.3151], [19.28218, 42.18011], [19.3176, 42.10286], [19.28667, 42.05781], [19.21664, 42.03094], [19.25632, 41.98498], [19.35086, 41.95634], [19.34819, 41.91484], [19.3737, 41.8507]]], [[[26.12366, 38.47724], [26.02625, 38.59729], [25.8572, 38.58043], [25.83086, 38.54043], [25.86285, 38.49219], [25.95705, 38.44184], [25.99204, 38.39067], [25.99546, 38.34202], [25.9638, 38.29876], [25.87632, 38.27035], [25.89558, 38.21895], [25.96237, 38.17401], [26.02408, 38.16153], [26.03731, 38.19849], [26.09742, 38.20833], [26.10171, 38.26883], [26.15285, 38.30293], [26.12366, 38.47724]]], [[[26.35035, 39.35606], [26.31786, 39.37355], [26.22469, 39.38351], [26.17009, 39.37288], [26.17854, 39.33128], [26.12736, 39.30812], [25.99993, 39.27963], [25.8814, 39.27958], [25.84542, 39.22916], [25.87437, 39.15166], [26.06717, 39.08765], [26.20059, 39.20649], [26.27681, 39.19839], [26.28018, 39.15457], [26.18866, 39.12624], [26.12029, 39.06127], [26.17027, 39.00912], [26.21459, 39.01883], [26.32722, 38.97666], [26.41718, 38.96179], [26.54465, 38.99038], [26.52955, 39.02303], [26.44167, 39.10253], [26.48987, 39.11824], [26.52891, 39.08244], [26.51172, 39.04937], [26.53722, 39.01413], [26.60744, 39.00895], [26.5977, 39.06597], [26.55723, 39.09614], [26.52883, 39.17103], [26.45094, 39.23871], [26.37766, 39.2791], [26.42146, 39.32901], [26.35035, 39.35606]]], [[[25.62047, 38.5781], [25.57781, 38.60914], [25.54141, 38.58884], [25.56412, 38.54105], [25.6097, 38.53455], [25.62047, 38.5781]]], [[[24.98634, 39.46178], [25.05739, 39.53043], [25.00601, 39.56216], [24.97756, 39.53509], [24.98634, 39.46178]]], [[[25.44177, 39.99836], [25.37122, 40.00125], [25.29282, 39.93983], [25.2334, 40.00187], [25.15985, 39.98965], [25.13854, 40.00678], [25.04513, 39.99028], [25.07203, 39.92207], [25.0655, 39.83818], [25.12133, 39.85142], [25.14762, 39.81307], [25.23294, 39.91045], [25.28055, 39.89553], [25.2624, 39.83779], [25.34162, 39.78357], [25.34295, 39.88023], [25.44177, 39.99836]]], [[[23.38329, 40.13868], [23.32637, 40.18335], [23.31283, 40.07895], [23.37961, 40.00799], [23.37843, 39.96231], [23.44326, 39.97048], [23.59313, 39.9211], [23.71336, 39.90883], [23.66628, 39.98202], [23.5298, 40.01764], [23.46939, 40.05113], [23.4167, 40.12699], [23.38329, 40.13868]]], [[[25.63727, 40.49367], [25.56464, 40.51036], [25.49506, 40.49482], [25.45875, 40.45755], [25.55779, 40.39889], [25.60225, 40.39392], [25.69679, 40.42174], [25.6989, 40.46532], [25.63727, 40.49367]]], [[[24.69416, 40.77663], [24.64932, 40.80115], [24.56428, 40.76304], [24.51108, 40.66367], [24.52709, 40.62191], [24.57642, 40.62614], [24.64352, 40.57558], [24.77711, 40.61967], [24.76338, 40.73217], [24.69416, 40.77663]]], [[[26.2758, 37.60171], [26.36569, 37.69007], [26.30536, 37.68267], [26.19526, 37.62626], [26.07801, 37.63432], [25.97796, 37.5358], [25.97972, 37.51091], [26.0755, 37.52183], [26.10882, 37.55402], [26.21411, 37.56756], [26.2758, 37.60171]]], [[[27.05039, 37.76755], [26.98684, 37.78442], [26.88171, 37.77901], [26.84797, 37.80616], [26.74123, 37.81295], [26.60907, 37.76884], [26.56645, 37.73132], [26.59128, 37.67544], [26.64179, 37.70239], [26.72182, 37.70962], [26.79357, 37.64272], [26.85927, 37.63628], [26.89217, 37.67399], [26.97901, 37.70607], [27.06096, 37.70924], [27.05039, 37.76755]]], [[[27.30803, 36.88687], [27.27993, 36.91671], [27.23226, 36.89387], [27.17257, 36.89007], [27.0756, 36.85019], [26.99012, 36.76946], [26.9236, 36.76334], [26.91729, 36.71848], [27.01599, 36.764], [27.10187, 36.75627], [27.16725, 36.80569], [27.35577, 36.85946], [27.30803, 36.88687]]], [[[26.93212, 37.06499], [26.94587, 37.04062], [26.92447, 36.98607], [26.94024, 36.92632], [26.98663, 36.95138], [27.05043, 36.94476], [27.04566, 37.00071], [26.93212, 37.06499]]], [[[26.85024, 37.18532], [26.8092, 37.20306], [26.77414, 37.16531], [26.8542, 37.09592], [26.88247, 37.12765], [26.83617, 37.16125], [26.85024, 37.18532]]], [[[28.22835, 36.40542], [28.18928, 36.42212], [28.1179, 36.42005], [28.05335, 36.39898], [27.87874, 36.32255], [27.80509, 36.27045], [27.76781, 36.1885], [27.68441, 36.15604], [27.7103, 36.1135], [27.75676, 36.09928], [27.75509, 36.01329], [27.71859, 35.94021], [27.77689, 35.88711], [27.85753, 35.92895], [27.94558, 36.03988], [28.01423, 36.07373], [28.05437, 36.06735], [28.09953, 36.17678], [28.13676, 36.1841], [28.14725, 36.22692], [28.22648, 36.37252], [28.22835, 36.40542]]], [[[27.81608, 36.6221], [27.77278, 36.61163], [27.87601, 36.5482], [27.8719, 36.63187], [27.81608, 36.6221]]], [[[27.0075, 35.42594], [26.90431, 35.42285], [26.84527, 35.36338], [26.88174, 35.34219], [27.0075, 35.42594]]], [[[27.22598, 35.79262], [27.166, 35.79753], [27.16662, 35.7366], [27.11734, 35.66832], [27.1212, 35.6451], [27.06126, 35.59655], [27.11315, 35.54571], [27.12011, 35.48638], [27.0898, 35.44399], [27.13337, 35.42632], [27.23697, 35.50495], [27.21744, 35.5488], [27.15084, 35.61693], [27.19201, 35.68375], [27.22598, 35.79262]]], [[[27.61455, 36.24177], [27.52025, 36.23879], [27.52596, 36.21162], [27.60571, 36.21772], [27.61455, 36.24177]]], [[[27.18961, 36.55705], [27.214, 36.58512], [27.18794, 36.62012], [27.13373, 36.61332], [27.12279, 36.5741], [27.18961, 36.55705]]], [[[26.2787, 35.27395], [26.22474, 35.25019], [26.17135, 35.20312], [26.1358, 35.19626], [26.02604, 35.2298], [25.95331, 35.18407], [25.89636, 35.18774], [25.80432, 35.11055], [25.74049, 35.13301], [25.70967, 35.1757], [25.72693, 35.30328], [25.77196, 35.34152], [25.61969, 35.33834], [25.48754, 35.29663], [25.42559, 35.29545], [25.37492, 35.33992], [25.23483, 35.33086], [25.18474, 35.34562], [25.04714, 35.34434], [25.04518, 35.39482], [24.97359, 35.42365], [24.91842, 35.40387], [24.88563, 35.42274], [24.83557, 35.40625], [24.69956, 35.42741], [24.5351, 35.37289], [24.26547, 35.36114], [24.25817, 35.45542], [24.24128, 35.47336], [24.17489, 35.45256], [24.11886, 35.471], [24.2016, 35.53825], [24.17432, 35.5872], [24.12451, 35.60149], [24.06949, 35.58284], [24.04766, 35.52295], [23.99298, 35.51167], [23.84098, 35.52808], [23.77825, 35.54751], [23.76226, 35.64826], [23.70841, 35.65911], [23.70798, 35.60648], [23.72908, 35.54634], [23.71661, 35.50767], [23.65505, 35.49958], [23.56742, 35.52541], [23.55361, 35.46471], [23.5678, 35.42467], [23.53061, 35.38236], [23.51542, 35.30398], [23.57454, 35.24213], [23.63038, 35.2314], [23.81444, 35.24862], [23.92263, 35.22151], [23.97936, 35.23148], [24.01674, 35.20197], [24.15156, 35.19226], [24.20163, 35.2003], [24.28752, 35.17604], [24.39435, 35.19077], [24.45571, 35.15012], [24.51723, 35.14488], [24.55906, 35.10519], [24.72252, 35.09256], [24.74994, 35.06365], [24.74905, 34.94014], [24.80376, 34.9264], [24.83985, 34.9411], [24.91603, 34.92867], [25.09497, 34.93294], [25.13248, 34.95226], [25.19968, 34.94932], [25.3769, 34.99821], [25.50268, 34.98168], [25.5956, 35.00692], [25.68848, 35.01422], [25.79291, 34.99798], [25.9772, 35.03907], [26.026, 35.01349], [26.06852, 35.02215], [26.10954, 34.99601], [26.19392, 35.01488], [26.272, 35.08771], [26.2857, 35.1346], [26.26329, 35.26523], [26.2787, 35.27395]]]]}}, {"type": "Feature", "properties": {"nazev": "Rumunsko", "en": "România"}, "geometry": {"type": "Polygon", "coordinates": [[[28.12503, 46.84756], [28.09627, 46.97998], [27.79861, 47.13959], [27.78939, 47.20846], [27.72853, 47.29587], [27.63521, 47.30379], [27.5833, 47.40867], [27.57198, 47.46465], [27.53926, 47.48815], [27.47453, 47.48613], [27.40626, 47.58388], [27.3162, 47.64113], [27.27405, 47.68929], [27.26567, 47.71257], [27.25048, 47.71811], [27.25046, 47.72024], [27.25827, 47.72774], [27.28078, 47.7341], [27.29511, 47.74543], [27.29712, 47.74757], [27.29458, 47.75273], [27.268, 47.76659], [27.25031, 47.79297], [27.23329, 47.79821], [27.23124, 47.79987], [27.23096, 47.80458], [27.24241, 47.81164], [27.23987, 47.81574], [27.23624, 47.81663], [27.21975, 47.81532], [27.21652, 47.82093], [27.21961, 47.82719], [27.22523, 47.82981], [27.23389, 47.82423], [27.24831, 47.82887], [27.24942, 47.8307], [27.24802, 47.83496], [27.24369, 47.83752], [27.20804, 47.84903], [27.20014, 47.90224], [27.22141, 47.91716], [27.25141, 47.88134], [27.25362, 47.88374], [27.26025, 47.89753], [27.25315, 47.91171], [27.24525, 47.92247], [27.23844, 47.9202], [27.2168, 47.95198], [27.19242, 47.94084], [27.14038, 47.96729], [27.12685, 48.00976], [27.0325, 48.09061], [26.97391, 48.1619], [26.90295, 48.18226], [26.84776, 48.23511], [26.72178, 48.24726], [26.69738, 48.2655], [26.52506, 48.20837], [26.46843, 48.22071], [26.35179, 48.18504], [26.28986, 48.22682], [26.26638, 48.20916], [26.19633, 48.21696], [26.18501, 48.23131], [26.1274, 48.23603], [26.0703, 48.18635], [26.04452, 48.17665], [26.05279, 48.13353], [26.0755, 48.09207], [26.11059, 48.05813], [26.13497, 48.01826], [26.15642, 47.95916], [26.21603, 47.9231], [26.2375, 47.89886], [26.19989, 47.88162], [26.16824, 47.91902], [26.10876, 47.92465], [26.13008, 47.87162], [26.16576, 47.83009], [26.27629, 47.75715], [26.27153, 47.67507], [26.32503, 47.61592], [26.374, 47.59682], [26.41867, 47.6038], [26.50418, 47.55834], [26.44278, 47.54836], [26.34392, 47.55352], [26.31031, 47.57048], [26.28579, 47.50426], [26.25703, 47.52611], [26.22957, 47.56918], [26.20307, 47.57505], [26.14715, 47.55646], [26.11814, 47.51501], [26.16808, 47.46381], [26.14914, 47.45636], [26.08799, 47.48329], [26.03024, 47.47614], [25.89477, 47.46451], [25.82922, 47.42641], [25.85297, 47.38493], [25.82534, 47.32379], [25.72329, 47.3093], [25.6742, 47.34758], [25.67457, 47.38115], [25.62864, 47.389], [25.63916, 47.41976], [25.6033, 47.45618], [25.55389, 47.45758], [25.54273, 47.41504], [25.50215, 47.39188], [25.46085, 47.38085], [25.43291, 47.3459], [25.40225, 47.34291], [25.37415, 47.28918], [25.32441, 47.28922], [25.26864, 47.27935], [25.20407, 47.21297], [25.30169, 47.17425], [25.43148, 47.16755], [25.53298, 47.10635], [25.53729, 47.08463], [25.60829, 47.08178], [25.62539, 47.09514], [25.67869, 47.08997], [25.7346, 47.07435], [25.77086, 47.03563], [25.77079, 47.0177], [25.84039, 46.96289], [25.88331, 46.95805], [25.95687, 46.89612], [26.0204, 46.81378], [26.07771, 46.71437], [26.11311, 46.6987], [26.1467, 46.66212], [26.16429, 46.60441], [26.13016, 46.57084], [26.05531, 46.52934], [26.10873, 46.47674], [26.1151, 46.44985], [26.17655, 46.43227], [26.24003, 46.38504], [26.29315, 46.36742], [26.29451, 46.33184], [26.25482, 46.26713], [26.26332, 46.24792], [26.32282, 46.23742], [26.34172, 46.20939], [26.40313, 46.20905], [26.44892, 46.1753], [26.49304, 46.14658], [26.50975, 46.07107], [26.50361, 46.01442], [26.47165, 45.97244], [26.44531, 45.89134], [26.41864, 45.86727], [26.44469, 45.82021], [26.44317, 45.7404], [26.50234, 45.67134], [26.3497, 45.63774], [26.27879, 45.58819], [26.21487, 45.62197], [26.17214, 45.56282], [26.14034, 45.52395], [26.08349, 45.51212], [26.04436, 45.47871], [25.99467, 45.51379], [25.96854, 45.50769], [25.92371, 45.51626], [25.89455, 45.49296], [25.88484, 45.44773], [25.867, 45.42385], [25.82772, 45.42993], [25.81987, 45.45502], [25.78842, 45.4792], [25.76397, 45.46512], [25.70691, 45.47331], [25.67182, 45.5313], [25.62893, 45.49035], [25.60622, 45.51205], [25.56056, 45.51839], [25.50862, 45.50952], [25.50824, 45.47509], [25.454, 45.44037], [25.41157, 45.42388], [25.40351, 45.38672], [25.3383, 45.38324], [25.28622, 45.41663], [25.24926, 45.46395], [25.22943, 45.51553], [25.15102, 45.54225], [25.14712, 45.55888], [25.10374, 45.58549], [25.00541, 45.58511], [24.96787, 45.5931], [24.85437, 45.59066], [24.81153, 45.60948], [24.60617, 45.59862], [24.49635, 45.57792], [24.34074, 45.58282], [24.29202, 45.5712], [24.25775, 45.54347], [24.22746, 45.54592], [24.20592, 45.52389], [24.12196, 45.52259], [24.10412, 45.51147], [24.04596, 45.52009], [24.0106, 45.48827], [23.95273, 45.4753], [23.88872, 45.47648], [23.82692, 45.45987], [23.78469, 45.42952], [23.71225, 45.42542], [23.70732, 45.45175], [23.73038, 45.49075], [23.65609, 45.50736], [23.59149, 45.49137], [23.59962, 45.4679], [23.57596, 45.4269], [23.60241, 45.38643], [23.58602, 45.35481], [23.44513, 45.29699], [23.38245, 45.33005], [23.34775, 45.32945], [23.31258, 45.30063], [23.28749, 45.30647], [23.19009, 45.28328], [23.16342, 45.26936], [23.10771, 45.2884], [23.03428, 45.27212], [22.98473, 45.29365], [22.95867, 45.27133], [22.92671, 45.27771], [22.87058, 45.262], [22.82578, 45.28254], [22.73583, 45.25548], [22.6797, 45.2558], [22.66901, 45.23632], [22.58583, 45.19288], [22.55819, 45.1566], [22.57192, 45.14197], [22.65076, 45.12812], [22.66093, 45.11173], [22.58858, 45.04282], [22.56922, 45.03832], [22.52954, 44.99668], [22.44443, 44.81836], [22.39312, 44.77704], [22.41889, 44.72731], [22.47206, 44.71405], [22.56361, 44.64867], [22.5769, 44.63374], [22.6032, 44.62238], [22.63918, 44.6148], [22.67209, 44.61956], [22.68028, 44.61701], [22.71085, 44.60224], [22.76101, 44.5586], [22.75517, 44.53481], [22.70022, 44.5171], [22.69343, 44.51754], [22.62237, 44.55205], [22.56442, 44.53352], [22.56191, 44.5055], [22.54978, 44.48207], [22.52777, 44.47357], [22.47546, 44.48097], [22.46253, 44.47782], [22.46468, 44.44729], [22.5032, 44.41758], [22.5252, 44.33989], [22.5571, 44.31192], [22.57971, 44.30392], [22.67343, 44.2839], [22.68035, 44.27846], [22.68449, 44.24816], [22.67456, 44.23209], [22.67399, 44.21543], [22.69405, 44.20442], [22.73624, 44.20118], [22.80873, 44.15587], [22.92335, 44.10244], [23.03367, 44.083], [23.04536, 44.06089], [22.99731, 44.00923], [22.88292, 43.98429], [22.83834, 43.88599], [22.87902, 43.83314], [23.08779, 43.77748], [23.17133, 43.81537], [23.29257, 43.84824], [23.41609, 43.8518], [23.51678, 43.83427], [23.6045, 43.7933], [23.68104, 43.80279], [23.87565, 43.75235], [23.96855, 43.74404], [24.16637, 43.68404], [24.37516, 43.70967], [24.40751, 43.73591], [24.51995, 43.76337], [24.62755, 43.74083], [24.70191, 43.69522], [24.74674, 43.6853], [24.80524, 43.70987], [24.86205, 43.70558], [24.97518, 43.73076], [25.04431, 43.69732], [25.10727, 43.68531], [25.17339, 43.70206], [25.25046, 43.68218], [25.38644, 43.61914], [25.50947, 43.64689], [25.56109, 43.64144], [25.67808, 43.69065], [25.76234, 43.6989], [25.88371, 43.78231], [25.92576, 43.837], [26.04593, 43.90151], [26.10539, 43.96618], [26.19972, 43.98554], [26.29787, 44.02342], [26.52722, 44.05358], [26.59503, 44.05163], [26.6999, 44.07608], [26.77254, 44.08096], [26.91069, 44.13394], [27.04382, 44.14447], [27.13604, 44.13875], [27.23587, 44.11594], [27.29105, 44.07531], [27.35622, 44.05879], [27.39939, 44.01227], [27.46897, 44.02255], [27.61204, 44.01221], [27.67365, 44.02978], [27.71, 43.95932], [27.84354, 43.96634], [27.91683, 44.00827], [27.94431, 43.98478], [27.99426, 43.84296], [28.23614, 43.75852], [28.34851, 43.75219], [28.44557, 43.7338], [28.57886, 43.73874], [28.58195, 43.80288], [28.64488, 43.95902], [28.66904, 43.98704], [28.6464, 44.04732], [28.63491, 44.15907], [28.65725, 44.19902], [28.62334, 44.24984], [28.64711, 44.33369], [28.69717, 44.35873], [28.8393, 44.4881], [28.827, 44.5338], [28.7766, 44.5486], [28.7641, 44.6182], [28.7835, 44.7186], [28.8928, 44.7485], [28.9103, 44.8042], [28.9443, 44.8132], [28.858, 44.8856], [28.8631, 44.9585], [28.9637, 45.0138], [29.0911, 44.9862], [29.0895, 44.9492], [29.0345, 44.9203], [29.0431, 44.8519], [29.1467, 44.8194], [29.1238, 44.7835], [28.9739, 44.7399], [29.0073, 44.6887], [29.0789, 44.7445], [29.1437, 44.7726], [29.3309, 44.8093], [29.3768, 44.806], [29.5611, 44.8253], [29.6105, 44.8512], [29.6537, 45.0879], [29.6946, 45.1581], [29.68239, 45.2109], [29.65726, 45.33365], [29.59033, 45.39053], [29.44217, 45.43428], [29.24152, 45.4339], [29.17101, 45.39477], [29.04333, 45.36024], [28.95104, 45.31147], [28.80696, 45.31204], [28.75794, 45.27321], [28.78039, 45.23732], [28.71889, 45.22477], [28.56549, 45.24902], [28.34187, 45.327], [28.28351, 45.3974], [28.27576, 45.45057], [28.18899, 45.47333], [28.16612, 45.54589], [28.0883, 45.60769], [28.16664, 45.64015], [28.15901, 45.7398], [28.10926, 45.84163], [28.13185, 45.87703], [28.09142, 46.00548], [28.08931, 46.06889], [28.12213, 46.10482], [28.14192, 46.19147], [28.11141, 46.2307], [28.209, 46.3191], [28.1968, 46.35083], [28.25853, 46.42669], [28.21536, 46.53737], [28.25128, 46.61219], [28.23624, 46.67364], [28.17313, 46.75161], [28.17627, 46.78132], [28.115, 46.82255], [28.12503, 46.84756]]]}}, {"type": "Feature", "properties": {"nazev": "Srbsko", "en": "Srbija"}, "geometry": {"type": "Polygon", "coordinates": [[[22.21631, 42.49711], [22.23802, 42.56064], [22.27998, 42.61253], [22.31585, 42.61116], [22.38666, 42.69448], [22.35776, 42.78104], [22.37994, 42.80789], [22.51757, 42.86143], [22.52554, 42.91689], [22.55438, 42.94277], [22.55262, 43.00916], [22.60665, 43.03364], [22.67887, 43.01228], [22.72514, 43.0239], [22.80127, 43.12344], [22.86357, 43.13632], [22.9391, 43.20186], [22.84862, 43.27546], [22.82634, 43.33018], [22.76477, 43.37716], [22.67836, 43.39474], [22.66135, 43.4258], [22.59686, 43.43603], [22.53352, 43.47106], [22.48767, 43.56865], [22.489, 43.64297], [22.40873, 43.69099], [22.39527, 43.75925], [22.35718, 43.80948], [22.41136, 43.95474], [22.37844, 44.03931], [22.48815, 44.08625], [22.55707, 44.07239], [22.5805, 44.11634], [22.67399, 44.21543], [22.67456, 44.23209], [22.68449, 44.24816], [22.68035, 44.27846], [22.67343, 44.2839], [22.57971, 44.30392], [22.5571, 44.31192], [22.5252, 44.33989], [22.5032, 44.41758], [22.46468, 44.44729], [22.46253, 44.47782], [22.47546, 44.48097], [22.52777, 44.47357], [22.54978, 44.48207], [22.56191, 44.5055], [22.56442, 44.53352], [22.62237, 44.55205], [22.69343, 44.51754], [22.70022, 44.5171], [22.75517, 44.53481], [22.76101, 44.5586], [22.71085, 44.60224], [22.68028, 44.61701], [22.67209, 44.61956], [22.63918, 44.6148], [22.6032, 44.62238], [22.5769, 44.63374], [22.56361, 44.64867], [22.47206, 44.71405], [22.41889, 44.72731], [22.38793, 44.67885], [22.32034, 44.67312], [22.30146, 44.639], [22.22825, 44.55593], [22.18106, 44.47968], [22.12258, 44.47589], [22.07149, 44.52438], [22.03427, 44.55051], [22.02507, 44.59439], [21.99319, 44.63351], [21.84375, 44.65469], [21.77494, 44.6612], [21.7177, 44.65482], [21.6394, 44.65995], [21.61316, 44.68663], [21.60378, 44.74228], [21.58233, 44.76144], [21.50056, 44.77549], [21.40935, 44.77596], [21.36702, 44.82032], [21.20724, 44.7746], [21.14255, 44.73594], [21.06137, 44.71673], [20.9913, 44.7176], [20.92173, 44.67092], [20.83884, 44.65814], [20.77225, 44.65948], [20.71237, 44.68884], [20.67806, 44.73007], [20.63592, 44.75203], [20.62391, 44.77023], [20.63359, 44.79983], [20.5848, 44.84594], [20.47938, 44.82905], [20.44377, 44.80677], [20.36943, 44.78413], [20.30714, 44.73445], [20.30737, 44.68961], [20.27058, 44.66083], [20.22839, 44.67908], [20.16721, 44.67165], [20.16063, 44.70347], [20.13081, 44.715], [20.10222, 44.69657], [20.04588, 44.68512], [19.96615, 44.63006], [19.92554, 44.6369], [19.92972, 44.65746], [19.98278, 44.66811], [19.99643, 44.69225], [19.94087, 44.68843], [19.8759, 44.69722], [19.80508, 44.74658], [19.7377, 44.74975], [19.694, 44.77521], [19.69052, 44.81957], [19.72657, 44.88686], [19.62927, 44.94157], [19.52981, 44.97086], [19.44871, 44.95866], [19.40875, 44.95223], [19.38535, 44.91228], [19.35753, 44.89924], [19.35294, 44.88979], [19.33319, 44.81878], [19.29592, 44.78335], [19.3234, 44.76418], [19.30094, 44.7282], [19.30214, 44.68695], [19.23811, 44.62347], [19.189, 44.54646], [19.16843, 44.52472], [19.1301, 44.52202], [19.12233, 44.5014], [19.14002, 44.47131], [19.14671, 44.4133], [19.10776, 44.39606], [19.10358, 44.36857], [19.1301, 44.31884], [19.17646, 44.27968], [19.21672, 44.28763], [19.23966, 44.26128], [19.27968, 44.27677], [19.32697, 44.26905], [19.34623, 44.24014], [19.36105, 44.18311], [19.40836, 44.16974], [19.41959, 44.14266], [19.49319, 44.1159], [19.51063, 44.08124], [19.5589, 44.06991], [19.59904, 44.07059], [19.61922, 44.01269], [19.56235, 43.99825], [19.53601, 43.95546], [19.37692, 43.96145], [19.30428, 43.99722], [19.26892, 43.99962], [19.23642, 43.98622], [19.29424, 43.92119], [19.31575, 43.88297], [19.37549, 43.83438], [19.39317, 43.79817], [19.41993, 43.7961], [19.46342, 43.76436], [19.51708, 43.71179], [19.52698, 43.64966], [19.51066, 43.63121], [19.68727, 43.59583], [19.73254, 43.52302], [19.77807, 43.52833], [19.86442, 43.50613], [19.93925, 43.5265], [20.02926, 43.49892], [20.04985, 43.44094], [20.11701, 43.3347], [20.16934, 43.32227], [20.28273, 43.33179], [20.31046, 43.29218], [20.46496, 43.28773], [20.57823, 43.22028], [20.62044, 43.28457], [20.69685, 43.22129], [20.7272, 43.24925], [20.79105, 43.24519], [20.83126, 43.26401], [20.87595, 43.23035], [20.84199, 43.17322], [20.97351, 43.12588], [21.0548, 43.10856], [21.13749, 43.11289], [21.15563, 43.03083], [21.22715, 43.02037], [21.23413, 42.953], [21.27041, 42.91034], [21.34438, 42.90012], [21.42287, 42.84847], [21.3988, 42.74479], [21.4766, 42.74786], [21.5401, 42.72326], [21.59313, 42.7248], [21.66064, 42.66813], [21.70093, 42.69352], [21.75611, 42.68688], [21.82572, 42.64384], [21.84805, 42.59626], [21.77315, 42.55824], [21.79571, 42.51077], [21.90247, 42.41142], [22.00969, 42.40798], [22.06063, 42.47813], [22.17041, 42.44335], [22.21631, 42.49711]]]}}, {"type": "Feature", "properties": {"nazev": "Bulharsko", "en": "Balgarija"}, "geometry": {"type": "Polygon", "coordinates": [[[27.7566, 42.2455], [27.78176, 42.30638], [27.72946, 42.33756], [27.68916, 42.41753], [27.64538, 42.4498], [27.4685, 42.44311], [27.49359, 42.53257], [27.52891, 42.56003], [27.64093, 42.5653], [27.63081, 42.60467], [27.67666, 42.63566], [27.72029, 42.70195], [27.76162, 42.70878], [27.89907, 42.70024], [27.90081, 42.77186], [27.88261, 42.83841], [27.9068, 42.92956], [27.89002, 43.04213], [27.91271, 43.06191], [27.94532, 43.17199], [27.927, 43.20424], [28.00702, 43.22102], [28.09238, 43.37621], [28.30878, 43.41819], [28.47005, 43.38293], [28.5295, 43.42354], [28.58549, 43.49021], [28.60746, 43.53937], [28.5679, 43.60175], [28.56473, 43.69392], [28.57886, 43.73874], [28.44557, 43.7338], [28.34851, 43.75219], [28.23614, 43.75852], [27.99426, 43.84296], [27.94431, 43.98478], [27.91683, 44.00827], [27.84354, 43.96634], [27.71, 43.95932], [27.67365, 44.02978], [27.61204, 44.01221], [27.46897, 44.02255], [27.39939, 44.01227], [27.35622, 44.05879], [27.29105, 44.07531], [27.23587, 44.11594], [27.13604, 44.13875], [27.04382, 44.14447], [26.91069, 44.13394], [26.77254, 44.08096], [26.6999, 44.07608], [26.59503, 44.05163], [26.52722, 44.05358], [26.29787, 44.02342], [26.19972, 43.98554], [26.10539, 43.96618], [26.04593, 43.90151], [25.92576, 43.837], [25.88371, 43.78231], [25.76234, 43.6989], [25.67808, 43.69065], [25.56109, 43.64144], [25.50947, 43.64689], [25.38644, 43.61914], [25.25046, 43.68218], [25.17339, 43.70206], [25.10727, 43.68531], [25.04431, 43.69732], [24.97518, 43.73076], [24.86205, 43.70558], [24.80524, 43.70987], [24.74674, 43.6853], [24.70191, 43.69522], [24.62755, 43.74083], [24.51995, 43.76337], [24.40751, 43.73591], [24.37516, 43.70967], [24.16637, 43.68404], [23.96855, 43.74404], [23.87565, 43.75235], [23.68104, 43.80279], [23.6045, 43.7933], [23.51678, 43.83427], [23.41609, 43.8518], [23.29257, 43.84824], [23.17133, 43.81537], [23.08779, 43.77748], [22.87902, 43.83314], [22.83834, 43.88599], [22.88292, 43.98429], [22.99731, 44.00923], [23.04536, 44.06089], [23.03367, 44.083], [22.92335, 44.10244], [22.80873, 44.15587], [22.73624, 44.20118], [22.69405, 44.20442], [22.67399, 44.21543], [22.5805, 44.11634], [22.55707, 44.07239], [22.48815, 44.08625], [22.37844, 44.03931], [22.41136, 43.95474], [22.35718, 43.80948], [22.39527, 43.75925], [22.40873, 43.69099], [22.489, 43.64297], [22.48767, 43.56865], [22.53352, 43.47106], [22.59686, 43.43603], [22.66135, 43.4258], [22.67836, 43.39474], [22.76477, 43.37716], [22.82634, 43.33018], [22.84862, 43.27546], [22.9391, 43.20186], [22.86357, 43.13632], [22.80127, 43.12344], [22.72514, 43.0239], [22.67887, 43.01228], [22.60665, 43.03364], [22.55262, 43.00916], [22.55438, 42.94277], [22.52554, 42.91689], [22.51757, 42.86143], [22.37994, 42.80789], [22.35776, 42.78104], [22.38666, 42.69448], [22.31585, 42.61116], [22.27998, 42.61253], [22.23802, 42.56064], [22.21631, 42.49711], [22.31409, 42.42003], [22.29163, 42.35177], [22.37782, 42.30871], [22.46968, 42.20179], [22.50091, 42.19557], [22.52807, 42.14012], [22.67622, 42.06474], [22.82596, 42.02257], [22.8981, 42.03179], [22.93955, 42.09659], [22.97735, 42.06596], [23.11669, 42.05891], [23.19371, 42.09759], [23.30862, 42.08006], [23.4118, 42.0524], [23.48356, 42.09456], [23.57012, 42.08602], [23.60482, 42.16133], [23.65394, 42.17568], [23.70216, 42.15416], [23.7637, 42.15592], [23.79565, 42.12044], [23.79785, 42.052], [23.81885, 42.02541], [23.75767, 41.99013], [23.75511, 41.9293], [23.8382, 41.86065], [23.90742, 41.8699], [24.01626, 41.77586], [24.16175, 41.78156], [24.18536, 41.72082], [24.23923, 41.71073], [24.29091, 41.73145], [24.35446, 41.86065], [24.42248, 41.87194], [24.4302, 41.92866], [24.47672, 41.97866], [24.4995, 41.92927], [24.58278, 41.93926], [24.54443, 41.88259], [24.55561, 41.82916], [24.55598, 41.72021], [24.49937, 41.65529], [24.60058, 41.60135], [24.73152, 41.65377], [24.7559, 41.68835], [24.80767, 41.70573], [24.90354, 41.70982], [24.95901, 41.73179], [24.96577, 41.80357], [25.00366, 41.8378], [25.07598, 41.792], [25.14099, 41.83583], [25.14537, 41.87364], [25.2133, 41.86983], [25.28703, 41.83628], [25.35798, 41.82546], [25.33661, 41.79197], [25.56671, 41.80627], [25.60506, 41.7319], [25.64172, 41.69676], [25.60574, 41.6224], [25.71385, 41.61066], [25.76133, 41.65393], [25.85045, 41.63919], [25.90884, 41.66277], [25.9461, 41.7274], [26.03074, 41.71739], [26.15455, 41.80525], [26.18112, 41.84587], [26.19482, 41.91337], [26.16743, 41.98061], [26.20399, 42.01042], [26.25951, 41.99495], [26.30261, 42.00798], [26.35917, 41.97389], [26.36903, 41.90155], [26.39287, 41.89013], [26.56128, 41.92577], [26.64054, 41.97174], [26.74773, 41.9604], [26.78782, 41.98959], [26.8426, 41.96896], [26.87155, 41.99095], [26.95792, 41.99665], [27.02111, 42.0743], [27.07087, 42.09002], [27.15926, 42.06522], [27.29083, 42.11665], [27.26682, 42.1996], [27.314, 42.20484], [27.48281, 42.18766], [27.5517, 42.15183], [27.60498, 42.17315], [27.5932, 42.21962], [27.62963, 42.25511], [27.7566, 42.2455]]]}}, {"type": "Feature", "properties": {"nazev": "Andorra", "en": "Andorra"}, "geometry": {"type": "Polygon", "coordinates": [[[1.44781, 42.60381], [1.44074, 42.58803], [1.42841, 42.5878], [1.42729, 42.58336], [1.43314, 42.57558], [1.44478, 42.56676], [1.46927, 42.51074], [1.44342, 42.49519], [1.42587, 42.49347], [1.41922, 42.48425], [1.42141, 42.483], [1.4313, 42.4827], [1.4411, 42.47545], [1.44447, 42.44139], [1.51583, 42.4288], [1.56063, 42.45855], [1.64584, 42.46875], [1.66242, 42.4931], [1.7037, 42.48976], [1.71147, 42.49221], [1.72579, 42.50439], [1.72594, 42.51429], [1.72184, 42.51728], [1.73917, 42.55562], [1.75047, 42.56401], [1.76958, 42.56452], [1.78599, 42.5737], [1.78092, 42.58262], [1.76072, 42.58094], [1.72654, 42.58913], [1.7263, 42.60033], [1.73189, 42.60743], [1.73029, 42.61484], [1.71409, 42.61462], [1.68297, 42.62492], [1.601, 42.62562], [1.54924, 42.65579], [1.47875, 42.65167], [1.44781, 42.60381]]]}}, {"type": "Feature", "properties": {"nazev": "San Marino", "en": "San Marino"}, "geometry": {"type": "Polygon", "coordinates": [[[12.41082, 43.93729], [12.40852, 43.90359], [12.48636, 43.89711], [12.51594, 43.94094], [12.50693, 43.99118], [12.41082, 43.93729]]]}}, {"type": "Feature", "properties": {"nazev": "Malta", "en": "Malta"}, "geometry": {"type": "MultiPolygon", "coordinates": [[[[14.25072, 36.07873], [14.18468, 36.0742], [14.1862, 36.03639], [14.26352, 36.01348], [14.3205, 36.02592], [14.30992, 36.05924], [14.25072, 36.07873]]], [[[14.3531, 35.96655], [14.32885, 35.89635], [14.41652, 35.82831], [14.51682, 35.80646], [14.56088, 35.83631], [14.57086, 35.87257], [14.48138, 35.93637], [14.39705, 35.96795], [14.3531, 35.96655]]]]}}, {"type": "Feature", "properties": {"nazev": "Spojené království", "en": "United Kingdom of Great Britain and Ireland"}, "geometry": {"type": "MultiPolygon", "coordinates": [[[[-5.10111, 55.44334], [-5.07924, 55.46502], [-5.08345, 55.55073], [-5.14936, 55.57831], [-5.12904, 55.6121], [-5.1573, 55.67432], [-5.28586, 55.71913], [-5.37283, 55.67089], [-5.39582, 55.61112], [-5.34836, 55.56872], [-5.35468, 55.52613], [-5.31441, 55.46432], [-5.20044, 55.43359], [-5.10111, 55.44334]]], [[[-5.06738, 55.85923], [-5.16256, 55.92175], [-5.22142, 55.90117], [-5.13985, 55.82973], [-5.11988, 55.77244], [-5.00287, 55.77518], [-5.02438, 55.84281], [-5.06738, 55.85923]]], [[[-6.50804, 56.6175], [-6.45668, 56.6743], [-6.52437, 56.67599], [-6.61313, 56.63698], [-6.6097, 56.5805], [-6.50804, 56.6175]]], [[[-6.13189, 55.89445], [-6.19995, 55.92291], [-6.27995, 55.87563], [-6.33467, 55.88999], [-6.4546, 55.85137], [-6.45612, 55.77249], [-6.52445, 55.69289], [-6.47657, 55.6759], [-6.33328, 55.74208], [-6.26779, 55.68177], [-6.32819, 55.6247], [-6.33445, 55.58974], [-6.268, 55.57943], [-6.21687, 55.6302], [-6.14843, 55.6261], [-6.01987, 55.68413], [-6.04838, 55.76269], [-6.09111, 55.78844], [-6.13189, 55.89445]]], [[[-5.78231, 56.01356], [-5.68939, 56.10995], [-5.75763, 56.12155], [-5.95533, 56.0339], [-6.09316, 55.89097], [-6.08681, 55.83037], [-6.05618, 55.80299], [-5.96505, 55.79256], [-5.93658, 55.86714], [-5.88348, 55.89035], [-5.78231, 56.01356]]], [[[-6.14839, 56.10435], [-6.24571, 56.08458], [-6.21571, 56.02796], [-6.14839, 56.10435]]], [[[-6.92335, 56.5265], [-6.98804, 56.50374], [-6.98129, 56.45866], [-6.89058, 56.44664], [-6.87969, 56.51734], [-6.92335, 56.5265]]], [[[-6.11961, 56.65301], [-6.32386, 56.60445], [-6.28757, 56.52376], [-6.22646, 56.52828], [-6.10132, 56.47915], [-6.19457, 56.35834], [-6.23942, 56.31954], [-6.34111, 56.34695], [-6.36862, 56.30434], [-6.30955, 56.26866], [-6.24648, 56.28836], [-6.04588, 56.2928], [-5.98776, 56.32251], [-5.8377, 56.31062], [-5.70809, 56.36052], [-5.65324, 56.41529], [-5.71832, 56.48376], [-5.79709, 56.51411], [-5.96475, 56.52936], [-5.98703, 56.57755], [-6.06112, 56.63443], [-6.11961, 56.65301]]], [[[-2.96211, 58.833], [-3.01605, 58.79866], [-2.9604, 58.72962], [-2.90464, 58.83863], [-2.96211, 58.833]]], [[[-3.31983, 58.92628], [-3.41475, 58.91323], [-3.29562, 58.77697], [-3.1661, 58.82022], [-3.23176, 58.88758], [-3.31983, 58.92628]]], [[[-2.53508, 59.29193], [-2.61475, 59.28424], [-2.62349, 59.23723], [-2.5168, 59.24037], [-2.53508, 59.29193]]], [[[-2.95326, 59.32753], [-3.03908, 59.32776], [-2.98643, 59.26107], [-2.90092, 59.29991], [-2.95326, 59.32753]]], [[[-0.86786, 60.80597], [-0.95482, 60.79126], [-0.94425, 60.7577], [-0.9817, 60.6844], [-0.90317, 60.68294], [-0.79181, 60.73998], [-0.79237, 60.81445], [-0.86786, 60.80597]]], [[[-1.4462, 60.32225], [-1.69296, 60.2988], [-1.69198, 60.23505], [-1.61766, 60.20751], [-1.56194, 60.22496], [-1.50782, 60.16319], [-1.32599, 60.17119], [-1.26698, 60.13982], [-1.32175, 60.01432], [-1.34685, 59.99747], [-1.38412, 59.89061], [-1.31038, 59.87757], [-1.25434, 59.95419], [-1.27284, 59.98832], [-1.23342, 60.02825], [-1.19508, 60.11984], [-1.14867, 60.15077], [-1.1764, 60.22323], [-1.11461, 60.30299], [-1.10762, 60.39425], [-1.16712, 60.42037], [-1.14086, 60.46186], [-1.04148, 60.48947], [-0.98146, 60.6372], [-1.01421, 60.7282], [-1.12662, 60.72695], [-1.12839, 60.68333], [-1.18662, 60.63645], [-1.30819, 60.63784], [-1.49575, 60.54607], [-1.61349, 60.50736], [-1.47, 60.46091], [-1.47421, 60.37577], [-1.4462, 60.32225]]], [[[-3.15339, 59.13948], [-3.19822, 59.15431], [-3.31956, 59.13725], [-3.36785, 58.99817], [-3.32818, 58.95288], [-3.25343, 58.97676], [-3.20386, 58.91271], [-2.97315, 58.94038], [-2.91665, 58.89211], [-2.82085, 58.88705], [-2.7132, 58.91909], [-2.71545, 58.97316], [-2.80279, 58.96862], [-2.93061, 59.01612], [-2.9571, 58.98555], [-3.05941, 59.02385], [-3.00007, 59.06546], [-3.04961, 59.111], [-3.15339, 59.13948]]], [[[-3.05714, 59.19545], [-3.12094, 59.17398], [-3.04046, 59.12586], [-2.96589, 59.13448], [-2.99367, 59.17867], [-3.05714, 59.19545]]], [[[-6.75242, 58.00469], [-6.65027, 57.91761], [-6.5724, 57.90943], [-6.4668, 57.94157], [-6.45572, 57.99382], [-6.38659, 58.00092], [-6.35811, 58.03892], [-6.39036, 58.1087], [-6.36782, 58.13693], [-6.39314, 58.20005], [-6.31771, 58.26673], [-6.18104, 58.34762], [-6.21296, 58.37008], [-6.16821, 58.41756], [-6.18428, 58.47032], [-6.27335, 58.5003], [-6.51929, 58.3972], [-6.54629, 58.36604], [-6.70228, 58.33735], [-6.828, 58.28448], [-6.79021, 58.23694], [-6.89192, 58.24463], [-7.04931, 58.23259], [-7.13207, 58.11816], [-7.09987, 58.06943], [-7.03871, 58.03373], [-7.09236, 58.00062], [-7.07498, 57.96578], [-6.94508, 57.95052], [-6.92038, 57.91097], [-7.02354, 57.83538], [-7.12489, 57.82071], [-6.98558, 57.74045], [-6.87246, 57.77473], [-6.84605, 57.80315], [-6.73689, 57.82667], [-6.78004, 57.87008], [-6.66949, 57.87997], [-6.67366, 57.92151], [-6.75242, 58.00469]]], [[[-6.25284, 57.02868], [-6.3284, 57.05856], [-6.39615, 57.0425], [-6.45371, 57.00305], [-6.31207, 56.93494], [-6.2511, 56.97102], [-6.25284, 57.02868]]], [[[1.64981, 52.57941], [1.65822, 52.6039], [1.7442, 52.62808], [1.70104, 52.71832], [1.60484, 52.78987], [1.43756, 52.87918], [1.29623, 52.93386], [1.03467, 52.96822], [0.85248, 52.95732], [0.77358, 52.9788], [0.56326, 52.97], [0.48949, 52.94704], [0.44498, 52.84385], [0.37081, 52.80221], [0.21496, 52.82294], [0.17064, 52.87581], [0.05812, 52.90136], [0.08669, 52.95385], [0.15635, 53.01267], [0.34291, 53.10338], [0.35494, 53.19283], [0.3158, 53.27736], [0.16784, 53.47079], [0.03838, 53.51386], [-0.03384, 53.56736], [-0.11144, 53.59006], [-0.20437, 53.63794], [0.07529, 53.64215], [0.11419, 53.66541], [-0.02579, 53.7807], [-0.15128, 53.8981], [-0.2049, 53.99074], [-0.21342, 54.05222], [-0.16572, 54.09932], [-0.08308, 54.12254], [-0.27281, 54.18241], [-0.2746, 54.21889], [-0.36495, 54.24588], [-0.47168, 54.39708], [-0.59331, 54.48791], [-0.66518, 54.50066], [-0.77449, 54.55745], [-0.98434, 54.58936], [-1.1648, 54.64768], [-1.18769, 54.702], [-1.24289, 54.72234], [-1.30967, 54.78205], [-1.36755, 54.93313], [-1.36076, 54.97139], [-1.42404, 55.00812], [-1.52576, 55.16231], [-1.49911, 55.18553], [-1.5705, 55.29088], [-1.5495, 55.32188], [-1.61251, 55.38501], [-1.58041, 55.40686], [-1.59302, 55.48986], [-1.6276, 55.55402], [-1.69242, 55.6064], [-1.79023, 55.6469], [-1.84684, 55.64682], [-1.88422, 55.69457], [-1.96086, 55.73334], [-1.99487, 55.77978], [-2.1291, 55.90871], [-2.21776, 55.93225], [-2.33256, 55.93172], [-2.51713, 56.00557], [-2.59191, 56.00856], [-2.62371, 56.05144], [-2.81395, 56.06303], [-2.92418, 55.97372], [-3.094, 55.94969], [-3.15613, 55.98174], [-3.31771, 55.98254], [-3.50249, 55.99823], [-3.67697, 56.04684], [-3.57289, 56.05755], [-3.40772, 56.01597], [-3.29488, 56.05242], [-3.17416, 56.06379], [-3.14637, 56.1176], [-3.08267, 56.14041], [-2.96416, 56.20829], [-2.80958, 56.18649], [-2.68358, 56.22417], [-2.58478, 56.27913], [-2.66008, 56.31927], [-2.7763, 56.33378], [-2.81152, 56.37881], [-2.80148, 56.43928], [-2.92148, 56.45194], [-2.9927, 56.42074], [-3.17813, 56.37249], [-3.13999, 56.42351], [-3.0515, 56.45903], [-2.99236, 56.45094], [-2.86836, 56.463], [-2.71817, 56.4937], [-2.60942, 56.549], [-2.53934, 56.56651], [-2.47958, 56.62552], [-2.40687, 56.77101], [-2.32577, 56.79613], [-2.23285, 56.86474], [-2.16071, 57.01817], [-2.09364, 57.06836], [-2.04936, 57.12903], [-2.07932, 57.16108], [-2.03974, 57.2503], [-1.97473, 57.32289], [-1.83584, 57.41126], [-1.77512, 57.47479], [-1.82689, 57.58067], [-1.82173, 57.60805], [-1.94228, 57.68048], [-2.11758, 57.70056], [-2.18555, 57.67128], [-2.32597, 57.68726], [-2.34647, 57.66978], [-2.51385, 57.66549], [-2.59947, 57.68167], [-2.74151, 57.68324], [-2.86541, 57.70421], [-3.03752, 57.66483], [-3.34062, 57.72468], [-3.48111, 57.70291], [-3.53463, 57.66283], [-3.68977, 57.65735], [-3.86715, 57.58963], [-3.98381, 57.5952], [-4.18029, 57.48496], [-4.2443, 57.49498], [-4.37662, 57.47917], [-4.4028, 57.50689], [-4.23466, 57.50108], [-4.17443, 57.56324], [-4.01169, 57.66216], [-4.0269, 57.67926], [-4.16192, 57.65681], [-4.24659, 57.66521], [-4.38674, 57.59076], [-4.41153, 57.6072], [-4.29925, 57.67595], [-4.16426, 57.68656], [-4.08836, 57.72714], [-4.03536, 57.69457], [-3.97522, 57.69446], [-3.87175, 57.77671], [-3.85725, 57.82507], [-3.96495, 57.84537], [-4.04915, 57.81493], [-4.11502, 57.85302], [-4.03618, 57.86842], [-3.99243, 57.90361], [-4.0131, 57.94731], [-3.97563, 57.97261], [-3.84249, 58.01131], [-3.80489, 58.05735], [-3.74695, 58.06822], [-3.50857, 58.17249], [-3.36478, 58.27536], [-3.22112, 58.30542], [-3.10894, 58.37079], [-3.05079, 58.45069], [-3.13482, 58.50064], [-3.04495, 58.5963], [-3.02571, 58.64275], [-3.15507, 58.63653], [-3.19634, 58.65448], [-3.41202, 58.63863], [-3.3749, 58.59314], [-3.53692, 58.62221], [-3.66565, 58.618], [-3.74998, 58.57924], [-3.86489, 58.56316], [-3.93319, 58.57338], [-4.0699, 58.55685], [-4.11609, 58.56949], [-4.2099, 58.53236], [-4.30259, 58.5432], [-4.40946, 58.5213], [-4.51572, 58.57803], [-4.5987, 58.56964], [-4.59334, 58.53668], [-4.79688, 58.57644], [-4.87595, 58.61333], [-5.01373, 58.61521], [-5.05154, 58.54116], [-5.12503, 58.4903], [-5.07733, 58.44906], [-5.1462, 58.41018], [-5.17981, 58.35082], [-5.10441, 58.26434], [-5.20348, 58.24689], [-5.33842, 58.24983], [-5.40341, 58.23587], [-5.30525, 58.17636], [-5.27145, 58.0983], [-5.30063, 58.0653], [-5.45771, 58.07523], [-5.41908, 58.03443], [-5.35704, 58.0264], [-5.30212, 57.97832], [-5.17738, 57.9415], [-5.2165, 57.92181], [-5.42182, 57.90638], [-5.45281, 57.85269], [-5.53638, 57.86584], [-5.55429, 57.90831], [-5.61261, 57.92447], [-5.6561, 57.8789], [-5.58282, 57.83638], [-5.66921, 57.7986], [-5.70096, 57.86962], [-5.80973, 57.86025], [-5.81288, 57.7503], [-5.78943, 57.6958], [-5.81601, 57.64996], [-5.68663, 57.5772], [-5.65315, 57.53452], [-5.84159, 57.57652], [-5.87281, 57.47325], [-5.81759, 57.44311], [-5.82719, 57.38663], [-5.78531, 57.3469], [-5.64211, 57.39221], [-5.60469, 57.35535], [-5.6851, 57.34106], [-5.72575, 57.27972], [-5.64303, 57.28574], [-5.62503, 57.21245], [-5.69202, 57.17147], [-5.63701, 57.12372], [-5.72073, 57.11793], [-5.79626, 57.05987], [-5.80943, 57.01277], [-5.88501, 56.92205], [-5.90055, 56.87591], [-5.737, 56.89573], [-5.7888, 56.8359], [-5.80039, 56.79069], [-5.91757, 56.7527], [-5.98421, 56.76839], [-6.17566, 56.75367], [-6.2184, 56.70295], [-6.02243, 56.68173], [-6.00508, 56.62559], [-5.93551, 56.5675], [-5.76725, 56.53208], [-5.68542, 56.49762], [-5.5606, 56.54455], [-5.43343, 56.6431], [-5.39397, 56.65255], [-5.25623, 56.73192], [-5.24747, 56.67219], [-5.3617, 56.60381], [-5.41886, 56.5476], [-5.42741, 56.49942], [-5.39324, 56.45715], [-5.46215, 56.44721], [-5.5784, 56.33038], [-5.56235, 56.26043], [-5.50543, 56.18373], [-5.708, 55.96418], [-5.66344, 55.84681], [-5.66475, 55.79904], [-5.57134, 55.76626], [-5.61929, 55.71099], [-5.67668, 55.68231], [-5.67391, 55.63249], [-5.7153, 55.57902], [-5.72096, 55.43288], [-5.7926, 55.39502], [-5.79874, 55.2992], [-5.60582, 55.30685], [-5.51897, 55.36854], [-5.56001, 55.43515], [-5.4978, 55.52911], [-5.4505, 55.70911], [-5.39436, 55.7506], [-5.32776, 55.76375], [-5.33969, 55.82681], [-5.39834, 55.86557], [-5.44524, 55.95814], [-5.45093, 56.00761], [-5.38479, 56.00367], [-5.33908, 56.03137], [-5.24576, 56.12313], [-5.11818, 56.17137], [-5.07081, 56.23594], [-5.03033, 56.22465], [-5.10177, 56.15654], [-5.20295, 56.12853], [-5.3468, 55.97443], [-5.3481, 55.89851], [-5.30996, 55.86969], [-5.20122, 55.83266], [-5.23961, 55.9024], [-5.18506, 55.93993], [-5.04368, 55.87042], [-4.98156, 55.86155], [-4.89664, 55.98399], [-4.69987, 55.99192], [-4.67828, 55.9353], [-4.81959, 55.96228], [-4.87885, 55.94239], [-4.88819, 55.82036], [-4.85538, 55.77508], [-4.9056, 55.70048], [-4.81533, 55.64712], [-4.69572, 55.60675], [-4.62002, 55.49307], [-4.65252, 55.4396], [-4.76861, 55.39936], [-4.77369, 55.35915], [-4.84278, 55.32565], [-4.83432, 55.2933], [-4.86946, 55.21922], [-4.9832, 55.14834], [-5.06021, 55.02856], [-5.16087, 55.00704], [-5.18611, 54.91752], [-5.1049, 54.83049], [-5.00057, 54.77273], [-4.93894, 54.82999], [-4.8503, 54.86258], [-4.70901, 54.82428], [-4.58688, 54.76735], [-4.57097, 54.73703], [-4.41067, 54.68001], [-4.36673, 54.73004], [-4.35419, 54.8138], [-4.41248, 54.82811], [-4.43026, 54.88295], [-4.20931, 54.81427], [-4.15933, 54.78043], [-3.96646, 54.77088], [-3.82561, 54.82615], [-3.71845, 54.88082], [-3.60985, 54.87431], [-3.58727, 54.93015], [-3.52682, 54.96606], [-3.32757, 54.97969], [-3.2855, 54.94163], [-3.30347, 54.90924], [-3.39897, 54.86915], [-3.43815, 54.80186], [-3.4361, 54.76076], [-3.51024, 54.7177], [-3.57627, 54.64675], [-3.58075, 54.57199], [-3.62057, 54.49142], [-3.48851, 54.39736], [-3.42523, 54.32878], [-3.42175, 54.28447], [-3.32714, 54.19344], [-3.2543, 54.1917], [-3.24539, 54.11867], [-3.16511, 54.08329], [-3.10601, 54.11918], [-3.03506, 54.19657], [-2.96579, 54.15029], [-2.90319, 54.19548], [-2.81815, 54.12191], [-2.92471, 54.03142], [-2.86512, 53.96344], [-3.04887, 53.92121], [-3.05823, 53.77034], [-3.0187, 53.73956], [-2.94636, 53.73362], [-2.95632, 53.69846], [-3.03144, 53.6477], [-3.09967, 53.57145], [-2.97891, 53.38125], [-2.81619, 53.30685], [-2.87646, 53.29069], [-2.92889, 53.30831], [-3.00282, 53.37477], [-3.04062, 53.44294], [-3.17722, 53.39996], [-3.18658, 53.36449], [-3.09582, 53.30496], [-3.12155, 53.24883], [-3.20363, 53.29454], [-3.36378, 53.35203], [-3.60953, 53.29055], [-3.70807, 53.29386], [-3.78837, 53.32523], [-3.84749, 53.29674], [-4.0796, 53.23015], [-4.12297, 53.23723], [-4.1635, 53.21889], [-4.19432, 53.21303], [-4.20857, 53.18738], [-4.24412, 53.17047], [-4.33708, 53.0849], [-4.35452, 53.03306], [-4.43731, 52.9985], [-4.522, 52.93955], [-4.61866, 52.9219], [-4.72587, 52.8537], [-4.72148, 52.80281], [-4.64493, 52.79978], [-4.61175, 52.8245], [-4.5165, 52.7918], [-4.46537, 52.86793], [-4.38852, 52.89578], [-4.21829, 52.91893], [-4.15183, 52.90652], [-4.11951, 52.8481], [-4.15275, 52.81329], [-4.0588, 52.72018], [-4.12913, 52.61246], [-4.0701, 52.54294], [-4.05251, 52.48073], [-4.12799, 52.33893], [-4.20803, 52.26374], [-4.32533, 52.21364], [-4.37775, 52.21509], [-4.49722, 52.1443], [-4.57372, 52.14341], [-4.73111, 52.11755], [-4.83468, 52.02215], [-5.06072, 52.03097], [-5.08587, 51.96853], [-5.19575, 51.94995], [-5.30585, 51.90836], [-5.32, 51.86499], [-5.21112, 51.86953], [-5.12897, 51.85845], [-5.10339, 51.81004], [-5.21529, 51.72369], [-5.04046, 51.70851], [-5.05955, 51.62058], [-4.9491, 51.59766], [-4.86148, 51.64711], [-4.78747, 51.63817], [-4.70211, 51.66856], [-4.68689, 51.72246], [-4.55969, 51.74199], [-4.42048, 51.74252], [-4.31404, 51.67333], [-4.24351, 51.6488], [-4.3065, 51.60838], [-4.29175, 51.56308], [-4.21371, 51.53747], [-4.11104, 51.57363], [-4.00997, 51.56811], [-3.97227, 51.6087], [-3.85119, 51.61447], [-3.78043, 51.56093], [-3.71163, 51.47589], [-3.66702, 51.48071], [-3.5593, 51.40134], [-3.40555, 51.38139], [-3.26798, 51.38747], [-3.1699, 51.40626], [-3.12612, 51.4889], [-3.00811, 51.52923], [-2.90539, 51.53241], [-2.75869, 51.57799], [-2.66417, 51.5731], [-2.72136, 51.50159], [-2.79969, 51.4854], [-2.9139, 51.39622], [-2.95712, 51.3921], [-3.01179, 51.3099], [-3.00309, 51.22194], [-3.07667, 51.20138], [-3.12611, 51.21121], [-3.27729, 51.1796], [-3.41197, 51.18387], [-3.49724, 51.22399], [-3.64129, 51.22292], [-3.77013, 51.23767], [-4.20428, 51.19811], [-4.22417, 51.14426], [-4.21624, 51.07614], [-4.30799, 50.99542], [-4.37823, 50.99094], [-4.51387, 51.02246], [-4.5649, 50.91499], [-4.55789, 50.79372], [-4.64022, 50.74572], [-4.65566, 50.71538], [-4.76615, 50.65967], [-4.78878, 50.60249], [-4.85009, 50.59873], [-5.0189, 50.54492], [-5.05519, 50.42593], [-5.14574, 50.40528], [-5.15621, 50.34751], [-5.24311, 50.28736], [-5.34135, 50.23823], [-5.39341, 50.23605], [-5.43744, 50.19346], [-5.53923, 50.21619], [-5.6254, 50.17083], [-5.67149, 50.16664], [-5.71027, 50.12757], [-5.67336, 50.03468], [-5.55408, 50.06047], [-5.52858, 50.12504], [-5.33544, 50.0914], [-5.25652, 50.02285], [-5.24497, 49.97528], [-5.20388, 49.95908], [-5.15723, 50.00762], [-5.10162, 50.00437], [-5.06953, 50.03498], [-5.07543, 50.08161], [-5.11781, 50.09602], [-5.04631, 50.1696], [-5.01028, 50.13916], [-4.95809, 50.20221], [-4.78087, 50.24904], [-4.75322, 50.33215], [-4.53793, 50.32409], [-4.4351, 50.36069], [-4.30765, 50.36113], [-4.20109, 50.33237], [-4.1644, 50.35898], [-4.11037, 50.31466], [-4.034, 50.2933], [-3.99204, 50.30751], [-3.91027, 50.2943], [-3.86112, 50.23507], [-3.71729, 50.20562], [-3.65923, 50.24231], [-3.61073, 50.31924], [-3.54285, 50.3357], [-3.4826, 50.39911], [-3.55411, 50.40785], [-3.51211, 50.47994], [-3.50272, 50.53264], [-3.44354, 50.5921], [-3.30362, 50.62999], [-3.26695, 50.66987], [-3.0964, 50.68534], [-3.05965, 50.70632], [-2.98174, 50.70523], [-2.89473, 50.73276], [-2.73996, 50.70273], [-2.65281, 50.67002], [-2.47158, 50.58465], [-2.4205, 50.63646], [-2.11268, 50.59884], [-1.96037, 50.59114], [-1.95197, 50.65755], [-2.04005, 50.70716], [-1.9923, 50.73326], [-1.9335, 50.69805], [-1.80917, 50.72069], [-1.74909, 50.71205], [-1.69271, 50.73736], [-1.56941, 50.71524], [-1.51583, 50.75351], [-1.34218, 50.78595], [-1.3119, 50.81346], [-1.13647, 50.77455], [-1.03045, 50.78736], [-1.02109, 50.8428], [-0.89508, 50.83858], [-0.90672, 50.77457], [-0.78563, 50.7229], [-0.76596, 50.75792], [-0.69375, 50.77913], [-0.53809, 50.80233], [-0.38838, 50.80668], [-0.21605, 50.82755], [0.06682, 50.78248], [0.24319, 50.73497], [0.36133, 50.81515], [0.41245, 50.83018], [0.59211, 50.8535], [0.66965, 50.87349], [0.77195, 50.93314], [0.94975, 50.91129], [0.97717, 51.00261], [1.0414, 51.05142], [1.18814, 51.07681], [1.38242, 51.14428], [1.40565, 51.17435], [1.40278, 51.23873], [1.36188, 51.3196], [1.42041, 51.32904], [1.44066, 51.38749], [1.19954, 51.37985], [1.02567, 51.36384], [0.89689, 51.34146], [0.76703, 51.36258], [0.76349, 51.38362], [0.72691, 51.39892], [0.7137, 51.38396], [0.67496, 51.3758], [0.64832, 51.39758], [0.62648, 51.37488], [0.60727, 51.41661], [0.70086, 51.47247], [0.5859, 51.48445], [0.51139, 51.52954], [0.64319, 51.54109], [0.78547, 51.52145], [0.8486, 51.5513], [0.79588, 51.58353], [0.9373, 51.63623], [0.95083, 51.72261], [0.90328, 51.77407], [1.03289, 51.8006], [1.11274, 51.77296], [1.22056, 51.81026], [1.22996, 51.90455], [1.37026, 51.96466], [1.47228, 52.04958], [1.58452, 52.09188], [1.62258, 52.18678], [1.6304, 52.26715], [1.72901, 52.39843], [1.75001, 52.47272], [1.68151, 52.47434], [1.60868, 52.54057], [1.64981, 52.57941]]], [[[-7.42721, 57.01842], [-7.50771, 57.00466], [-7.53915, 56.94864], [-7.45535, 56.94477], [-7.37915, 56.98947], [-7.42721, 57.01842]]], [[[-6.32337, 57.70061], [-6.42775, 57.64232], [-6.36237, 57.58496], [-6.40618, 57.52219], [-6.50337, 57.53335], [-6.63707, 57.50391], [-6.5953, 57.45354], [-6.62462, 57.43466], [-6.71558, 57.51269], [-6.74794, 57.49933], [-6.7447, 57.41912], [-6.71767, 57.37111], [-6.57615, 57.33248], [-6.57119, 57.38567], [-6.48772, 57.38727], [-6.45471, 57.34118], [-6.48049, 57.31036], [-6.42148, 57.24041], [-6.31186, 57.15974], [-6.16598, 57.19231], [-5.92036, 57.1613], [-6.00553, 57.11491], [-6.03835, 57.05504], [-5.99914, 57.0228], [-5.92388, 57.04312], [-5.79761, 57.16014], [-5.6713, 57.20957], [-5.66448, 57.26435], [-5.74028, 57.27493], [-5.85198, 57.25316], [-5.99517, 57.27008], [-6.10628, 57.33444], [-6.15857, 57.40587], [-6.13748, 57.47284], [-6.15165, 57.58721], [-6.26259, 57.68032], [-6.32337, 57.70061]]], [[[-5.98443, 57.48056], [-6.05141, 57.46134], [-6.08522, 57.42086], [-6.08316, 57.35106], [-5.99482, 57.35561], [-6.03306, 57.43262], [-5.98443, 57.48056]]], [[[-7.30207, 57.67077], [-7.48109, 57.6633], [-7.51747, 57.61178], [-7.38362, 57.52493], [-7.37194, 57.48855], [-7.4124, 57.45224], [-7.37717, 57.40297], [-7.42722, 57.39102], [-7.39828, 57.33041], [-7.43932, 57.23677], [-7.39725, 57.11349], [-7.2801, 57.10826], [-7.23851, 57.1241], [-7.26885, 57.22454], [-7.19195, 57.29979], [-7.27042, 57.32408], [-7.24006, 57.39299], [-7.19836, 57.41363], [-7.1823, 57.46881], [-7.09967, 57.60836], [-7.06344, 57.64269], [-7.19017, 57.69313], [-7.30207, 57.67077]]], [[[-1.29362, 50.70219], [-1.30016, 50.76616], [-1.4701, 50.70968], [-1.48524, 50.66698], [-1.38942, 50.62681], [-1.3061, 50.57706], [-1.18067, 50.59972], [-1.16798, 50.64173], [-1.09734, 50.66835], [-1.10931, 50.72117], [-1.21711, 50.73481], [-1.27286, 50.7658], [-1.29362, 50.70219]]], [[[0.95118, 51.37332], [0.90314, 51.41599], [0.7457, 51.44066], [0.73955, 51.39928], [0.76717, 51.38388], [0.78283, 51.36901], [0.89732, 51.35433], [0.95118, 51.37332]]], [[[-4.34567, 53.13053], [-4.21509, 53.19317], [-4.2031, 53.21577], [-4.1647, 53.22124], [-4.0862, 53.26537], [-4.04178, 53.31212], [-4.12009, 53.31921], [-4.20307, 53.29563], [-4.23118, 53.35802], [-4.28371, 53.41092], [-4.43565, 53.42818], [-4.56303, 53.40727], [-4.56348, 53.29953], [-4.65083, 53.32096], [-4.61029, 53.24483], [-4.556, 53.2497], [-4.41246, 53.14396], [-4.34567, 53.13053]]], [[[-4.7803, 54.0724], [-4.7219, 54.0893], [-4.6454, 54.0818], [-4.5551, 54.1005], [-4.3867, 54.2001], [-4.4023, 54.2249], [-4.3135, 54.2982], [-4.3881, 54.3444], [-4.3627, 54.4185], [-4.5258, 54.3739], [-4.6071, 54.2719], [-4.7121, 54.2141], [-4.74, 54.1114], [-4.7803, 54.0724]]], [[[1.64981, 52.57941], [1.63171, 52.52058], [1.68238, 52.47717], [1.75837, 52.47252], [1.72555, 52.60199], [1.64981, 52.57941]]], [[[-10.10073, 54.00112], [-10.18838, 54.01561], [-10.21235, 53.96564], [-10.08662, 53.97191], [-10.05626, 53.9234], [-9.94273, 53.90896], [-9.92183, 53.96014], [-9.96808, 54.02669], [-10.10073, 54.00112]]], [[[-6.1407, 52.73434], [-6.13873, 52.80207], [-6.06424, 52.85569], [-5.99847, 52.96679], [-6.04102, 52.98148], [-6.04192, 53.12049], [-6.10289, 53.20866], [-6.11408, 53.28939], [-6.21064, 53.33278], [-6.12402, 53.39577], [-6.13726, 53.45082], [-6.08002, 53.5532], [-6.21225, 53.63457], [-6.25439, 53.7308], [-6.23736, 53.78445], [-6.25116, 53.84882], [-6.33059, 53.8758], [-6.37626, 53.92092], [-6.34223, 54.00425], [-6.16473, 53.97678], [-5.89672, 54.10493], [-5.87147, 54.16698], [-5.88965, 54.21049], [-5.82311, 54.24391], [-5.69349, 54.25136], [-5.66101, 54.22572], [-5.55935, 54.28797], [-5.55059, 54.36919], [-5.6413, 54.40038], [-5.64508, 54.48595], [-5.69683, 54.54691], [-5.67153, 54.57911], [-5.55659, 54.52719], [-5.53427, 54.43418], [-5.57363, 54.3928], [-5.49969, 54.33805], [-5.46161, 54.38378], [-5.47905, 54.42484], [-5.43871, 54.45634], [-5.53615, 54.64305], [-5.58438, 54.67789], [-5.79815, 54.66157], [-5.85534, 54.63376], [-5.91293, 54.64804], [-5.84154, 54.70439], [-5.74595, 54.72738], [-5.69071, 54.76946], [-5.72541, 54.84814], [-5.78924, 54.84449], [-5.87802, 54.90766], [-5.92695, 54.96728], [-5.99263, 54.98926], [-5.96285, 55.04843], [-6.04292, 55.05347], [-6.05505, 55.08423], [-6.03367, 55.16974], [-6.13973, 55.22702], [-6.23812, 55.20492], [-6.36745, 55.24641], [-6.48338, 55.25204], [-6.54923, 55.21639], [-6.70743, 55.19323], [-6.72471, 55.17338], [-6.84577, 55.16691], [-6.96033, 55.1787], [-6.99021, 55.11122], [-7.0414, 55.0533], [-7.14907, 55.04338], [-7.25691, 55.06724], [-7.15964, 55.14884], [-6.95396, 55.20931], [-6.923, 55.23683], [-7.04114, 55.27485], [-7.15701, 55.2971], [-7.19769, 55.34759], [-7.33162, 55.36829], [-7.38093, 55.29401], [-7.5089, 55.27163], [-7.54971, 55.20184], [-7.45743, 55.12339], [-7.55854, 55.03574], [-7.59554, 55.06376], [-7.53141, 55.09514], [-7.52215, 55.13589], [-7.61444, 55.19156], [-7.62722, 55.26758], [-7.74076, 55.24892], [-7.87456, 55.20573], [-8.01745, 55.21381], [-8.01701, 55.181], [-8.16747, 55.14778], [-8.29282, 55.15246], [-8.34916, 55.06356], [-8.45105, 55.00636], [-8.38129, 54.93944], [-8.38576, 54.85682], [-8.44808, 54.83865], [-8.55417, 54.83353], [-8.48519, 54.79177], [-8.53498, 54.76451], [-8.66113, 54.76815], [-8.79417, 54.7062], [-8.79138, 54.66026], [-8.69378, 54.64252], [-8.68031, 54.61993], [-8.5871, 54.60618], [-8.48939, 54.63531], [-8.17873, 54.64059], [-8.10996, 54.61118], [-8.21047, 54.57159], [-8.21091, 54.54874], [-8.28327, 54.47777], [-8.43987, 54.45432], [-8.4986, 54.41492], [-8.68126, 54.3567], [-8.65001, 54.33395], [-8.55492, 54.3419], [-8.58536, 54.27652], [-8.57654, 54.21655], [-8.68354, 54.27335], [-8.77385, 54.27681], [-8.82562, 54.25284], [-8.94412, 54.29288], [-9.05501, 54.29399], [-9.10042, 54.21146], [-9.21799, 54.21203], [-9.20679, 54.276], [-9.26107, 54.30778], [-9.37278, 54.30626], [-9.62676, 54.32574], [-9.66072, 54.31319], [-9.80657, 54.3426], [-9.81002, 54.29564], [-9.87762, 54.25712], [-9.93922, 54.2679], [-9.99494, 54.30421], [-10.07132, 54.27579], [-10.05594, 54.22752], [-10.00384, 54.19533], [-9.95225, 54.19788], [-9.91421, 54.13095], [-9.9764, 54.0953], [-9.92892, 54.06138], [-9.85184, 53.96717], [-9.90347, 53.95299], [-9.93692, 53.87146], [-9.81579, 53.87817], [-9.78444, 53.90456], [-9.55369, 53.89008], [-9.56468, 53.84724], [-9.61798, 53.84446], [-9.58188, 53.78047], [-9.7835, 53.78233], [-9.9017, 53.76405], [-9.91075, 53.60066], [-10.04856, 53.61025], [-10.02849, 53.56972], [-10.12552, 53.57646], [-10.12818, 53.45534], [-10.0303, 53.38593], [-9.88938, 53.3687], [-9.9074, 53.32504], [-9.78176, 53.30146], [-9.73365, 53.30907], [-9.69507, 53.35808], [-9.5985, 53.28099], [-9.62695, 53.23902], [-9.52752, 53.22218], [-9.22029, 53.24806], [-9.16243, 53.24612], [-9.04721, 53.26931], [-8.97744, 53.25624], [-9.00311, 53.22199], [-8.93143, 53.19699], [-9.01131, 53.14164], [-9.10203, 53.15951], [-9.15908, 53.1203], [-9.26543, 53.15458], [-9.31201, 53.0918], [-9.35594, 53.07471], [-9.46387, 52.94941], [-9.35171, 52.91871], [-9.43316, 52.88315], [-9.43253, 52.83678], [-9.48583, 52.80751], [-9.49895, 52.75002], [-9.60799, 52.74412], [-9.70587, 52.66004], [-9.86998, 52.59189], [-9.81331, 52.56472], [-9.69689, 52.58338], [-9.66339, 52.56232], [-9.68985, 52.48321], [-9.7683, 52.44937], [-9.94316, 52.40522], [-9.84738, 52.3911], [-9.83788, 52.29217], [-9.74434, 52.25946], [-9.89653, 52.22948], [-9.95613, 52.23221], [-10.0359, 52.28072], [-10.08422, 52.2493], [-10.17806, 52.29117], [-10.36146, 52.23477], [-10.3791, 52.19717], [-10.44496, 52.17608], [-10.45676, 52.0981], [-10.3616, 52.13224], [-10.29209, 52.11067], [-10.21502, 52.12559], [-10.13928, 52.11204], [-10.05155, 52.13662], [-9.86531, 52.15958], [-9.93644, 52.07382], [-10.25758, 51.99156], [-10.27854, 51.9122], [-10.38869, 51.88535], [-10.33879, 51.846], [-10.34419, 51.78398], [-10.24605, 51.84378], [-10.17287, 51.8252], [-10.18292, 51.78707], [-10.09763, 51.75496], [-10.01535, 51.77089], [-9.89457, 51.81687], [-9.83061, 51.82516], [-9.65342, 51.87069], [-9.88743, 51.76274], [-10.05903, 51.63199], [-9.93765, 51.61417], [-9.90944, 51.6484], [-9.64116, 51.67572], [-9.55068, 51.71284], [-9.481, 51.71613], [-9.45908, 51.68053], [-9.67007, 51.62354], [-9.69114, 51.5303], [-9.75518, 51.52118], [-9.8383, 51.48174], [-9.7978, 51.4496], [-9.70337, 51.47767], [-9.39213, 51.54393], [-9.41782, 51.49963], [-9.3427, 51.47084], [-9.23932, 51.48752], [-9.1885, 51.51961], [-8.99992, 51.5665], [-8.92412, 51.53978], [-8.86679, 51.59169], [-8.80831, 51.5953], [-8.71726, 51.56929], [-8.66053, 51.63488], [-8.53163, 51.65657], [-8.45628, 51.6977], [-8.3927, 51.70152], [-8.31249, 51.73418], [-8.28218, 51.78834], [-8.06221, 51.80912], [-7.83354, 51.94368], [-7.74505, 51.93858], [-7.69476, 51.97471], [-7.58632, 51.99178], [-7.56536, 52.05103], [-7.59778, 52.09213], [-7.49389, 52.10328], [-7.44311, 52.12727], [-7.29249, 52.14114], [-7.17222, 52.13711], [-7.13097, 52.1678], [-7.02407, 52.13348], [-6.99027, 52.14565], [-6.95172, 52.24158], [-6.90364, 52.20097], [-6.90189, 52.15694], [-6.79015, 52.20728], [-6.68161, 52.2189], [-6.59428, 52.17521], [-6.47662, 52.20449], [-6.36308, 52.17309], [-6.31384, 52.24017], [-6.36251, 52.2514], [-6.38988, 52.29503], [-6.44609, 52.30747], [-6.45817, 52.34681], [-6.36253, 52.35905], [-6.35193, 52.41065], [-6.21857, 52.53002], [-6.1936, 52.56403], [-6.22784, 52.62331], [-6.18323, 52.70209], [-6.1407, 52.73434]]]]}}, {"type": "Feature", "properties": {"nazev": "Lichtenštejnsko", "en": "Liechtenstein"}, "geometry": {"type": "Polygon", "coordinates": [[[9.48618, 47.17796], [9.5156, 47.08844], [9.55977, 47.04857], [9.60724, 47.06076], [9.63364, 47.0834], [9.62479, 47.13217], [9.57282, 47.17714], [9.5852, 47.20511], [9.55126, 47.22362], [9.56768, 47.24128], [9.52898, 47.27054], [9.5027, 47.2228], [9.49021, 47.19825], [9.4876, 47.19029], [9.48618, 47.17796]]]}}, {"type": "Feature", "properties": {"nazev": "Švýcarsko", "en": "Schweiz"}, "geometry": {"type": "Polygon", "coordinates": [[[9.48618, 47.17796], [9.4876, 47.19029], [9.49021, 47.19825], [9.5027, 47.2228], [9.52898, 47.27054], [9.58818, 47.31794], [9.62549, 47.36522], [9.674, 47.3816], [9.64296, 47.43555], [9.59628, 47.46215], [9.56134, 47.50013], [9.48282, 47.48118], [9.38684, 47.54468], [9.38025, 47.57214], [9.17339, 47.65537], [9.02621, 47.68641], [8.98272, 47.67471], [8.97156, 47.66842], [8.89884, 47.64779], [8.87343, 47.67028], [8.85161, 47.68114], [8.85066, 47.69454], [8.8578, 47.69886], [8.87341, 47.69406], [8.81282, 47.72382], [8.79175, 47.72881], [8.79752, 47.70284], [8.80997, 47.69331], [8.80557, 47.69159], [8.79662, 47.6879], [8.75521, 47.69004], [8.73194, 47.71128], [8.72653, 47.74509], [8.7414, 47.74819], [8.74014, 47.75291], [8.70678, 47.76372], [8.69498, 47.75585], [8.6833, 47.7706], [8.65693, 47.80041], [8.64661, 47.79472], [8.65304, 47.77337], [8.6315, 47.7582], [8.61929, 47.76751], [8.6159, 47.78701], [8.62215, 47.79473], [8.59988, 47.80283], [8.56351, 47.79237], [8.52627, 47.77804], [8.51009, 47.77617], [8.4888, 47.77327], [8.4508, 47.74028], [8.42109, 47.68369], [8.40866, 47.67868], [8.47769, 47.6447], [8.53364, 47.65003], [8.53344, 47.66317], [8.55432, 47.66941], [8.56465, 47.66529], [8.60659, 47.67214], [8.60861, 47.66361], [8.61453, 47.66167], [8.62883, 47.65215], [8.62335, 47.64095], [8.60277, 47.64022], [8.61129, 47.6421], [8.61396, 47.64645], [8.60575, 47.65238], [8.59718, 47.62957], [8.60332, 47.61119], [8.58783, 47.60173], [8.5666, 47.59713], [8.56308, 47.59953], [8.56931, 47.61723], [8.53818, 47.63115], [8.51649, 47.63215], [8.50821, 47.61754], [8.45704, 47.5973], [8.467, 47.58425], [8.48696, 47.58753], [8.49414, 47.58114], [8.4385, 47.56724], [8.42654, 47.56759], [8.32982, 47.57085], [8.29542, 47.59602], [8.28874, 47.61], [8.20521, 47.62101], [8.19114, 47.6129], [8.10153, 47.56632], [8.09272, 47.55873], [8.07845, 47.55938], [8.05965, 47.56374], [8.01465, 47.55106], [7.99922, 47.55652], [7.96481, 47.55722], [7.95977, 47.55842], [7.95232, 47.55457], [7.94424, 47.54386], [7.88739, 47.5886], [7.83762, 47.58294], [7.82315, 47.58807], [7.79594, 47.55752], [7.75268, 47.54501], [7.67512, 47.5337], [7.65209, 47.54687], [7.63601, 47.5605], [7.64132, 47.56128], [7.58905, 47.58988], [7.49882, 47.5399], [7.49734, 47.53626], [7.51082, 47.52854], [7.51905, 47.53446], [7.51026, 47.49727], [7.48696, 47.48243], [7.47095, 47.48094], [7.44663, 47.49408], [7.43477, 47.49852], [7.42082, 47.47998], [7.45031, 47.47473], [7.45536, 47.47252], [7.42983, 47.45994], [7.38218, 47.4337], [7.33844, 47.44064], [7.3266, 47.43966], [7.28322, 47.43501], [7.25453, 47.42397], [7.23617, 47.43701], [7.17485, 47.44349], [7.1514, 47.49747], [7.1399, 47.50187], [7.13068, 47.50316], [7.12798, 47.50434], [7.0752, 47.48862], [7.0246, 47.50456], [6.98605, 47.4938], [6.98554, 47.49216], [6.98578, 47.47667], [6.99181, 47.46594], [6.99997, 47.4668], [7.00085, 47.46209], [7.00144, 47.45424], [6.99474, 47.44943], [6.97042, 47.44716], [6.93985, 47.43358], [6.9381, 47.40651], [6.88293, 47.37255], [6.87878, 47.3579], [6.87968, 47.35218], [6.88367, 47.35214], [6.89579, 47.3582], [6.92388, 47.35518], [6.99536, 47.36298], [7.04938, 47.3616], [7.06237, 47.34403], [7.05969, 47.33976], [7.05598, 47.33457], [7.04407, 47.32689], [7.00731, 47.30134], [6.97361, 47.29128], [6.95245, 47.29213], [6.94756, 47.29089], [6.94522, 47.28891], [6.94124, 47.28522], [6.94581, 47.27818], [6.95219, 47.26928], [6.95551, 47.243], [6.93892, 47.23059], [6.8801, 47.20026], [6.84085, 47.17094], [6.80531, 47.13055], [6.7405, 47.10952], [6.61786, 46.9922], [6.5053, 46.96606], [6.49689, 46.9743], [6.45965, 46.94383], [6.43199, 46.92881], [6.43525, 46.9217], [6.45742, 46.90075], [6.46396, 46.89031], [6.45973, 46.85148], [6.44249, 46.83226], [6.45774, 46.78877], [6.45149, 46.77439], [6.43003, 46.75693], [6.28068, 46.6905], [6.17554, 46.61367], [6.13961, 46.59758], [6.11054, 46.5765], [6.1383, 46.55775], [6.15659, 46.54529], [6.15347, 46.53682], [6.13793, 46.53088], [6.11255, 46.50947], [6.07278, 46.46537], [6.06407, 46.41636], [6.16921, 46.36551], [6.10301, 46.27834], [6.12353, 46.25063], [6.01294, 46.23061], [5.9733, 46.13158], [5.982, 46.13733], [5.99423, 46.1444], [6.03157, 46.13923], [6.04497, 46.14058], [6.0463, 46.14192], [6.12832, 46.14076], [6.13498, 46.14226], [6.14861, 46.15012], [6.18909, 46.16737], [6.23306, 46.20605], [6.23597, 46.20633], [6.29547, 46.22578], [6.29397, 46.25817], [6.25002, 46.26219], [6.24185, 46.28501], [6.25125, 46.28791], [6.21896, 46.31195], [6.25295, 46.36043], [6.33452, 46.404], [6.42374, 46.41524], [6.51948, 46.45716], [6.68087, 46.45445], [6.82138, 46.42753], [6.80513, 46.39428], [6.80273, 46.38472], [6.77015, 46.35223], [6.86489, 46.28004], [6.80328, 46.20327], [6.7985, 46.13543], [6.90037, 46.12394], [6.87215, 46.05162], [6.9343, 46.06598], [7.0062, 46.0003], [7.04215, 45.93002], [7.04485, 45.92258], [7.06076, 45.91335], [7.09447, 45.87617], [7.11761, 45.85954], [7.17506, 45.86301], [7.22863, 45.89201], [7.31808, 45.91172], [7.3912, 45.89941], [7.53843, 45.95491], [7.56697, 45.98742], [7.58111, 45.97507], [7.6558, 45.97689], [7.70757, 45.93457], [7.76937, 45.93697], [7.87658, 45.92757], [7.87077, 45.94758], [7.88111, 45.96371], [7.89513, 45.98218], [7.98617, 45.99694], [8.01229, 46.01192], [8.02244, 46.07472], [8.04429, 46.10064], [8.08048, 46.10566], [8.1139, 46.11748], [8.12571, 46.13545], [8.15017, 46.14091], [8.15276, 46.15401], [8.16528, 46.18247], [8.15728, 46.18954], [8.14347, 46.2115], [8.08769, 46.25403], [8.08058, 46.26062], [8.09681, 46.27136], [8.13753, 46.30173], [8.19874, 46.3022], [8.21102, 46.31348], [8.21464, 46.31972], [8.23553, 46.34052], [8.26277, 46.34603], [8.26553, 46.35181], [8.28341, 46.36353], [8.31496, 46.38409], [8.29453, 46.40498], [8.31088, 46.42323], [8.37521, 46.45306], [8.38909, 46.45267], [8.40728, 46.45821], [8.43818, 46.46418], [8.46198, 46.45065], [8.46622, 46.4429], [8.46481, 46.334], [8.42773, 46.29831], [8.43429, 46.28788], [8.44974, 46.27432], [8.44844, 46.26139], [8.44185, 46.25444], [8.46388, 46.24464], [8.46707, 46.23516], [8.47781, 46.23043], [8.52181, 46.2219], [8.53636, 46.20428], [8.61178, 46.12171], [8.71504, 46.09677], [8.80621, 46.10165], [8.85455, 46.06156], [8.79312, 46.00809], [8.88196, 45.95697], [8.89674, 45.95478], [8.95616, 45.84348], [9.01802, 45.81824], [9.08884, 45.89693], [9.01919, 45.92844], [9.01741, 46.05], [9.07831, 46.06596], [9.07236, 46.11797], [9.19464, 46.17932], [9.24263, 46.26386], [9.301, 46.32269], [9.27078, 46.36772], [9.27834, 46.41366], [9.24744, 46.44632], [9.2852, 46.49928], [9.34425, 46.5059], [9.40605, 46.46808], [9.4706, 46.47328], [9.45755, 46.4236], [9.50424, 46.35351], [9.54269, 46.31036], [9.58595, 46.29518], [9.70955, 46.29186], [9.7274, 46.34308], [9.82216, 46.35351], [9.84276, 46.36441], [9.91074, 46.38051], [9.98386, 46.35209], [9.99485, 46.28498], [10.11226, 46.22587], [10.14454, 46.22896], [10.17647, 46.2565], [10.11673, 46.31297], [10.10849, 46.35517], [10.16617, 46.3888], [10.13252, 46.43189], [10.07931, 46.42621], [10.07587, 46.42834], [10.04085, 46.44431], [10.06729, 46.55089], [10.13321, 46.60753], [10.23895, 46.63323], [10.24994, 46.5719], [10.33872, 46.54414], [10.41458, 46.55034], [10.45249, 46.53175], [10.47213, 46.54336], [10.47211, 46.55127], [10.48099, 46.55503], [10.48776, 46.58947], [10.48409, 46.6174], [10.44302, 46.63868], [10.40046, 46.63772], [10.38201, 46.68535], [10.41914, 46.71883], [10.4, 46.73445], [10.44475, 46.75879], [10.42944, 46.79731], [10.449, 46.80225], [10.46822, 46.84547], [10.46709, 46.88931], [10.48615, 46.91758], [10.41169, 46.94083], [10.42912, 46.97612], [10.38998, 47.0003], [10.34772, 46.99035], [10.31783, 46.92695], [10.26205, 46.86928], [10.24519, 46.87703], [10.16623, 46.85066], [10.14524, 46.85205], [10.10754, 46.84223], [10.0572, 46.86105], [10.02508, 46.89605], [9.93801, 46.9124], [9.87671, 46.93508], [9.87065, 46.96275], [9.88841, 46.99173], [9.86173, 47.02247], [9.83824, 47.01207], [9.78212, 47.03795], [9.71846, 47.04336], [9.67958, 47.05815], [9.60724, 47.06076], [9.55977, 47.04857], [9.5156, 47.08844], [9.48618, 47.17796]]]}}, {"type": "Feature", "properties": {"nazev": "Lucembursko", "en": "Lëtzebuerg"}, "geometry": {"type": "Polygon", "coordinates": [[[6.07639, 50.16098], [5.97129, 50.17021], [5.96375, 50.17257], [5.9613, 50.1314], [5.89527, 50.11223], [5.85433, 50.05894], [5.83591, 49.9789], [5.78504, 49.96091], [5.73576, 49.89699], [5.77815, 49.88394], [5.74103, 49.83891], [5.82393, 49.74934], [5.8867, 49.70935], [5.86213, 49.68055], [5.90221, 49.64584], [5.8186, 49.5464], [5.89339, 49.49692], [5.89781, 49.49676], [5.93189, 49.49985], [5.96462, 49.49288], [5.9738, 49.48904], [5.97233, 49.47571], [5.97861, 49.45422], [5.98203, 49.4511], [6.00089, 49.45662], [6.02641, 49.44987], [6.05262, 49.46416], [6.05776, 49.46624], [6.07987, 49.45909], [6.10836, 49.47212], [6.11466, 49.47052], [6.12677, 49.48156], [6.13274, 49.49001], [6.15734, 49.49166], [6.15575, 49.50414], [6.19574, 49.50543], [6.22681, 49.5102], [6.28015, 49.50105], [6.289, 49.48472], [6.29616, 49.4802], [6.35294, 49.46725], [6.36885, 49.45985], [6.36397, 49.47277], [6.36729, 49.51263], [6.37677, 49.54941], [6.36625, 49.5708], [6.38871, 49.60341], [6.41182, 49.61672], [6.43684, 49.65649], [6.48567, 49.69796], [6.48653, 49.70135], [6.49837, 49.72275], [6.5062, 49.74192], [6.50544, 49.74561], [6.5163, 49.76905], [6.52803, 49.81316], [6.51763, 49.81565], [6.50005, 49.81004], [6.40678, 49.82303], [6.36093, 49.85363], [6.34233, 49.84737], [6.23932, 49.90061], [6.23281, 49.93958], [6.18685, 49.95798], [6.17272, 49.98108], [6.1393, 50.01822], [6.14354, 50.03242], [6.13793, 50.03581], [6.11959, 50.06407], [6.13303, 50.09575], [6.13772, 50.12642], [6.12377, 50.14494], [6.10988, 50.16745], [6.09708, 50.16952], [6.07639, 50.16098]]]}}, {"type": "Feature", "properties": {"nazev": "Nizozemsko", "en": "Koninkrijk der Nederlanden"}, "geometry": {"type": "MultiPolygon", "coordinates": [[[[5.47081, 53.41556], [5.31762, 53.41216], [5.33837, 53.37973], [5.47081, 53.41556]]], [[[5.78389, 53.46072], [5.63763, 53.47098], [5.67988, 53.42467], [5.78389, 53.46072]]], [[[6.33187, 53.50029], [6.31299, 53.50905], [6.14234, 53.49337], [6.16073, 53.47217], [6.25172, 53.4769], [6.33187, 53.50029]]], [[[4.79068, 53.00671], [4.89707, 53.07841], [4.90765, 53.13588], [4.86192, 53.18197], [4.81257, 53.15804], [4.7217, 53.06388], [4.7078, 53.01552], [4.79068, 53.00671]]], [[[4.23489, 51.34823], [4.20611, 51.37487], [4.1395, 51.34016], [4.0508, 51.36631], [3.97495, 51.40654], [3.95781, 51.3652], [3.86678, 51.33623], [3.72582, 51.34912], [3.68681, 51.37129], [3.5478, 51.40521], [3.42379, 51.39001], [3.36636, 51.36911], [3.3769, 51.276], [3.42745, 51.24465], [3.52801, 51.24642], [3.5154, 51.28716], [3.58995, 51.30588], [3.79548, 51.25609], [3.79084, 51.21438], [3.88629, 51.20018], [4.01492, 51.24509], [4.07117, 51.25014], [4.1658, 51.29275], [4.23489, 51.34823]]], [[[7.20189, 52.97268], [7.21346, 53.01063], [7.18806, 53.13218], [7.21929, 53.18045], [7.20193, 53.2369], [7.10385, 53.25248], [7.08376, 53.29782], [6.95307, 53.32384], [6.89706, 53.35581], [6.88447, 53.4424], [6.81351, 53.46324], [6.65605, 53.45714], [6.58538, 53.43858], [6.39226, 53.41566], [6.30702, 53.39229], [6.25614, 53.41489], [6.06905, 53.40733], [5.88598, 53.38565], [5.58733, 53.30052], [5.43774, 53.20962], [5.37943, 53.09166], [5.40085, 53.05493], [5.41259, 52.96392], [5.39771, 52.8573], [5.5529, 52.83254], [5.74868, 52.83977], [5.81874, 52.78473], [5.92247, 52.75074], [5.96489, 52.69805], [5.93367, 52.6754], [6.01728, 52.64323], [5.93265, 52.6149], [5.77796, 52.60753], [5.85506, 52.55082], [5.86431, 52.51817], [5.81, 52.43572], [5.71557, 52.38803], [5.57559, 52.35075], [5.53327, 52.27274], [5.40462, 52.2496], [5.31517, 52.30239], [5.22458, 52.32576], [5.15112, 52.31864], [5.01214, 52.37377], [5.06597, 52.41362], [5.0496, 52.4393], [5.08517, 52.5049], [5.03086, 52.56753], [5.01707, 52.62381], [5.08286, 52.64158], [5.15921, 52.6232], [5.30388, 52.70479], [5.25834, 52.75343], [5.14755, 52.7395], [5.10395, 52.77444], [5.11407, 52.84548], [5.0442, 52.93544], [4.97019, 52.9303], [4.87435, 52.88728], [4.80721, 52.91299], [4.80137, 52.9644], [4.73062, 52.96254], [4.70665, 52.87431], [4.65278, 52.76549], [4.61013, 52.57349], [4.55488, 52.42253], [4.49382, 52.32823], [4.37454, 52.1869], [4.09724, 51.98407], [4.01468, 51.98098], [3.99165, 51.91768], [4.06579, 51.85224], [3.86736, 51.81866], [3.85713, 51.76668], [3.81983, 51.73979], [3.72092, 51.73548], [3.67996, 51.70546], [3.72099, 51.66389], [3.79432, 51.69618], [3.87683, 51.66727], [3.89007, 51.6315], [3.96743, 51.61436], [3.98403, 51.58081], [4.07953, 51.52542], [4.1639, 51.52296], [4.2136, 51.49199], [4.22313, 51.4391], [4.13731, 51.43101], [4.0931, 51.4464], [4.05776, 51.49894], [3.92528, 51.54419], [3.86205, 51.60013], [3.79961, 51.60551], [3.62576, 51.58675], [3.58307, 51.59559], [3.43977, 51.54331], [3.43309, 51.52766], [3.57647, 51.43997], [3.65707, 51.45588], [3.81262, 51.3856], [3.90068, 51.39508], [3.93385, 51.44826], [3.97508, 51.46241], [4.06166, 51.41383], [4.15369, 51.39487], [4.20036, 51.40627], [4.24364, 51.37484], [4.33452, 51.37764], [4.39481, 51.35582], [4.39606, 51.44258], [4.44242, 51.46867], [4.53821, 51.48238], [4.53544, 51.42301], [4.66659, 51.44441], [4.77383, 51.50511], [4.84185, 51.48077], [4.82812, 51.42223], [4.92783, 51.39544], [5.00466, 51.44453], [5.07928, 51.47138], [5.1046, 51.43137], [5.07117, 51.39348], [5.13168, 51.34703], [5.24111, 51.30566], [5.22596, 51.26826], [5.4174, 51.26228], [5.48298, 51.30015], [5.55785, 51.26279], [5.56031, 51.22286], [5.66404, 51.18624], [5.76713, 51.18369], [5.85559, 51.14469], [5.81013, 51.11797], [5.80085, 51.06335], [5.75826, 51.03324], [5.75858, 50.95181], [5.7202, 50.90836], [5.64415, 50.87135], [5.65622, 50.82434], [5.69649, 50.80855], [5.69499, 50.75476], [5.77735, 50.78295], [5.80749, 50.75608], [5.88647, 50.77016], [5.91509, 50.7503], [6.01161, 50.7549], [6.03958, 50.84466], [6.07044, 50.84842], [6.08857, 50.91578], [6.02724, 50.93345], [6.01472, 50.98026], [5.96775, 50.982], [5.9493, 50.98438], [5.90307, 50.97489], [5.90872, 50.99893], [5.87872, 51.04878], [5.96564, 51.04], [6.01063, 51.08637], [6.08621, 51.12357], [6.16995, 51.14454], [6.17521, 51.14646], [6.16119, 51.18804], [6.08203, 51.18563], [6.09521, 51.22563], [6.08646, 51.23576], [6.11667, 51.26646], [6.19452, 51.34119], [6.22355, 51.36198], [6.21363, 51.4103], [6.2076, 51.52358], [6.10959, 51.59679], [6.09787, 51.61437], [6.10579, 51.65399], [6.04808, 51.67071], [6.02809, 51.69738], [6.02937, 51.7037], [6.04011, 51.71435], [5.9919, 51.74048], [5.95785, 51.75123], [5.98638, 51.78187], [5.94716, 51.82087], [6.02931, 51.84181], [6.06714, 51.85689], [6.16395, 51.84435], [6.13038, 51.89507], [6.16733, 51.90415], [6.28191, 51.87267], [6.41015, 51.83825], [6.46556, 51.85749], [6.56846, 51.88795], [6.68712, 51.91267], [6.72767, 51.89871], [6.80022, 51.95231], [6.82678, 51.98919], [6.6918, 52.04681], [6.7377, 52.0745], [6.76386, 52.11424], [6.79752, 52.11645], [6.87331, 52.12156], [6.90546, 52.16164], [6.96997, 52.18167], [6.9945, 52.21599], [7.0652, 52.23637], [7.03909, 52.30128], [7.06904, 52.37237], [6.98326, 52.46537], [6.9387, 52.43571], [6.78664, 52.45821], [6.70157, 52.48089], [6.6928, 52.52545], [6.69407, 52.55526], [6.71629, 52.56093], [6.72116, 52.5898], [6.74969, 52.64523], [6.76415, 52.64707], [7.03221, 52.63468], [7.04839, 52.64265], [7.07354, 52.80139], [7.12394, 52.87603], [7.14003, 52.89161], [7.20189, 52.97268]], [[3.85581, 51.73951], [3.86786, 51.78122], [3.99198, 51.79845], [4.04987, 51.70834], [3.9637, 51.73448], [3.85581, 51.73951]]]]}}, {"type": "Feature", "properties": {"nazev": "Belgie", "en": "Belgique"}, "geometry": {"type": "Polygon", "coordinates": [[[6.07639, 50.16098], [6.03985, 50.1666], [6.00848, 50.26643], [6.01324, 50.30984], [5.97519, 50.43378], [6.01672, 50.45033], [6.01622, 50.49918], [6.13466, 50.54937], [6.08228, 50.59681], [6.02185, 50.6086], [6.00386, 50.65058], [5.97109, 50.6936], [6.01161, 50.7549], [5.91509, 50.7503], [5.88647, 50.77016], [5.80749, 50.75608], [5.77735, 50.78295], [5.69499, 50.75476], [5.69649, 50.80855], [5.65622, 50.82434], [5.64415, 50.87135], [5.7202, 50.90836], [5.75858, 50.95181], [5.75826, 51.03324], [5.80085, 51.06335], [5.81013, 51.11797], [5.85559, 51.14469], [5.76713, 51.18369], [5.66404, 51.18624], [5.56031, 51.22286], [5.55785, 51.26279], [5.48298, 51.30015], [5.4174, 51.26228], [5.22596, 51.26826], [5.24111, 51.30566], [5.13168, 51.34703], [5.07117, 51.39348], [5.1046, 51.43137], [5.07928, 51.47138], [5.00466, 51.44453], [4.92783, 51.39544], [4.82812, 51.42223], [4.84185, 51.48077], [4.77383, 51.50511], [4.66659, 51.44441], [4.53544, 51.42301], [4.53821, 51.48238], [4.44242, 51.46867], [4.39606, 51.44258], [4.39481, 51.35582], [4.33452, 51.37764], [4.24364, 51.37484], [4.23489, 51.34823], [4.1658, 51.29275], [4.07117, 51.25014], [4.01492, 51.24509], [3.88629, 51.20018], [3.79084, 51.21438], [3.79548, 51.25609], [3.58995, 51.30588], [3.5154, 51.28716], [3.52801, 51.24642], [3.42745, 51.24465], [3.3769, 51.276], [3.36636, 51.36911], [3.18235, 51.33124], [3.05022, 51.28702], [2.74926, 51.16157], [2.54545, 51.08903], [2.57949, 50.99914], [2.63278, 50.9463], [2.60792, 50.9098], [2.63517, 50.81295], [2.71083, 50.81353], [2.79455, 50.72492], [2.91068, 50.6942], [2.93707, 50.74253], [3.05874, 50.78074], [3.15092, 50.78369], [3.20881, 50.71311], [3.25942, 50.68067], [3.24413, 50.64067], [3.27478, 50.60477], [3.28652, 50.52793], [3.37711, 50.49107], [3.44697, 50.50597], [3.60778, 50.49705], [3.66905, 50.43862], [3.67296, 50.33502], [3.83817, 50.35424], [3.9031, 50.32714], [3.96824, 50.35004], [4.03763, 50.34292], [4.22006, 50.25183], [4.15075, 50.2135], [4.14418, 50.12862], [4.19729, 50.13527], [4.22184, 50.06263], [4.13587, 50.02014], [4.20201, 49.957], [4.3126, 49.96703], [4.4457, 49.93732], [4.51154, 49.94675], [4.58179, 49.98348], [4.68866, 49.99549], [4.70214, 50.09547], [4.82422, 50.16087], [4.87815, 50.15348], [4.87586, 50.09452], [4.81944, 50.06075], [4.83493, 50.03451], [4.79101, 49.95836], [4.84718, 49.94895], [4.89009, 49.90898], [4.85066, 49.86563], [4.85909, 49.7969], [4.96877, 49.8016], [5.07179, 49.76099], [5.16617, 49.69301], [5.26852, 49.69655], [5.32857, 49.65842], [5.30482, 49.62462], [5.39371, 49.61732], [5.4312, 49.59257], [5.47088, 49.49727], [5.55668, 49.52921], [5.61577, 49.52728], [5.8186, 49.5464], [5.90221, 49.64584], [5.86213, 49.68055], [5.8867, 49.70935], [5.82393, 49.74934], [5.74103, 49.83891], [5.77815, 49.88394], [5.73576, 49.89699], [5.78504, 49.96091], [5.83591, 49.9789], [5.85433, 50.05894], [5.89527, 50.11223], [5.9613, 50.1314], [5.96375, 50.17257], [5.97129, 50.17021], [6.07639, 50.16098]]]}}, {"type": "Feature", "properties": {"nazev": "Itálie", "en": "Italia"}, "geometry": {"type": "MultiPolygon", "coordinates": [[[[7.04485, 45.92258], [7.01534, 45.90739], [7.00952, 45.90437], [7.00759, 45.90297], [6.99094, 45.86858], [6.91316, 45.84285], [6.82017, 45.83693], [6.80497, 45.81747], [6.80852, 45.72548], [6.93122, 45.64584], [7.00112, 45.63957], [6.97785, 45.58989], [6.9906, 45.53074], [7.04838, 45.47245], [7.1046, 45.46816], [7.11461, 45.43286], [7.18594, 45.40455], [7.1645, 45.36053], [7.1107, 45.32652], [7.12522, 45.24395], [7.08155, 45.22402], [6.96577, 45.20793], [6.84741, 45.13553], [6.76826, 45.15981], [6.68054, 45.1403], [6.62698, 45.10471], [6.66212, 45.07164], [6.67514, 45.01939], [6.74302, 45.01647], [6.76347, 44.97122], [6.74976, 44.90736], [6.84026, 44.8599], [6.87019, 44.84962], [6.9071, 44.84439], [6.92213, 44.85113], [6.96131, 44.85066], [6.99508, 44.84196], [7.00946, 44.79834], [7.00594, 44.78514], [7.01171, 44.78369], [7.02509, 44.75629], [7.02346, 44.74003], [7.04241, 44.7184], [7.0756, 44.69031], [7.05973, 44.67996], [6.99543, 44.69024], [6.96319, 44.67811], [6.95123, 44.65863], [6.94801, 44.65222], [6.96234, 44.62658], [6.93287, 44.57337], [6.90601, 44.55704], [6.89176, 44.5545], [6.85665, 44.53308], [6.86568, 44.49501], [6.88307, 44.47629], [6.91797, 44.4274], [6.89275, 44.42074], [6.9266, 44.33287], [6.99419, 44.28053], [7.00853, 44.23524], [7.06818, 44.23237], [7.14334, 44.20015], [7.18671, 44.20129], [7.18845, 44.20079], [7.22087, 44.16834], [7.35711, 44.11668], [7.4299, 44.13004], [7.42524, 44.06326], [7.53554, 44.05148], [7.66439, 43.98788], [7.57384, 43.9369], [7.55907, 43.89719], [7.49507, 43.85581], [7.52983, 43.78401], [7.57735, 43.79276], [7.67318, 43.77642], [7.80397, 43.82322], [7.83228, 43.81625], [8.07124, 43.89075], [8.17357, 43.95468], [8.16389, 43.99399], [8.22619, 44.04419], [8.22808, 44.08572], [8.2685, 44.13965], [8.40654, 44.18132], [8.45106, 44.28797], [8.50045, 44.32507], [8.74509, 44.42733], [9.13879, 44.36024], [9.15092, 44.31878], [9.209, 44.31062], [9.23541, 44.34801], [9.37404, 44.292], [9.40328, 44.25197], [9.48783, 44.23927], [9.67541, 44.1395], [9.83254, 44.04796], [9.85215, 44.10933], [9.96371, 44.03733], [9.99397, 44.0509], [10.11708, 43.99653], [10.20597, 43.91819], [10.23696, 43.87603], [10.27403, 43.75597], [10.26722, 43.67917], [10.29899, 43.58144], [10.29204, 43.54677], [10.33045, 43.47383], [10.42536, 43.39959], [10.45689, 43.32553], [10.52484, 43.24517], [10.53976, 43.13057], [10.49551, 42.93153], [10.59451, 42.95378], [10.70651, 42.94281], [10.76523, 42.91529], [10.76585, 42.81768], [10.78504, 42.77452], [10.95168, 42.73758], [11.01291, 42.65503], [11.08484, 42.62901], [11.12139, 42.56159], [11.17632, 42.54219], [11.19096, 42.48872], [11.15687, 42.43403], [11.10758, 42.44794], [11.09855, 42.39361], [11.18999, 42.36372], [11.20994, 42.40867], [11.25369, 42.41973], [11.44998, 42.37781], [11.54997, 42.34166], [11.64674, 42.28494], [11.69708, 42.23365], [11.73379, 42.15804], [11.80714, 42.0801], [11.83297, 42.03078], [11.91272, 42.0402], [12.0233, 41.9842], [12.0488, 41.95587], [12.14003, 41.91754], [12.20432, 41.83027], [12.22658, 41.74166], [12.39937, 41.66787], [12.54052, 41.54689], [12.62239, 41.44459], [12.67486, 41.45529], [12.77327, 41.41619], [12.85465, 41.41185], [12.93399, 41.3729], [13.0018, 41.30946], [13.03916, 41.23079], [13.06777, 41.22141], [13.17119, 41.27515], [13.28159, 41.29761], [13.38492, 41.27794], [13.54987, 41.20654], [13.62256, 41.26082], [13.7079, 41.25352], [13.83556, 41.1635], [13.89278, 41.09458], [13.92359, 41.02354], [13.98961, 40.96376], [14.03257, 40.89899], [14.04549, 40.7904], [14.10675, 40.83168], [14.18759, 40.7922], [14.26453, 40.8447], [14.39925, 40.75775], [14.44978, 40.74422], [14.48198, 40.69976], [14.33939, 40.62821], [14.32429, 40.56917], [14.4877, 40.62759], [14.57206, 40.61132], [14.62695, 40.64889], [14.69185, 40.63412], [14.74304, 40.67757], [14.81782, 40.64463], [14.89577, 40.56312], [15.00035, 40.38405], [14.94494, 40.33591], [14.92537, 40.2322], [14.99094, 40.21889], [15.06584, 40.16439], [15.13031, 40.172], [15.27185, 40.07353], [15.2853, 40.03509], [15.35688, 39.99903], [15.42087, 39.99102], [15.4595, 40.03281], [15.53281, 40.07317], [15.62649, 40.07348], [15.72051, 39.97693], [15.79134, 39.86394], [15.78677, 39.81734], [15.81559, 39.67878], [15.83199, 39.66774], [15.87395, 39.5539], [15.92419, 39.52656], [15.99099, 39.44806], [16.03611, 39.35067], [16.0659, 39.1395], [16.09301, 39.04874], [16.15717, 38.95038], [16.21828, 38.92242], [16.21363, 38.81046], [16.18261, 38.74783], [16.13874, 38.71926], [15.9859, 38.72292], [15.94776, 38.69152], [15.84597, 38.65861], [15.82729, 38.61903], [15.93018, 38.5483], [15.91012, 38.47287], [15.83373, 38.3584], [15.8118, 38.29512], [15.75027, 38.25713], [15.6353, 38.23114], [15.65668, 38.13653], [15.63026, 38.09499], [15.65701, 38.04042], [15.63427, 38.01941], [15.67802, 37.95409], [15.76406, 37.91603], [15.92032, 37.92928], [15.99801, 37.91538], [16.06302, 37.92402], [16.14299, 38.02857], [16.16165, 38.12801], [16.33383, 38.29972], [16.49299, 38.35625], [16.56961, 38.42471], [16.58198, 38.4698], [16.55933, 38.67914], [16.53493, 38.71251], [16.56825, 38.76786], [16.62287, 38.82421], [16.7833, 38.89826], [16.89062, 38.9271], [16.97786, 38.93892], [17.0219, 38.90577], [17.09352, 38.89258], [17.16915, 38.95335], [17.14673, 39.04648], [17.10896, 39.10809], [17.14827, 39.20963], [17.10705, 39.25095], [17.10947, 39.30761], [17.15787, 39.4004], [17.0562, 39.43708], [17.02487, 39.48363], [16.95922, 39.49582], [16.87468, 39.5346], [16.77427, 39.61987], [16.61817, 39.62204], [16.52939, 39.6679], [16.53014, 39.72274], [16.49129, 39.75201], [16.48837, 39.79589], [16.53803, 39.8715], [16.62701, 39.95696], [16.5992, 40.0436], [16.60623, 40.08206], [16.69063, 40.14585], [16.78495, 40.30214], [16.91624, 40.44717], [16.99538, 40.49535], [17.07231, 40.5187], [17.15148, 40.50949], [17.16537, 40.46983], [17.22566, 40.48081], [17.24557, 40.4332], [17.2034, 40.40813], [17.39515, 40.33257], [17.44369, 40.32945], [17.50768, 40.29483], [17.61013, 40.30063], [17.7643, 40.29787], [17.85673, 40.28534], [17.90443, 40.25645], [17.91916, 40.19239], [18.00383, 40.11383], [18.01684, 40.0325], [17.99514, 39.99464], [18.08587, 39.90063], [18.17206, 39.85034], [18.26451, 39.83607], [18.33553, 39.79559], [18.39082, 39.81763], [18.39034, 39.9071], [18.43555, 40.02453], [18.47553, 40.04428], [18.52059, 40.107], [18.48751, 40.14844], [18.43028, 40.28605], [18.23518, 40.44827], [18.09735, 40.51537], [18.03741, 40.564], [18.04501, 40.59741], [18.00114, 40.65579], [17.9384, 40.68508], [17.87332, 40.68435], [17.80112, 40.70829], [17.7092, 40.75806], [17.47291, 40.83211], [17.34976, 40.90587], [17.30493, 40.95472], [17.17612, 41.02888], [17.05524, 41.07773], [16.85518, 41.1286], [16.73191, 41.16967], [16.58234, 41.20811], [16.29118, 41.33075], [15.997, 41.43709], [15.9169, 41.50768], [15.89405, 41.57457], [15.90098, 41.61599], [16.0394, 41.68129], [16.18679, 41.77234], [16.19973, 41.82591], [16.18332, 41.88331], [16.06235, 41.94721], [15.69264, 41.91431], [15.62009, 41.92893], [15.40233, 41.90061], [15.28798, 41.9229], [15.13804, 41.92665], [15.07615, 41.94405], [15.00123, 41.99321], [14.90021, 42.02136], [14.71888, 42.10355], [14.71639, 42.17368], [14.60895, 42.2037], [14.5144, 42.24836], [14.39092, 42.37373], [14.25389, 42.4448], [14.14676, 42.53085], [13.99934, 42.7035], [13.94372, 42.80362], [13.92259, 42.88318], [13.87794, 42.9717], [13.84204, 43.10477], [13.74302, 43.29453], [13.62247, 43.50508], [13.62781, 43.54805], [13.57423, 43.56972], [13.53155, 43.61972], [13.4825, 43.60638], [13.42204, 43.62033], [13.28528, 43.67963], [12.90595, 43.92476], [12.79866, 43.96498], [12.75017, 43.96816], [12.6664, 44.00009], [12.45182, 44.16252], [12.38354, 44.2245], [12.28717, 44.46727], [12.28914, 44.58828], [12.24088, 44.68676], [12.24612, 44.74854], [12.28291, 44.8224], [12.3154, 44.84335], [12.384, 44.78482], [12.45689, 44.82551], [12.5367, 44.97393], [12.4663, 44.99671], [12.33208, 45.09955], [12.33481, 45.16383], [12.29267, 45.24067], [12.33114, 45.3536], [12.37445, 45.41218], [12.73403, 45.5298], [12.95272, 45.62136], [13.10275, 45.63913], [13.14567, 45.68616], [13.23552, 45.68305], [13.2493, 45.76238], [13.27726, 45.80967], [13.32538, 45.89485], [13.35972, 45.90422], [13.37216, 45.93454], [13.41663, 45.93924], [13.43633, 45.97266], [13.46391, 45.98428], [13.48392, 46.04327], [13.5445, 46.08955], [13.56606, 46.09497], [13.64708, 46.14085], [13.66645, 46.17464], [13.63322, 46.18995], [13.5716, 46.18726], [13.5543, 46.21063], [13.47405, 46.2256], [13.44617, 46.21271], [13.40558, 46.24363], [13.39243, 46.2826], [13.44921, 46.33529], [13.43671, 46.35519], [13.51644, 46.38297], [13.50097, 46.40908], [13.43385, 46.43547], [13.45383, 46.47676], [13.36099, 46.47727], [13.30162, 46.50823], [13.21271, 46.5268], [13.12595, 46.59216], [13.08491, 46.60161], [13.03168, 46.59654], [12.93307, 46.61013], [12.83396, 46.6096], [12.83351, 46.6096], [12.79507, 46.64164], [12.75178, 46.64568], [12.73061, 46.6349], [12.69114, 46.65634], [12.62906, 46.66158], [12.55905, 46.65322], [12.50572, 46.67824], [12.43421, 46.66791], [12.39065, 46.62759], [12.36049, 46.61918], [12.31505, 46.63027], [12.28321, 46.61682], [12.25942, 46.62997], [12.19207, 46.5944], [12.19692, 46.5783], [12.24307, 46.56605], [12.25664, 46.53608], [12.2369, 46.50857], [12.18723, 46.49508], [12.12983, 46.46177], [12.08661, 46.49149], [12.05838, 46.49772], [12.0327, 46.47616], [12.02812, 46.44544], [11.99717, 46.43677], [11.95036, 46.47735], [11.9307, 46.45888], [11.84375, 46.42572], [11.82771, 46.36723], [11.77758, 46.35149], [11.83274, 46.32523], [11.82694, 46.28479], [11.92874, 46.24831], [11.91157, 46.22545], [11.93961, 46.20121], [11.92136, 46.14926], [11.89005, 46.11874], [11.79847, 46.10333], [11.71563, 46.10229], [11.68217, 46.08913], [11.70394, 46.05382], [11.66606, 46.03665], [11.68921, 45.98853], [11.6834, 45.97539], [11.62946, 45.96027], [11.57309, 45.98098], [11.56386, 46.01722], [11.50751, 46.01806], [11.4644, 45.98618], [11.37468, 45.97564], [11.35918, 45.94243], [11.35325, 45.89127], [11.26347, 45.92021], [11.24573, 45.85947], [11.19123, 45.81496], [11.17648, 45.78757], [11.17713, 45.73516], [11.13084, 45.68915], [11.00749, 45.70346], [10.95281, 45.66093], [10.85092, 45.70093], [10.87944, 45.79396], [10.86636, 45.82239], [10.82666, 45.83816], [10.75692, 45.82985], [10.72772, 45.84303], [10.65356, 45.83056], [10.64249, 45.80172], [10.66904, 45.77511], [10.65091, 45.75095], [10.57152, 45.72601], [10.56659, 45.75715], [10.54735, 45.7736], [10.52603, 45.82687], [10.50742, 45.82362], [10.50434, 45.87432], [10.49266, 45.89658], [10.5089, 45.92345], [10.48331, 45.95102], [10.4884, 46.03672], [10.53933, 46.02419], [10.5653, 46.04202], [10.5976, 46.10434], [10.58321, 46.12363], [10.59422, 46.14835], [10.53207, 46.15247], [10.52732, 46.17119], [10.57064, 46.22041], [10.56242, 46.30312], [10.50312, 46.32304], [10.53081, 46.36092], [10.59683, 46.37134], [10.63267, 46.38865], [10.6266, 46.42921], [10.59516, 46.46193], [10.53971, 46.4927], [10.47281, 46.51343], [10.48099, 46.55503], [10.47211, 46.55127], [10.47213, 46.54336], [10.45249, 46.53175], [10.41458, 46.55034], [10.33872, 46.54414], [10.24994, 46.5719], [10.23895, 46.63323], [10.13321, 46.60753], [10.06729, 46.55089], [10.04085, 46.44431], [10.07587, 46.42834], [10.07931, 46.42621], [10.13252, 46.43189], [10.16617, 46.3888], [10.10849, 46.35517], [10.11673, 46.31297], [10.17647, 46.2565], [10.14454, 46.22896], [10.11226, 46.22587], [9.99485, 46.28498], [9.98386, 46.35209], [9.91074, 46.38051], [9.84276, 46.36441], [9.82216, 46.35351], [9.7274, 46.34308], [9.70955, 46.29186], [9.58595, 46.29518], [9.54269, 46.31036], [9.50424, 46.35351], [9.45755, 46.4236], [9.4706, 46.47328], [9.40605, 46.46808], [9.34425, 46.5059], [9.2852, 46.49928], [9.24744, 46.44632], [9.27834, 46.41366], [9.27078, 46.36772], [9.301, 46.32269], [9.24263, 46.26386], [9.19464, 46.17932], [9.07236, 46.11797], [9.07831, 46.06596], [9.01741, 46.05], [9.01919, 45.92844], [9.08884, 45.89693], [9.01802, 45.81824], [8.95616, 45.84348], [8.89674, 45.95478], [8.88196, 45.95697], [8.79312, 46.00809], [8.85455, 46.06156], [8.80621, 46.10165], [8.71504, 46.09677], [8.61178, 46.12171], [8.53636, 46.20428], [8.52181, 46.2219], [8.47781, 46.23043], [8.46707, 46.23516], [8.46388, 46.24464], [8.44185, 46.25444], [8.44844, 46.26139], [8.44974, 46.27432], [8.43429, 46.28788], [8.42773, 46.29831], [8.46481, 46.334], [8.46622, 46.4429], [8.46198, 46.45065], [8.43818, 46.46418], [8.40728, 46.45821], [8.38909, 46.45267], [8.37521, 46.45306], [8.31088, 46.42323], [8.29453, 46.40498], [8.31496, 46.38409], [8.28341, 46.36353], [8.26553, 46.35181], [8.26277, 46.34603], [8.23553, 46.34052], [8.21464, 46.31972], [8.21102, 46.31348], [8.19874, 46.3022], [8.13753, 46.30173], [8.09681, 46.27136], [8.08058, 46.26062], [8.08769, 46.25403], [8.14347, 46.2115], [8.15728, 46.18954], [8.16528, 46.18247], [8.15276, 46.15401], [8.15017, 46.14091], [8.12571, 46.13545], [8.1139, 46.11748], [8.08048, 46.10566], [8.04429, 46.10064], [8.02244, 46.07472], [8.01229, 46.01192], [7.98617, 45.99694], [7.89513, 45.98218], [7.88111, 45.96371], [7.87077, 45.94758], [7.87658, 45.92757], [7.76937, 45.93697], [7.70757, 45.93457], [7.6558, 45.97689], [7.58111, 45.97507], [7.56697, 45.98742], [7.53843, 45.95491], [7.3912, 45.89941], [7.31808, 45.91172], [7.22863, 45.89201], [7.17506, 45.86301], [7.11761, 45.85954], [7.09447, 45.87617], [7.06076, 45.91335], [7.04485, 45.92258]], [[12.41082, 43.93729], [12.50693, 43.99118], [12.51594, 43.94094], [12.48636, 43.89711], [12.40852, 43.90359], [12.41082, 43.93729]]], [[[8.30763, 39.17428], [8.22362, 39.16042], [8.24791, 39.10841], [8.30748, 39.10742], [8.30763, 39.17428]]], [[[9.24716, 41.24109], [9.16816, 41.24087], [9.1712, 41.1764], [9.10855, 41.1342], [9.00907, 41.12119], [8.94813, 41.05641], [8.87027, 41.01492], [8.87351, 40.99564], [8.78827, 40.92156], [8.70731, 40.914], [8.63303, 40.88243], [8.55055, 40.82846], [8.44909, 40.82081], [8.21932, 40.86822], [8.13579, 40.73061], [8.20261, 40.68812], [8.18929, 40.60569], [8.23274, 40.56869], [8.28853, 40.59949], [8.33784, 40.50051], [8.37417, 40.48964], [8.4019, 40.40996], [8.38299, 40.3386], [8.46311, 40.31585], [8.48297, 40.27324], [8.45936, 40.15087], [8.4926, 40.0867], [8.41568, 40.04156], [8.39314, 39.97919], [8.39798, 39.90903], [8.43895, 39.89194], [8.49701, 39.91653], [8.53743, 39.89237], [8.5585, 39.8156], [8.50131, 39.71094], [8.45337, 39.71054], [8.45117, 39.54574], [8.38731, 39.47586], [8.40944, 39.41687], [8.37161, 39.37369], [8.42024, 39.3324], [8.42746, 39.27243], [8.37046, 39.22997], [8.4371, 39.15444], [8.42628, 39.10829], [8.34891, 39.07918], [8.40318, 38.9635], [8.4377, 38.96268], [8.45906, 39.05272], [8.55823, 39.04944], [8.56467, 38.99945], [8.62388, 38.93883], [8.61872, 38.89007], [8.66794, 38.89436], [8.72785, 38.93732], [8.83437, 38.87787], [8.86111, 38.87799], [9.01504, 38.99126], [9.04637, 39.05856], [9.01714, 39.08723], [9.01796, 39.14886], [9.05955, 39.19264], [9.11076, 39.21377], [9.1675, 39.20587], [9.22502, 39.2274], [9.32176, 39.20347], [9.40711, 39.1431], [9.44926, 39.12907], [9.5562, 39.1342], [9.5699, 39.24001], [9.60624, 39.31588], [9.60649, 39.38517], [9.64564, 39.46272], [9.63271, 39.4991], [9.65416, 39.5534], [9.64623, 39.6521], [9.6769, 39.71338], [9.66918, 39.78424], [9.68164, 39.89877], [9.69886, 39.93606], [9.68743, 39.98676], [9.73162, 40.08857], [9.65113, 40.14815], [9.62505, 40.20946], [9.63201, 40.27555], [9.69046, 40.34432], [9.7736, 40.40803], [9.82847, 40.52882], [9.79526, 40.54553], [9.74334, 40.62398], [9.75299, 40.67275], [9.72064, 40.70088], [9.71366, 40.74606], [9.67079, 40.79369], [9.68686, 40.83513], [9.57093, 40.92476], [9.58117, 40.98308], [9.52057, 41.03084], [9.56219, 41.08532], [9.52562, 41.15684], [9.43913, 41.12658], [9.42313, 41.17699], [9.30099, 41.19079], [9.24716, 41.24109]]], [[[10.43086, 42.7936], [10.44506, 42.84673], [10.41516, 42.87178], [10.36224, 42.80362], [10.27691, 42.82297], [10.22719, 42.78929], [10.18556, 42.81171], [10.11028, 42.79481], [10.13786, 42.73151], [10.35736, 42.75955], [10.43086, 42.7936]]], [[[13.90595, 40.74914], [13.85935, 40.73824], [13.87224, 40.69702], [13.9648, 40.71239], [13.90595, 40.74914]]], [[[12.00189, 36.81932], [11.95449, 36.83893], [11.92767, 36.80048], [11.9941, 36.73784], [12.05197, 36.7556], [12.05314, 36.7923], [12.00189, 36.81932]]], [[[15.61274, 38.27218], [15.5398, 38.30309], [15.4347, 38.24576], [15.29798, 38.20734], [15.2416, 38.22071], [15.17958, 38.15858], [15.09879, 38.12314], [15.0445, 38.15174], [14.97613, 38.15202], [14.91697, 38.19146], [14.89358, 38.17405], [14.79716, 38.15581], [14.74873, 38.16617], [14.63699, 38.07233], [14.52385, 38.04299], [14.42587, 38.04057], [14.37479, 38.01661], [14.22881, 38.01015], [14.14027, 38.02234], [14.07048, 38.01865], [14.02154, 38.04133], [13.95, 38.03125], [13.84, 37.98389], [13.74437, 37.96966], [13.65187, 37.99765], [13.54159, 38.05726], [13.5331, 38.11131], [13.44153, 38.09445], [13.38065, 38.10922], [13.36638, 38.18166], [13.31883, 38.2237], [13.19236, 38.1691], [13.10799, 38.19147], [13.05232, 38.1383], [13.07782, 38.08826], [12.95611, 38.03285], [12.89201, 38.0237], [12.81281, 38.07812], [12.76201, 38.17745], [12.71074, 38.10879], [12.60737, 38.06474], [12.56189, 38.06489], [12.49411, 37.98372], [12.45859, 37.9079], [12.4854, 37.87523], [12.46105, 37.81641], [12.42511, 37.80157], [12.47069, 37.74353], [12.47186, 37.70247], [12.51672, 37.65999], [12.56099, 37.66154], [12.61168, 37.63609], [12.67188, 37.55862], [12.76515, 37.57773], [12.85532, 37.58057], [12.956, 37.56731], [13.01971, 37.49567], [13.0768, 37.50572], [13.17336, 37.48941], [13.32128, 37.36372], [13.35085, 37.35899], [13.44839, 37.29362], [13.56018, 37.28224], [13.66201, 37.20069], [13.7406, 37.15684], [13.8231, 37.14526], [13.90307, 37.0969], [14.06989, 37.11004], [14.16608, 37.093], [14.28583, 37.04231], [14.38814, 36.95223], [14.43908, 36.8761], [14.46195, 36.81581], [14.49443, 36.78585], [14.63003, 36.7648], [14.70315, 36.71669], [14.78281, 36.70334], [14.89562, 36.72892], [14.96865, 36.69146], [15.00951, 36.70363], [15.08659, 36.65095], [15.13946, 36.68507], [15.10071, 36.76011], [15.10665, 36.83871], [15.15458, 36.91762], [15.20871, 36.96378], [15.25424, 36.97307], [15.30327, 37.01352], [15.29317, 37.10765], [15.23692, 37.11508], [15.19811, 37.16319], [15.1895, 37.23595], [15.24155, 37.26029], [15.20691, 37.29298], [15.10528, 37.30997], [15.08774, 37.36785], [15.08415, 37.48621], [15.17656, 37.58146], [15.17452, 37.63212], [15.19838, 37.65462], [15.22309, 37.76805], [15.30541, 37.87935], [15.49274, 38.07429], [15.5652, 38.18545], [15.56151, 38.21133], [15.61274, 38.27218]]], [[[14.96374, 38.50953], [14.92507, 38.52285], [14.89829, 38.47957], [14.95448, 38.47149], [14.96374, 38.50953]]]]}}, {"type": "Feature", "properties": {"nazev": "Francie", "en": "France"}, "geometry": {"type": "MultiPolygon", "coordinates": [[[[8.72811, 42.56295], [8.80514, 42.57168], [8.80588, 42.60395], [8.87255, 42.61094], [8.9212, 42.63896], [9.00872, 42.6403], [9.05932, 42.66004], [9.08617, 42.71526], [9.16351, 42.73668], [9.22224, 42.73541], [9.28368, 42.67727], [9.32284, 42.69699], [9.34564, 42.74326], [9.34273, 42.79238], [9.30938, 42.83337], [9.3226, 42.89855], [9.36148, 42.92474], [9.3437, 42.99924], [9.42718, 43.01011], [9.4541, 42.98814], [9.49275, 42.80709], [9.46571, 42.75754], [9.4492, 42.66222], [9.52755, 42.56494], [9.54149, 42.45927], [9.53247, 42.38462], [9.55996, 42.28229], [9.55483, 42.12336], [9.41174, 41.94718], [9.39702, 41.8746], [9.40815, 41.76635], [9.40061, 41.69346], [9.36337, 41.63862], [9.33992, 41.55986], [9.28285, 41.53002], [9.28387, 41.4773], [9.24382, 41.44678], [9.25974, 41.41365], [9.21427, 41.36845], [9.09527, 41.41221], [9.07923, 41.44112], [8.78889, 41.55768], [8.79068, 41.62895], [8.8695, 41.64608], [8.88202, 41.67122], [8.77246, 41.7415], [8.69534, 41.74178], [8.7713, 41.81122], [8.80262, 41.89645], [8.75238, 41.93337], [8.71857, 41.90786], [8.64148, 41.90989], [8.59209, 41.96439], [8.6482, 41.96839], [8.65737, 42.01022], [8.74133, 42.04089], [8.7012, 42.11116], [8.59365, 42.12965], [8.57385, 42.22795], [8.60145, 42.2492], [8.68892, 42.26343], [8.66048, 42.30233], [8.55451, 42.33466], [8.60548, 42.41625], [8.65488, 42.41499], [8.67945, 42.46727], [8.66517, 42.51273], [8.71985, 42.52497], [8.72811, 42.56295]]], [[[-1.24593, 45.98994], [-1.23376, 45.92706], [-1.18837, 45.88261], [-1.19594, 45.82892], [-1.23174, 45.79996], [-1.26025, 45.86759], [-1.34136, 45.91887], [-1.39577, 45.97684], [-1.31513, 45.99389], [-1.24593, 45.98994]]], [[[-1.56094, 46.2363], [-1.48199, 46.24719], [-1.29275, 46.18735], [-1.32161, 46.14504], [-1.46158, 46.20212], [-1.53452, 46.20253], [-1.56094, 46.2363]]], [[[0.96487, 42.80453], [0.93088, 42.78902], [0.85826, 42.82571], [0.77884, 42.83602], [0.70839, 42.86123], [0.66066, 42.84009], [0.67133, 42.80584], [0.63965, 42.75497], [0.68021, 42.72323], [0.67633, 42.69101], [0.52619, 42.70232], [0.39653, 42.69429], [0.36014, 42.72416], [0.29501, 42.67333], [0.2599, 42.71598], [0.17613, 42.73695], [-0.01455, 42.68473], [-0.06159, 42.69468], [-0.13738, 42.76529], [-0.2767, 42.83792], [-0.34648, 42.8373], [-0.38565, 42.8009], [-0.43962, 42.79705], [-0.51093, 42.8245], [-0.56766, 42.78116], [-0.60213, 42.83191], [-0.73303, 42.89795], [-0.75187, 42.96709], [-0.80958, 42.95134], [-0.91439, 42.96367], [-0.9451, 42.95341], [-1.01368, 42.99287], [-1.072, 42.99785], [-1.22924, 43.05565], [-1.24772, 43.04266], [-1.346, 43.09067], [-1.35374, 43.02798], [-1.44144, 43.04615], [-1.47137, 43.09173], [-1.415, 43.1288], [-1.38259, 43.18904], [-1.38434, 43.25362], [-1.53566, 43.29422], [-1.58165, 43.25314], [-1.6252, 43.30667], [-1.7855, 43.34947], [-1.77406, 43.37033], [-1.60451, 43.43041], [-1.52992, 43.51914], [-1.44818, 43.64229], [-1.41996, 43.77266], [-1.38364, 43.88439], [-1.30645, 44.17063], [-1.25843, 44.43018], [-1.26026, 44.53952], [-1.22493, 44.57891], [-1.18121, 44.66357], [-1.08109, 44.64019], [-1.00362, 44.64877], [-1.03667, 44.6959], [-1.16191, 44.77491], [-1.2326, 44.69303], [-1.25206, 44.71071], [-1.22681, 44.8398], [-1.16201, 45.2997], [-1.1569, 45.47254], [-1.13842, 45.50837], [-1.06555, 45.51052], [-0.8035, 45.34452], [-0.74748, 45.23352], [-0.6901, 45.23637], [-0.74512, 45.40908], [-0.8197, 45.49203], [-0.92949, 45.55618], [-0.97097, 45.56284], [-1.01822, 45.61996], [-1.1149, 45.64634], [-1.21002, 45.69681], [-1.24184, 45.78595], [-1.13207, 45.80493], [-1.16443, 45.8499], [-1.11065, 45.86255], [-1.06431, 45.94992], [-1.06593, 46.04983], [-1.12822, 46.12655], [-1.20692, 46.14577], [-1.19985, 46.21263], [-1.11133, 46.26116], [-1.12939, 46.31028], [-1.20203, 46.31609], [-1.20738, 46.26657], [-1.34311, 46.34285], [-1.47039, 46.345], [-1.50561, 46.39979], [-1.62349, 46.41295], [-1.71067, 46.45105], [-1.81845, 46.51806], [-1.857, 46.60985], [-1.94478, 46.69389], [-2.05822, 46.77491], [-2.14195, 46.81897], [-2.155, 46.88964], [-2.0582, 46.95093], [-2.02658, 47.00953], [-1.9804, 47.0274], [-2.05204, 47.09379], [-2.24263, 47.13245], [-2.17918, 47.15596], [-2.1586, 47.20974], [-2.16996, 47.26845], [-2.01048, 47.28455], [-2.01025, 47.31472], [-2.11901, 47.30508], [-2.29814, 47.23305], [-2.39254, 47.28166], [-2.44748, 47.26142], [-2.5153, 47.28522], [-2.50058, 47.32373], [-2.5336, 47.38354], [-2.45301, 47.42584], [-2.50067, 47.45851], [-2.46681, 47.51187], [-2.63948, 47.5162], [-2.81611, 47.48676], [-2.87523, 47.53432], [-2.73077, 47.54226], [-2.72105, 47.60308], [-2.81194, 47.62229], [-2.8883, 47.60369], [-2.96396, 47.55716], [-3.05196, 47.5779], [-3.13441, 47.54586], [-3.15827, 47.60668], [-3.28786, 47.70092], [-3.36645, 47.71679], [-3.45013, 47.69511], [-3.53199, 47.76772], [-3.68221, 47.777], [-3.72452, 47.80525], [-3.80044, 47.78733], [-3.85052, 47.79718], [-3.91139, 47.86641], [-4.04054, 47.84449], [-4.11354, 47.8692], [-4.16248, 47.84913], [-4.17521, 47.80658], [-4.21875, 47.79204], [-4.3742, 47.79793], [-4.3477, 47.84897], [-4.38804, 47.92662], [-4.45091, 47.98102], [-4.53698, 48.01205], [-4.69729, 48.02611], [-4.67188, 48.06014], [-4.58173, 48.08226], [-4.48816, 48.08685], [-4.37441, 48.11012], [-4.30606, 48.08911], [-4.26961, 48.13183], [-4.30351, 48.1957], [-4.36943, 48.20508], [-4.46392, 48.23935], [-4.56134, 48.23014], [-4.55308, 48.29459], [-4.50262, 48.28083], [-4.42807, 48.2907], [-4.36721, 48.27769], [-4.30715, 48.29749], [-4.32997, 48.34092], [-4.45798, 48.32723], [-4.42314, 48.39717], [-4.53376, 48.35757], [-4.71062, 48.33076], [-4.78368, 48.40737], [-4.76358, 48.47223], [-4.77894, 48.50369], [-4.7041, 48.57015], [-4.62418, 48.57473], [-4.54028, 48.63391], [-4.46524, 48.62607], [-4.34915, 48.67644], [-4.21548, 48.6489], [-4.18244, 48.68578], [-3.96535, 48.72173], [-3.96917, 48.67607], [-3.8926, 48.64281], [-3.8311, 48.71241], [-3.64368, 48.69626], [-3.61055, 48.6699], [-3.55056, 48.74835], [-3.58582, 48.77984], [-3.48301, 48.83773], [-3.44057, 48.79827], [-3.31968, 48.83848], [-3.20276, 48.83489], [-3.12986, 48.86433], [-3.07917, 48.83001], [-3.01912, 48.82208], [-3.0291, 48.77554], [-2.92848, 48.75472], [-2.94737, 48.72329], [-2.8266, 48.65582], [-2.81962, 48.5935], [-2.72481, 48.54689], [-2.68641, 48.49313], [-2.55125, 48.59462], [-2.32782, 48.67326], [-2.28523, 48.66446], [-2.24561, 48.61516], [-2.1756, 48.57639], [-2.14144, 48.63148], [-2.02859, 48.65029], [-1.97317, 48.68312], [-1.85015, 48.69938], [-1.87214, 48.6457], [-1.84054, 48.61404], [-1.76857, 48.60338], [-1.6642, 48.61012], [-1.54227, 48.63115], [-1.44477, 48.62724], [-1.39924, 48.65481], [-1.50916, 48.69333], [-1.57457, 48.75476], [-1.56912, 48.80326], [-1.60134, 48.8365], [-1.56267, 48.92612], [-1.55683, 49.02663], [-1.59381, 49.02249], [-1.61063, 49.09944], [-1.60552, 49.19187], [-1.64104, 49.22163], [-1.71086, 49.32608], [-1.82279, 49.39838], [-1.85091, 49.50882], [-1.8869, 49.527], [-1.83981, 49.57735], [-1.86032, 49.65018], [-1.94691, 49.67453], [-1.91747, 49.72524], [-1.82401, 49.69053], [-1.72483, 49.67806], [-1.60263, 49.64604], [-1.52188, 49.65672], [-1.42082, 49.70434], [-1.27611, 49.69579], [-1.22809, 49.62359], [-1.30556, 49.57058], [-1.30638, 49.53892], [-1.17118, 49.41251], [-1.17891, 49.37794], [-1.11791, 49.36051], [-1.07112, 49.39027], [-0.92537, 49.3925], [-0.8432, 49.3606], [-0.59876, 49.3398], [-0.41487, 49.33557], [-0.22571, 49.28181], [-0.09961, 49.2976], [-0.01351, 49.32106], [0.13233, 49.40356], [0.23219, 49.42814], [0.19502, 49.45485], [0.11367, 49.47018], [0.06914, 49.52555], [0.19229, 49.70696], [0.32041, 49.74145], [0.58353, 49.85261], [0.76388, 49.87174], [0.92978, 49.90673], [1.02004, 49.9161], [1.1945, 49.96803], [1.45373, 50.10996], [1.54035, 50.27349], [1.56888, 50.43991], [1.58124, 50.56275], [1.56068, 50.69966], [1.59406, 50.73336], [1.60311, 50.80317], [1.58093, 50.86954], [1.64419, 50.87972], [1.72615, 50.93693], [1.91518, 50.98399], [2.10294, 51.00602], [2.35522, 51.0591], [2.38103, 51.04862], [2.54545, 51.08903], [2.57949, 50.99914], [2.63278, 50.9463], [2.60792, 50.9098], [2.63517, 50.81295], [2.71083, 50.81353], [2.79455, 50.72492], [2.91068, 50.6942], [2.93707, 50.74253], [3.05874, 50.78074], [3.15092, 50.78369], [3.20881, 50.71311], [3.25942, 50.68067], [3.24413, 50.64067], [3.27478, 50.60477], [3.28652, 50.52793], [3.37711, 50.49107], [3.44697, 50.50597], [3.60778, 50.49705], [3.66905, 50.43862], [3.67296, 50.33502], [3.83817, 50.35424], [3.9031, 50.32714], [3.96824, 50.35004], [4.03763, 50.34292], [4.22006, 50.25183], [4.15075, 50.2135], [4.14418, 50.12862], [4.19729, 50.13527], [4.22184, 50.06263], [4.13587, 50.02014], [4.20201, 49.957], [4.3126, 49.96703], [4.4457, 49.93732], [4.51154, 49.94675], [4.58179, 49.98348], [4.68866, 49.99549], [4.70214, 50.09547], [4.82422, 50.16087], [4.87815, 50.15348], [4.87586, 50.09452], [4.81944, 50.06075], [4.83493, 50.03451], [4.79101, 49.95836], [4.84718, 49.94895], [4.89009, 49.90898], [4.85066, 49.86563], [4.85909, 49.7969], [4.96877, 49.8016], [5.07179, 49.76099], [5.16617, 49.69301], [5.26852, 49.69655], [5.32857, 49.65842], [5.30482, 49.62462], [5.39371, 49.61732], [5.4312, 49.59257], [5.47088, 49.49727], [5.55668, 49.52921], [5.61577, 49.52728], [5.8186, 49.5464], [5.89339, 49.49692], [5.93662, 49.47768], [5.92693, 49.40462], [5.96244, 49.35593], [5.95083, 49.32688], [6.00637, 49.30177], [6.02295, 49.22355], [5.98518, 49.18487], [5.99739, 49.10787], [5.92479, 49.09192], [5.95779, 49.0474], [6.0451, 49.01355], [6.04376, 48.98418], [6.13221, 48.93474], [6.21183, 48.93846], [6.32675, 48.90736], [6.31172, 48.86385], [6.35546, 48.79207], [6.50502, 48.75256], [6.55938, 48.75502], [6.60543, 48.71709], [6.68555, 48.68136], [6.86087, 48.62028], [6.93464, 48.63272], [7.03374, 48.5779], [7.08668, 48.51559], [7.13582, 48.49758], [7.10193, 48.45143], [7.11609, 48.33437], [7.19832, 48.31049], [7.13306, 48.24755], [7.05803, 48.13772], [7.00131, 48.0218], [6.93092, 47.97221], [6.92005, 47.8503], [6.84258, 47.81202], [6.87153, 47.78162], [6.94313, 47.76646], [7.03743, 47.72156], [7.01575, 47.59179], [7.0854, 47.59306], [7.13982, 47.52608], [7.13745, 47.50941], [7.13432, 47.50504], [7.13068, 47.50316], [7.12798, 47.50434], [7.0752, 47.48862], [7.0246, 47.50456], [6.98605, 47.4938], [6.98554, 47.49216], [6.98578, 47.47667], [6.99181, 47.46594], [6.99997, 47.4668], [7.00085, 47.46209], [7.00144, 47.45424], [6.99474, 47.44943], [6.97042, 47.44716], [6.93985, 47.43358], [6.9381, 47.40651], [6.88293, 47.37255], [6.87878, 47.3579], [6.87968, 47.35218], [6.88367, 47.35214], [6.89579, 47.3582], [6.92388, 47.35518], [6.99536, 47.36298], [7.04938, 47.3616], [7.06237, 47.34403], [7.05969, 47.33976], [7.05598, 47.33457], [7.04407, 47.32689], [7.00731, 47.30134], [6.97361, 47.29128], [6.95245, 47.29213], [6.94756, 47.29089], [6.94522, 47.28891], [6.94124, 47.28522], [6.94581, 47.27818], [6.95219, 47.26928], [6.95551, 47.243], [6.93892, 47.23059], [6.8801, 47.20026], [6.84085, 47.17094], [6.80531, 47.13055], [6.7405, 47.10952], [6.61786, 46.9922], [6.5053, 46.96606], [6.49689, 46.9743], [6.45965, 46.94383], [6.43199, 46.92881], [6.43525, 46.9217], [6.45742, 46.90075], [6.46396, 46.89031], [6.45973, 46.85148], [6.44249, 46.83226], [6.45774, 46.78877], [6.45149, 46.77439], [6.43003, 46.75693], [6.28068, 46.6905], [6.17554, 46.61367], [6.13961, 46.59758], [6.11054, 46.5765], [6.1383, 46.55775], [6.15659, 46.54529], [6.15347, 46.53682], [6.13793, 46.53088], [6.11255, 46.50947], [6.07278, 46.46537], [6.06407, 46.41636], [6.16921, 46.36551], [6.10301, 46.27834], [6.12353, 46.25063], [6.01294, 46.23061], [5.9733, 46.13158], [5.982, 46.13733], [5.99423, 46.1444], [6.03157, 46.13923], [6.04497, 46.14058], [6.0463, 46.14192], [6.12832, 46.14076], [6.13498, 46.14226], [6.14861, 46.15012], [6.18909, 46.16737], [6.23306, 46.20605], [6.23597, 46.20633], [6.29547, 46.22578], [6.29397, 46.25817], [6.25002, 46.26219], [6.24185, 46.28501], [6.25125, 46.28791], [6.21896, 46.31195], [6.25295, 46.36043], [6.33452, 46.404], [6.42374, 46.41524], [6.51948, 46.45716], [6.68087, 46.45445], [6.82138, 46.42753], [6.80513, 46.39428], [6.80273, 46.38472], [6.77015, 46.35223], [6.86489, 46.28004], [6.80328, 46.20327], [6.7985, 46.13543], [6.90037, 46.12394], [6.87215, 46.05162], [6.9343, 46.06598], [7.0062, 46.0003], [7.04215, 45.93002], [7.04485, 45.92258], [7.01534, 45.90739], [7.00952, 45.90437], [7.00759, 45.90297], [6.99094, 45.86858], [6.91316, 45.84285], [6.82017, 45.83693], [6.80497, 45.81747], [6.80852, 45.72548], [6.93122, 45.64584], [7.00112, 45.63957], [6.97785, 45.58989], [6.9906, 45.53074], [7.04838, 45.47245], [7.1046, 45.46816], [7.11461, 45.43286], [7.18594, 45.40455], [7.1645, 45.36053], [7.1107, 45.32652], [7.12522, 45.24395], [7.08155, 45.22402], [6.96577, 45.20793], [6.84741, 45.13553], [6.76826, 45.15981], [6.68054, 45.1403], [6.62698, 45.10471], [6.66212, 45.07164], [6.67514, 45.01939], [6.74302, 45.01647], [6.76347, 44.97122], [6.74976, 44.90736], [6.84026, 44.8599], [6.87019, 44.84962], [6.9071, 44.84439], [6.92213, 44.85113], [6.96131, 44.85066], [6.99508, 44.84196], [7.00946, 44.79834], [7.00594, 44.78514], [7.01171, 44.78369], [7.02509, 44.75629], [7.02346, 44.74003], [7.04241, 44.7184], [7.0756, 44.69031], [7.05973, 44.67996], [6.99543, 44.69024], [6.96319, 44.67811], [6.95123, 44.65863], [6.94801, 44.65222], [6.96234, 44.62658], [6.93287, 44.57337], [6.90601, 44.55704], [6.89176, 44.5545], [6.85665, 44.53308], [6.86568, 44.49501], [6.88307, 44.47629], [6.91797, 44.4274], [6.89275, 44.42074], [6.9266, 44.33287], [6.99419, 44.28053], [7.00853, 44.23524], [7.06818, 44.23237], [7.14334, 44.20015], [7.18671, 44.20129], [7.18845, 44.20079], [7.22087, 44.16834], [7.35711, 44.11668], [7.4299, 44.13004], [7.42524, 44.06326], [7.53554, 44.05148], [7.66439, 43.98788], [7.57384, 43.9369], [7.55907, 43.89719], [7.49507, 43.85581], [7.52983, 43.78401], [7.461, 43.76039], [7.41562, 43.72573], [7.24189, 43.68848], [7.22689, 43.6569], [7.14682, 43.64517], [7.10127, 43.57067], [7.04092, 43.54209], [6.97184, 43.54544], [6.95628, 43.49654], [6.89167, 43.42844], [6.73598, 43.4087], [6.71605, 43.34669], [6.58521, 43.27951], [6.66419, 43.2646], [6.67024, 43.20569], [6.61775, 43.16223], [6.56201, 43.18908], [6.4967, 43.15311], [6.36787, 43.13628], [6.34114, 43.08861], [6.27703, 43.11995], [6.20168, 43.11604], [6.12545, 43.07826], [6.02153, 43.07825], [6.00625, 43.10398], [5.93584, 43.10686], [5.85867, 43.04762], [5.79972, 43.07454], [5.80725, 43.11571], [5.74006, 43.13344], [5.65052, 43.18841], [5.57212, 43.17277], [5.53723, 43.21448], [5.35675, 43.20835], [5.37525, 43.25883], [5.36406, 43.3141], [5.30827, 43.3614], [5.22936, 43.32873], [5.04103, 43.32728], [4.9655, 43.42656], [4.93137, 43.43316], [4.86684, 43.40468], [4.88875, 43.36157], [4.83761, 43.3272], [4.77374, 43.34896], [4.60399, 43.35366], [4.59598, 43.40623], [4.54728, 43.44862], [4.42155, 43.4475], [4.23027, 43.46021], [4.14822, 43.47723], [4.10103, 43.55437], [4.007, 43.55166], [3.88608, 43.50674], [3.79666, 43.44104], [3.65218, 43.38795], [3.5095, 43.27172], [3.41978, 43.29005], [3.34354, 43.27031], [3.27133, 43.23341], [3.17911, 43.16711], [3.10717, 43.08918], [3.04284, 42.96016], [3.06071, 42.91743], [3.04348, 42.83815], [3.03478, 42.66031], [3.05794, 42.53627], [3.14189, 42.51575], [3.17403, 42.43513], [3.08597, 42.42578], [3.04104, 42.47257], [2.94474, 42.47951], [2.91853, 42.45617], [2.83947, 42.45918], [2.79943, 42.41821], [2.71668, 42.42077], [2.65931, 42.37965], [2.67556, 42.34229], [2.57129, 42.35853], [2.54214, 42.33389], [2.48331, 42.33984], [2.43348, 42.39328], [2.36093, 42.4028], [2.25704, 42.43856], [2.20688, 42.41715], [2.12882, 42.4138], [2.05901, 42.35874], [1.9859, 42.36213], [1.94305, 42.44446], [1.88445, 42.44982], [1.82357, 42.48649], [1.76293, 42.48748], [1.74809, 42.49523], [1.731, 42.4924], [1.72579, 42.50439], [1.72594, 42.51429], [1.72184, 42.51728], [1.73917, 42.55562], [1.75047, 42.56401], [1.76958, 42.56452], [1.78599, 42.5737], [1.78092, 42.58262], [1.76072, 42.58094], [1.72654, 42.58913], [1.7263, 42.60033], [1.73189, 42.60743], [1.73029, 42.61484], [1.71409, 42.61462], [1.68297, 42.62492], [1.601, 42.62562], [1.54924, 42.65579], [1.47875, 42.65167], [1.44781, 42.60381], [1.44074, 42.58803], [1.42841, 42.5878], [1.43862, 42.60315], [1.4144, 42.65513], [1.35782, 42.72062], [1.22936, 42.72841], [1.1654, 42.7095], [1.10869, 42.77109], [0.96487, 42.80453]]], [[[-3.15663, 47.36087], [-3.09311, 47.31509], [-3.22228, 47.29365], [-3.26264, 47.37133], [-3.15663, 47.36087]]]]}}, {"type": "Feature", "properties": {"nazev": "Španělsko", "en": "España"}, "geometry": {"type": "MultiPolygon", "coordinates": [[[[-7.40191, 37.17482], [-7.35656, 37.17433], [-7.28492, 37.20069], [-7.10893, 37.20739], [-7.02111, 37.20104], [-6.77665, 37.11319], [-6.59247, 37.02055], [-6.51454, 36.97181], [-6.44833, 36.90627], [-6.39355, 36.80418], [-6.3534, 36.7896], [-6.44286, 36.7378], [-6.38768, 36.62863], [-6.29905, 36.61755], [-6.22384, 36.56249], [-6.2338, 36.50381], [-6.21881, 36.39259], [-6.18227, 36.3686], [-6.14191, 36.29544], [-6.08871, 36.26519], [-6.05102, 36.20051], [-5.97451, 36.1774], [-5.91496, 36.18479], [-5.87271, 36.15623], [-5.7973, 36.0783], [-5.6521, 36.05292], [-5.60548, 36.00994], [-5.48574, 36.05452], [-5.44347, 36.08906], [-5.44501, 36.1554], [-5.38422, 36.17986], [-5.33922, 36.15204], [-5.31709, 36.22921], [-5.24595, 36.31309], [-5.22108, 36.37352], [-5.17635, 36.41466], [-5.0813, 36.45048], [-5.00559, 36.45956], [-4.93601, 36.49939], [-4.87346, 36.50798], [-4.75686, 36.48573], [-4.63816, 36.50709], [-4.58505, 36.57373], [-4.50951, 36.59935], [-4.41973, 36.71508], [-4.39447, 36.72228], [-4.24943, 36.71012], [-4.10849, 36.72535], [-4.06764, 36.7487], [-3.95728, 36.7261], [-3.83549, 36.75405], [-3.67804, 36.72993], [-3.60209, 36.7445], [-3.55057, 36.71458], [-3.42036, 36.6941], [-3.3384, 36.7384], [-3.24445, 36.75448], [-3.15854, 36.74736], [-2.93907, 36.75094], [-2.85761, 36.69851], [-2.81448, 36.70599], [-2.7711, 36.68076], [-2.70059, 36.68272], [-2.64618, 36.70258], [-2.56302, 36.81614], [-2.47341, 36.83691], [-2.42509, 36.81103], [-2.36809, 36.84146], [-2.31982, 36.83418], [-2.25937, 36.79391], [-2.19217, 36.72158], [-2.12434, 36.73184], [-2.06057, 36.77767], [-2.06048, 36.80904], [-1.99554, 36.85033], [-2.00361, 36.88154], [-1.93156, 36.93894], [-1.84956, 37.06832], [-1.82351, 37.16954], [-1.79627, 37.22938], [-1.70756, 37.3042], [-1.673, 37.35598], [-1.59072, 37.40214], [-1.48425, 37.43568], [-1.46504, 37.48131], [-1.40227, 37.50725], [-1.32532, 37.56244], [-1.26389, 37.55867], [-1.20158, 37.57363], [-1.16529, 37.54162], [-1.07343, 37.58413], [-1.02321, 37.57328], [-0.98932, 37.59808], [-0.95115, 37.55864], [-0.73174, 37.60156], [-0.74023, 37.63256], [-0.8052, 37.65917], [-0.85688, 37.71302], [-0.84501, 37.74892], [-0.75809, 37.81675], [-0.7501, 37.89866], [-0.66857, 37.97716], [-0.65233, 38.01017], [-0.63417, 38.14246], [-0.59519, 38.18785], [-0.50988, 38.202], [-0.51917, 38.30084], [-0.50952, 38.32773], [-0.44375, 38.36267], [-0.3724, 38.44375], [-0.2858, 38.48834], [-0.14968, 38.53576], [-0.09791, 38.52339], [-0.04886, 38.56357], [-0.05536, 38.59153], [-0.00782, 38.62979], [0.07045, 38.6394], [0.23287, 38.74557], [0.17354, 38.81364], [0.0936, 38.85454], [-0.0151, 38.87205], [-0.14687, 38.9834], [-0.20996, 39.07847], [-0.23876, 39.14433], [-0.22211, 39.18872], [-0.29166, 39.3077], [-0.3352, 39.42607], [-0.31071, 39.53048], [-0.24834, 39.62688], [-0.20969, 39.65248], [-0.18287, 39.73258], [-0.08393, 39.85631], [-0.00584, 39.91594], [0.05176, 40.03762], [0.12055, 40.06239], [0.20121, 40.18075], [0.26509, 40.20949], [0.40374, 40.36122], [0.41733, 40.39958], [0.48569, 40.47664], [0.53832, 40.56746], [0.59821, 40.62044], [0.7501, 40.63505], [0.86973, 40.69418], [0.88758, 40.71941], [0.72868, 40.77028], [0.69973, 40.80384], [0.79239, 40.86666], [0.89843, 40.97532], [0.96651, 41.02842], [1.05085, 41.06449], [1.12899, 41.07529], [1.17293, 41.05586], [1.19777, 41.09291], [1.29309, 41.12603], [1.40746, 41.14097], [1.5267, 41.18082], [1.67308, 41.19814], [1.92183, 41.26002], [2.02038, 41.26596], [2.11957, 41.29206], [2.25275, 41.44796], [2.37609, 41.49416], [2.46839, 41.54591], [2.5555, 41.57925], [2.7785, 41.64882], [2.85309, 41.69964], [2.93519, 41.71521], [2.97634, 41.75697], [3.04442, 41.77887], [3.09992, 41.84326], [3.17742, 41.86787], [3.2337, 41.95032], [3.19997, 41.99514], [3.21132, 42.05397], [3.17694, 42.11161], [3.12423, 42.12802], [3.11166, 42.20385], [3.17373, 42.26395], [3.21911, 42.23231], [3.26611, 42.23872], [3.2769, 42.27985], [3.32231, 42.31938], [3.22951, 42.35145], [3.19653, 42.33502], [3.15299, 42.394], [3.17403, 42.43513], [3.08597, 42.42578], [3.04104, 42.47257], [2.94474, 42.47951], [2.91853, 42.45617], [2.83947, 42.45918], [2.79943, 42.41821], [2.71668, 42.42077], [2.65931, 42.37965], [2.67556, 42.34229], [2.57129, 42.35853], [2.54214, 42.33389], [2.48331, 42.33984], [2.43348, 42.39328], [2.36093, 42.4028], [2.25704, 42.43856], [2.20688, 42.41715], [2.12882, 42.4138], [2.05901, 42.35874], [1.9859, 42.36213], [1.94305, 42.44446], [1.88445, 42.44982], [1.82357, 42.48649], [1.76293, 42.48748], [1.74809, 42.49523], [1.731, 42.4924], [1.72579, 42.50439], [1.71147, 42.49221], [1.7037, 42.48976], [1.66242, 42.4931], [1.64584, 42.46875], [1.56063, 42.45855], [1.51583, 42.4288], [1.44447, 42.44139], [1.4411, 42.47545], [1.4313, 42.4827], [1.42141, 42.483], [1.41922, 42.48425], [1.42587, 42.49347], [1.44342, 42.49519], [1.46927, 42.51074], [1.44478, 42.56676], [1.43314, 42.57558], [1.42729, 42.58336], [1.42841, 42.5878], [1.43862, 42.60315], [1.4144, 42.65513], [1.35782, 42.72062], [1.22936, 42.72841], [1.1654, 42.7095], [1.10869, 42.77109], [0.96487, 42.80453], [0.93088, 42.78902], [0.85826, 42.82571], [0.77884, 42.83602], [0.70839, 42.86123], [0.66066, 42.84009], [0.67133, 42.80584], [0.63965, 42.75497], [0.68021, 42.72323], [0.67633, 42.69101], [0.52619, 42.70232], [0.39653, 42.69429], [0.36014, 42.72416], [0.29501, 42.67333], [0.2599, 42.71598], [0.17613, 42.73695], [-0.01455, 42.68473], [-0.06159, 42.69468], [-0.13738, 42.76529], [-0.2767, 42.83792], [-0.34648, 42.8373], [-0.38565, 42.8009], [-0.43962, 42.79705], [-0.51093, 42.8245], [-0.56766, 42.78116], [-0.60213, 42.83191], [-0.73303, 42.89795], [-0.75187, 42.96709], [-0.80958, 42.95134], [-0.91439, 42.96367], [-0.9451, 42.95341], [-1.01368, 42.99287], [-1.072, 42.99785], [-1.22924, 43.05565], [-1.24772, 43.04266], [-1.346, 43.09067], [-1.35374, 43.02798], [-1.44144, 43.04615], [-1.47137, 43.09173], [-1.415, 43.1288], [-1.38259, 43.18904], [-1.38434, 43.25362], [-1.53566, 43.29422], [-1.58165, 43.25314], [-1.6252, 43.30667], [-1.7855, 43.34947], [-1.80089, 43.39048], [-1.85833, 43.37529], [-1.92278, 43.33334], [-1.96215, 43.33815], [-2.17802, 43.28776], [-2.21573, 43.30875], [-2.28505, 43.29472], [-2.35608, 43.30307], [-2.4553, 43.33663], [-2.50963, 43.37757], [-2.61878, 43.39177], [-2.70135, 43.41368], [-2.7518, 43.45674], [-2.80696, 43.43063], [-2.94543, 43.43557], [-2.95854, 43.41261], [-3.03791, 43.3736], [-3.16178, 43.35104], [-3.25738, 43.40287], [-3.32657, 43.41592], [-3.42664, 43.41351], [-3.43544, 43.46472], [-3.49595, 43.47145], [-3.59091, 43.51376], [-3.77094, 43.44557], [-3.81202, 43.49501], [-3.86236, 43.47566], [-3.94477, 43.46878], [-3.98208, 43.44119], [-4.08173, 43.43346], [-4.11784, 43.41695], [-4.28953, 43.39091], [-4.5123, 43.39318], [-4.65431, 43.40244], [-4.7696, 43.43038], [-4.94604, 43.46138], [-5.03615, 43.46065], [-5.13484, 43.48065], [-5.21487, 43.47371], [-5.29935, 43.53671], [-5.38343, 43.53524], [-5.40884, 43.55618], [-5.69589, 43.54393], [-5.75715, 43.58451], [-5.81073, 43.64227], [-5.85934, 43.63576], [-5.96028, 43.57843], [-6.01754, 43.58236], [-6.11371, 43.55511], [-6.24253, 43.58968], [-6.35429, 43.5509], [-6.39656, 43.56007], [-6.53077, 43.54771], [-6.62774, 43.56981], [-6.78372, 43.55636], [-6.91629, 43.57312], [-6.97361, 43.55714], [-7.07119, 43.55253], [-7.24381, 43.56491], [-7.33315, 43.62806], [-7.35621, 43.67084], [-7.46861, 43.70279], [-7.52462, 43.73588], [-7.60371, 43.70118], [-7.63517, 43.75306], [-7.72627, 43.75097], [-7.7886, 43.73309], [-7.84403, 43.67542], [-7.87315, 43.70644], [-7.85945, 43.76282], [-8.00042, 43.70495], [-8.06501, 43.7007], [-8.07563, 43.65979], [-8.32374, 43.52379], [-8.30611, 43.40472], [-8.34697, 43.34822], [-8.39153, 43.38539], [-8.43975, 43.38165], [-8.51317, 43.32677], [-8.59119, 43.32146], [-8.71075, 43.28952], [-8.84906, 43.32359], [-8.91067, 43.32125], [-8.95661, 43.29371], [-8.93967, 43.22682], [-9.01312, 43.22422], [-9.07833, 43.1812], [-9.17374, 43.18808], [-9.20433, 43.12892], [-9.25061, 43.09305], [-9.26235, 42.97078], [-9.21791, 42.93188], [-9.16149, 42.91347], [-9.11352, 42.81014], [-9.11382, 42.76101], [-9.04236, 42.7873], [-8.98189, 42.77833], [-9.03358, 42.69517], [-9.03708, 42.64799], [-9.07647, 42.5844], [-8.98322, 42.54412], [-8.90217, 42.63332], [-8.82626, 42.667], [-8.76624, 42.60156], [-8.83398, 42.55019], [-8.81623, 42.5254], [-8.88525, 42.45687], [-8.83881, 42.38406], [-8.79944, 42.40031], [-8.72583, 42.38517], [-8.75516, 42.34046], [-8.84682, 42.29716], [-8.82871, 42.25094], [-8.68981, 42.27999], [-8.67709, 42.26434], [-8.81132, 42.19068], [-8.81933, 42.12879], [-8.89932, 42.11039], [-8.8832, 42.03933], [-8.88225, 41.88223], [-8.86319, 41.87205], [-8.75537, 41.93497], [-8.74639, 41.96323], [-8.66073, 42.0062], [-8.63013, 42.05], [-8.5573, 42.05131], [-8.52748, 42.07763], [-8.43016, 42.07256], [-8.32337, 42.10108], [-8.19577, 42.15085], [-8.17142, 42.06773], [-8.09686, 42.07182], [-8.08543, 42.01699], [-8.16344, 41.98271], [-8.21699, 41.91365], [-8.16167, 41.86066], [-8.16487, 41.81829], [-8.05751, 41.81618], [-8.01174, 41.83353], [-7.97095, 41.87617], [-7.9227, 41.8797], [-7.88761, 41.92707], [-7.84496, 41.88155], [-7.70409, 41.90784], [-7.57416, 41.82989], [-7.48502, 41.86129], [-7.40757, 41.81745], [-7.38995, 41.83882], [-7.3158, 41.84285], [-7.19728, 41.88007], [-7.1735, 41.91954], [-7.18665, 41.96988], [-7.14127, 41.99084], [-7.07351, 41.95032], [-6.82114, 41.94631], [-6.77825, 41.98759], [-6.75062, 41.94339], [-6.62121, 41.93995], [-6.5738, 41.96067], [-6.54598, 41.93068], [-6.57119, 41.88362], [-6.51794, 41.87537], [-6.56899, 41.74351], [-6.51211, 41.66125], [-6.45135, 41.68159], [-6.35679, 41.67702], [-6.25355, 41.63312], [-6.18936, 41.57503], [-6.28523, 41.47822], [-6.32804, 41.41575], [-6.31832, 41.38614], [-6.41617, 41.34799], [-6.44826, 41.29935], [-6.57127, 41.23906], [-6.6481, 41.24707], [-6.70911, 41.17359], [-6.76744, 41.13525], [-6.75382, 41.10333], [-6.80838, 41.03652], [-6.93004, 41.02989], [-6.85744, 40.94241], [-6.84969, 40.90352], [-6.80191, 40.84943], [-6.83124, 40.75269], [-6.79958, 40.65441], [-6.84522, 40.56609], [-6.80088, 40.55068], [-6.81062, 40.50514], [-6.84975, 40.45263], [-6.83486, 40.40821], [-6.79413, 40.37263], [-6.79101, 40.33387], [-6.86154, 40.29933], [-6.86672, 40.26638], [-6.95124, 40.25752], [-6.99742, 40.23599], [-7.02894, 40.18537], [-7.01197, 40.12693], [-6.9417, 40.11292], [-6.86421, 40.01186], [-6.8857, 39.98046], [-6.90317, 39.87268], [-6.98116, 39.8204], [-6.97679, 39.77276], [-7.01541, 39.67085], [-7.14671, 39.65303], [-7.24424, 39.66684], [-7.33378, 39.64124], [-7.45291, 39.66328], [-7.53599, 39.66775], [-7.49944, 39.58996], [-7.38134, 39.49187], [-7.29468, 39.45599], [-7.32174, 39.38631], [-7.31061, 39.34101], [-7.23147, 39.27841], [-7.24134, 39.20856], [-7.13222, 39.16477], [-7.1496, 39.12247], [-7.10582, 39.09945], [-7.02995, 39.11652], [-6.98162, 39.08845], [-6.9514, 39.02406], [-7.02701, 38.92402], [-7.03317, 38.87759], [-7.08525, 38.82436], [-7.12864, 38.81391], [-7.20307, 38.75112], [-7.2541, 38.72728], [-7.26979, 38.63886], [-7.26384, 38.58848], [-7.30353, 38.54408], [-7.32226, 38.44025], [-7.15532, 38.27862], [-7.14297, 38.24053], [-7.08513, 38.16932], [-6.93621, 38.22045], [-6.96896, 38.16624], [-7.00249, 38.02271], [-7.0447, 38.01429], [-7.09944, 38.0438], [-7.15611, 37.99392], [-7.20231, 38.00352], [-7.2486, 37.95453], [-7.27964, 37.87676], [-7.32422, 37.81582], [-7.41844, 37.74499], [-7.44782, 37.67333], [-7.5228, 37.55672], [-7.4707, 37.49321], [-7.44154, 37.3929], [-7.44143, 37.30793], [-7.42219, 37.27486], [-7.40191, 37.17482]]], [[[1.44668, 38.73267], [1.38001, 38.71926], [1.38702, 38.66798], [1.44166, 38.68376], [1.44668, 38.73267]]], [[[1.55505, 39.09785], [1.47467, 39.1054], [1.35651, 39.06873], [1.29033, 39.02721], [1.29854, 38.97813], [1.23616, 38.93874], [1.21306, 38.90136], [1.37009, 38.845], [1.43943, 38.91666], [1.47495, 38.91352], [1.52878, 38.9462], [1.53069, 38.97957], [1.58006, 38.9894], [1.60385, 39.09102], [1.55505, 39.09785]]], [[[3.17938, 39.95104], [3.08061, 39.92492], [3.03024, 39.93496], [2.94978, 39.91932], [2.84496, 39.8618], [2.77852, 39.85568], [2.66874, 39.79218], [2.66198, 39.77223], [2.55557, 39.70027], [2.52724, 39.70137], [2.46175, 39.65205], [2.35575, 39.60559], [2.34627, 39.56466], [2.3871, 39.52078], [2.44928, 39.53732], [2.4777, 39.47762], [2.52419, 39.46069], [2.53824, 39.52298], [2.58896, 39.53319], [2.64129, 39.56881], [2.7201, 39.5349], [2.75124, 39.50377], [2.72185, 39.47584], [2.7393, 39.41111], [2.7851, 39.3683], [2.82864, 39.35593], [2.95679, 39.3628], [3.04989, 39.2654], [3.11826, 39.31303], [3.22942, 39.35907], [3.27597, 39.43153], [3.30101, 39.50396], [3.36827, 39.55079], [3.39977, 39.63254], [3.43629, 39.63446], [3.45778, 39.68466], [3.45723, 39.74408], [3.37373, 39.76842], [3.25429, 39.7296], [3.15296, 39.76772], [3.11956, 39.80442], [3.17394, 39.83823], [3.18588, 39.8852], [3.1055, 39.85752], [3.07826, 39.88874], [3.17938, 39.95104]]], [[[3.97831, 40.05102], [3.93441, 40.06279], [3.8257, 40.05276], [3.7913, 40.01618], [3.82539, 39.99546], [3.8199, 39.92839], [3.90017, 39.92259], [3.93937, 39.93589], [4.02217, 39.9215], [4.09752, 39.87872], [4.23977, 39.81599], [4.28099, 39.81157], [4.32744, 39.87558], [4.28007, 39.93021], [4.25138, 40.00048], [4.19519, 40.03214], [4.13939, 40.03261], [4.08767, 40.06828], [3.97831, 40.05102]]]]}}, {"type": "Feature", "properties": {"nazev": "Ruské impérium", "en": "Rossiya"}, "geometry": {"type": "MultiPolygon", "coordinates": [[[[29.68239, 45.2109], [29.7361, 45.2366], [29.7635, 45.3269], [29.7406, 45.4722], [29.6073, 45.4789], [29.6427, 45.5205], [29.6283, 45.587], [29.6566, 45.72987], [29.71547, 45.74077], [29.73642, 45.6596], [29.8157, 45.6322], [30.1976, 45.8499], [30.3248, 45.9574], [30.4819, 46.079], [30.35776, 46.19204], [30.27303, 46.22691], [30.1901, 46.30798], [30.23648, 46.35792], [30.34673, 46.3464], [30.49509, 46.19098], [30.5563, 46.1565], [30.6834, 46.3246], [30.7517, 46.3758], [30.7749, 46.4397], [30.7321, 46.4999], [30.7747, 46.5547], [30.857, 46.556], [31.0185, 46.5996], [31.181, 46.6273], [31.354, 46.6005], [31.3767, 46.6236], [31.5102, 46.622], [31.547, 46.6043], [31.6156, 46.6462], [31.6719, 46.6453], [31.7972, 46.6093], [31.8852, 46.6336], [31.9122, 46.6585], [31.9816, 46.6591], [32.0531, 46.615], [32.1178, 46.5987], [32.1384, 46.5579], [32.2389, 46.5891], [32.3055, 46.566], [32.2966, 46.5113], [32.3225, 46.4778], [32.2093, 46.4778], [32.1149, 46.4988], [31.9804, 46.4914], [31.7594, 46.5466], [31.5525, 46.5377], [31.6835, 46.4501], [31.727, 46.485], [31.7742, 46.4863], [31.9546, 46.4393], [32.0341, 46.4352], [32.0508, 46.3781], [31.9222, 46.3359], [31.8288, 46.3335], [31.7611, 46.2986], [31.7903, 46.2726], [31.8738, 46.2655], [31.9433, 46.2913], [31.9783, 46.2554], [32.0862, 46.2285], [32.1941, 46.1758], [32.2283, 46.1313], [32.5149, 46.07], [32.6538, 46.1062], [32.7932, 46.1137], [32.9362, 46.1047], [33.0143, 46.1092], [33.0325, 46.1564], [33.1286, 46.1242], [33.183, 46.1554], [33.3315, 46.116], [33.4162, 46.0347], [33.5184, 46.0819], [33.5754, 46.1558], [33.608, 46.1494], [33.6426, 46.0853], [33.6152, 46.0528], [33.6561, 45.9538], [33.747, 45.9502], [33.6566, 45.8731], [33.6096, 45.889], [33.5479, 45.8378], [33.49, 45.8554], [33.3508, 45.7845], [33.2279, 45.7512], [33.1651, 45.7841], [33.1394, 45.7187], [32.9837, 45.6735], [32.7535, 45.5498], [32.5896, 45.482], [32.4975, 45.4188], [32.4953, 45.3472], [32.6522, 45.3148], [32.7515, 45.3644], [32.9082, 45.362], [33.0629, 45.2785], [33.1133, 45.2308], [33.2606, 45.1482], [33.3077, 45.174], [33.404, 45.1966], [33.5061, 45.1421], [33.5604, 45.0898], [33.6057, 44.9971], [33.6141, 44.9097], [33.5943, 44.8467], [33.5512, 44.8325], [33.5364, 44.7932], [33.5475, 44.6708], [33.5138, 44.6291], [33.4478, 44.6061], [33.4013, 44.5594], [33.4908, 44.4988], [33.6282, 44.4807], [33.6514, 44.4267], [33.7087, 44.421], [33.7383, 44.388], [33.8402, 44.4056], [33.9424, 44.3928], [34.1289, 44.4282], [34.1689, 44.4936], [34.2515, 44.5059], [34.3076, 44.5534], [34.3492, 44.5491], [34.4166, 44.6729], [34.4539, 44.7071], [34.6024, 44.7712], [34.7298, 44.8119], [34.845, 44.816], [34.9711, 44.8403], [35.0379, 44.8271], [35.0834, 44.793], [35.1293, 44.8293], [35.1607, 44.8967], [35.2395, 44.9192], [35.2608, 44.9653], [35.3484, 44.9654], [35.3992, 45.0647], [35.4992, 45.1174], [35.5787, 45.1306], [35.6723, 45.113], [35.7673, 45.0728], [35.841, 44.9985], [35.9098, 45.019], [35.9559, 45.0128], [36.0475, 45.044], [36.2317, 45.0205], [36.2689, 45.0453], [36.3794, 45.0514], [36.4554, 45.0811], [36.4128, 45.2074], [36.4912, 45.3039], [36.4738, 45.3483], [36.603, 45.3472], [36.6431, 45.3793], [36.5957, 45.4386], [36.5547, 45.4235], [36.4858, 45.453], [36.4037, 45.4495], [36.2964, 45.4813], [36.1294, 45.463], [36.07, 45.4352], [36.0473, 45.3843], [35.9639, 45.3726], [35.8521, 45.4378], [35.7716, 45.4032], [35.7179, 45.3332], [35.6076, 45.3142], [35.5307, 45.284], [35.4614, 45.3042], [35.3564, 45.3679], [35.2554, 45.4583], [35.043, 45.67], [34.9361, 45.8275], [34.8517, 46.0059], [34.8023, 46.0802], [34.7586, 46.1061], [34.7042, 46.0855], [34.7506, 46.0264], [34.793, 46.0522], [34.8616, 45.9535], [34.8427, 45.8731], [34.9003, 45.8587], [34.9699, 45.758], [35.0062, 45.6811], [35.1339, 45.5696], [35.4503, 45.2667], [35.3659, 45.2462], [35.3492, 45.2847], [35.2077, 45.3398], [35.141, 45.3339], [35.0912, 45.3576], [35.0296, 45.4389], [35.1124, 45.4892], [35.0742, 45.5837], [35.03, 45.6385], [34.9784, 45.6523], [34.9615, 45.687], [34.9021, 45.671], [34.7907, 45.7342], [34.6967, 45.7063], [34.7857, 45.793], [34.7399, 45.8213], [34.6666, 45.8084], [34.6608, 45.8685], [34.5499, 45.7945], [34.5561, 45.8616], [34.6315, 45.889], [34.5857, 45.9215], [34.4898, 45.9252], [34.4106, 45.9701], [34.379, 46.018], [34.2834, 46.0036], [34.2433, 46.0315], [34.0232, 46.1024], [33.8881, 46.0817], [33.815, 46.1341], [33.7545, 46.1366], [33.7034, 46.1973], [33.7299, 46.244], [33.7825, 46.2542], [33.8384, 46.2231], [33.8956, 46.2295], [33.9693, 46.2133], [34.014, 46.1539], [34.0679, 46.1603], [34.105, 46.1256], [34.211, 46.1732], [34.1585, 46.2393], [34.1888, 46.2841], [34.2639, 46.1837], [34.334, 46.2224], [34.4409, 46.1556], [34.5114, 46.1362], [34.5568, 46.1917], [34.5924, 46.1652], [34.5421, 46.1312], [34.4829, 46.1245], [34.4386, 46.087], [34.4607, 46.0128], [34.5465, 45.9821], [34.6082, 46.0315], [34.6444, 46.093], [34.6295, 46.1738], [34.6996, 46.1831], [34.7758, 46.1606], [34.8217, 46.1688], [34.8392, 46.2088], [34.8999, 46.2416], [35.0364, 46.2612], [35.0775, 46.2789], [35.1283, 46.3421], [35.1992, 46.378], [35.2123, 46.4596], [35.2575, 46.4486], [35.2662, 46.3568], [35.3577, 46.3587], [35.2147, 46.1873], [35.0614, 46.152], [34.9894, 46.103], [35.0048, 46.0804], [35.1455, 46.124], [35.1884, 46.153], [35.3592, 46.3538], [35.4663, 46.4465], [35.5956, 46.4866], [35.727, 46.585], [35.9377, 46.6616], [36.0522, 46.6688], [36.1122, 46.6587], [36.197, 46.6702], [36.2724, 46.6054], [36.3439, 46.6857], [36.4153, 46.726], [36.6322, 46.7807], [36.7166, 46.7802], [36.7723, 46.7585], [36.8308, 46.7017], [36.9004, 46.809], [36.9951, 46.8662], [37.1601, 46.912], [37.2369, 46.9502], [37.2916, 46.9316], [37.3353, 46.8879], [37.5197, 47.0709], [37.6321, 47.0948], [37.7054, 47.0799], [37.8203, 47.0909], [37.9011, 47.1106], [37.9631, 47.0899], [38.0355, 47.0907], [38.0663, 47.1122], [38.1285, 47.0782], [38.2309, 47.1191], [38.3139, 47.1392], [38.4563, 47.1494], [38.5613, 47.1151], [38.6288, 47.1394], [38.7996, 47.1746], [38.8663, 47.1725], [38.9462, 47.1966], [38.9556, 47.2674], [39.0324, 47.2638], [39.0984, 47.289], [39.2003, 47.2837], [39.2298, 47.261], [39.2144, 47.1863], [39.2559, 47.0826], [39.3048, 47.0596], [39.2897, 47.0197], [39.1012, 47.0398], [38.9786, 46.9751], [38.8994, 46.9672], [38.8506, 46.9145], [38.7177, 46.873], [38.5459, 46.8581], [38.502, 46.8802], [38.4416, 46.8469], [38.4093, 46.8018], [38.3913, 46.7357], [38.48305, 46.73902], [38.58165, 46.69595], [38.58495, 46.65721], [38.45749, 46.64068], [38.30228, 46.67902], [38.26752, 46.72418], [38.12165, 46.6811], [38.05472, 46.6311], [38.00055, 46.61887], [37.84555, 46.62318], [37.73748, 46.66711], [37.82402, 46.47998], [37.89776, 46.40721], [37.98322, 46.39325], [38.06694, 46.39652], [38.16081, 46.34859], [38.26776, 46.27235], [38.29596, 46.21845], [38.51499, 46.12915], [38.57085, 46.09113], [38.54798, 46.02686], [38.45395, 46.02638], [38.40638, 46.04527], [38.26665, 46.13095], [38.19624, 46.12957], [38.16152, 46.1036], [38.09555, 45.94498], [38.07055, 45.95361], [38.0954, 46.05221], [38.05222, 46.05915], [37.95117, 46.032], [37.91276, 45.98749], [37.87694, 45.83887], [37.80985, 45.73985], [37.59137, 45.62748], [37.58374, 45.42742], [37.64624, 45.45152], [37.64748, 45.52026], [37.62457, 45.56755], [37.70165, 45.55776], [37.74082, 45.38305], [37.73464, 45.29881], [37.59694, 45.3277], [37.52089, 45.36207], [37.39777, 45.31637], [37.20416, 45.32415], [37.21083, 45.29888], [37.31385, 45.27541], [37.22637, 45.24887], [37.11041, 45.23443], [37.06759, 45.25106], [37.09415, 45.34055], [36.89638, 45.42361], [36.8277, 45.43568], [36.75111, 45.41415], [36.76965, 45.38387], [36.96679, 45.30763], [36.96235, 45.27902], [36.83665, 45.22804], [36.7286, 45.20332], [36.58044, 45.1927], [36.62555, 45.12735], [36.71652, 45.09915], [36.88221, 45.08582], [37.20291, 44.97978], [37.3095, 44.89332], [37.29916, 44.85943], [37.37443, 44.74263], [37.48408, 44.67145], [37.55665, 44.65416], [37.75875, 44.62985], [37.81339, 44.63805], [37.8654, 44.69284], [38.1161, 44.48915], [38.1586, 44.41582], [38.19749, 44.38944], [38.32444, 44.35971], [38.59985, 44.32944], [38.75375, 44.27332], [38.87582, 44.17083], [38.96429, 44.14721], [39.05165, 44.08027], [39.28695, 43.92694], [39.37679, 43.85971], [39.4543, 43.77096], [39.69665, 43.60166], [39.87457, 43.49096], [39.9169, 43.41294], [40.00296, 43.37926], [40.21844, 43.31641], [40.27193, 43.2468], [40.36055, 43.16332], [40.66137, 43.09193], [40.83707, 43.06985], [40.87694, 43.04472], [40.93645, 42.97359], [41.00263, 42.9877], [41.07541, 42.92318], [41.09818, 42.84679], [41.15908, 42.78978], [41.21561, 42.79957], [41.41956, 42.74165], [41.48444, 42.66874], [41.52505, 42.5502], [41.54762, 42.40577], [41.5929, 42.35443], [41.63276, 42.27194], [41.65915, 42.12582], [41.76082, 41.96137], [41.77387, 41.81555], [41.72874, 41.72333], [41.68387, 41.67165], [41.57853, 41.61336], [41.56257, 41.54419], [41.51787, 41.48087], [41.47104, 41.45373], [41.53649, 41.41914], [41.52958, 41.37178], [41.46253, 41.27334], [41.43699, 41.19831], [41.43592, 41.12382], [41.52798, 41.09455], [41.57321, 41.06103], [41.63387, 41.05784], [41.77169, 41.15734], [41.79989, 41.10998], [41.85949, 41.0738], [41.86268, 41.00037], [41.91217, 40.9413], [41.84033, 40.86468], [41.87323, 40.80348], [41.82322, 40.74336], [41.8147, 40.67046], [41.9307, 40.61512], [41.90995, 40.53743], [41.92804, 40.49326], [41.97753, 40.4475], [42.01637, 40.4475], [42.09247, 40.4906], [42.22496, 40.51029], [42.2521, 40.46453], [42.31489, 40.42409], [42.30691, 40.38258], [42.24257, 40.35358], [42.30425, 40.25381], [42.37768, 40.2453], [42.45218, 40.11227], [42.52188, 40.08832], [42.49741, 40.0383], [42.5602, 39.98616], [42.55487, 39.9372], [42.63682, 39.93614], [42.79007, 39.97445], [42.81774, 39.96593], [42.98057, 39.98509], [43.32391, 39.98848], [43.40652, 39.8508], [43.4185, 39.80171], [43.48554, 39.78136], [43.51488, 39.83583], [43.56875, 39.83344], [43.60467, 39.80231], [43.7687, 39.761], [43.79144, 39.78076], [43.87046, 39.76041], [44.09435, 39.73407], [44.13805, 39.74424], [44.19971, 39.70653], [44.24341, 39.70354], [44.31524, 39.67001], [44.44155, 39.66223], [44.63611, 39.79034], [44.67655, 39.79067], [44.74324, 39.7403], [44.8149, 39.65658], [44.82341, 39.60904], [44.91068, 39.56931], [44.91139, 39.53029], [44.96531, 39.41961], [45.05825, 39.3813], [45.17532, 39.2245], [45.2484, 39.18619], [45.30161, 39.20463], [45.35269, 39.17271], [45.35553, 39.12801], [45.40094, 39.07622], [45.45675, 39.04571], [45.45533, 38.99084], [45.61638, 38.94118], [45.66297, 38.95206], [45.91886, 38.87259], [45.94369, 38.89553], [46.00968, 38.87149], [46.05398, 38.87858], [46.13723, 38.84611], [46.18516, 38.84138], [46.29268, 38.90255], [46.36174, 38.91201], [46.42417, 38.88552], [46.52161, 38.88552], [46.60202, 38.90823], [46.76, 39.05769], [46.87068, 39.14377], [46.93217, 39.16648], [46.95014, 39.13904], [47.05893, 39.20621], [47.09062, 39.27432], [47.21454, 39.31689], [47.31671, 39.36797], [47.33847, 39.41243], [47.41698, 39.46257], [47.57875, 39.53068], [47.66861, 39.57987], [47.7424, 39.59974], [47.79916, 39.64988], [47.91457, 39.66596], [47.98552, 39.71042], [48.04039, 39.68771], [48.35067, 39.41338], [48.36107, 39.38216], [48.26742, 39.33628], [48.21161, 39.3273], [48.13262, 39.27337], [48.14255, 39.20574], [48.20073, 39.17499], [48.23195, 39.131], [48.30573, 39.10641], [48.33884, 39.03309], [48.28067, 38.97302], [48.21114, 38.95174], [48.08627, 38.94228], [48.03731, 38.90113], [47.9465, 38.88126], [47.91031, 38.83775], [48.03282, 38.77106], [48.06782, 38.77058], [48.13688, 38.72565], [48.28918, 38.64382], [48.30857, 38.60977], [48.41168, 38.60173], [48.5903, 38.45359], [48.63686, 38.39958], [48.74301, 38.41386], [48.79268, 38.448], [48.87992, 38.44123], [48.87152, 38.67894], [48.86316, 38.75319], [48.82312, 38.8072], [48.81194, 38.91708], [48.88178, 38.99064], [48.92927, 39.13312], [48.92648, 39.18433], [48.96466, 39.27], [49.01308, 39.28397], [49.0941, 39.18682], [49.10651, 39.13777], [49.22447, 39.14336], [49.24309, 39.34171], [49.32317, 39.42924], [49.27568, 39.5028], [49.31898, 39.6341], [49.36415, 39.68159], [49.42095, 39.69929], [49.3823, 39.77611], [49.41187, 39.85067], [49.43975, 39.86492], [49.41268, 39.929], [49.4192, 39.96066], [49.48159, 39.99884], [49.42645, 40.05145], [49.49402, 40.15554], [49.56916, 40.21137], [49.84748, 40.32222], [49.96082, 40.34887], [50.12861, 40.35777], [50.25958, 40.32985], [50.37499, 40.26222], [50.36125, 40.36291], [50.33388, 40.40332], [50.23375, 40.49194], [50.03277, 40.57555], [49.97304, 40.58944], [49.82861, 40.56248], [49.71194, 40.57902], [49.57388, 40.62776], [49.51006, 40.68818], [49.5354, 40.76749], [49.49582, 40.82026], [49.40526, 40.84485], [49.25139, 40.98721], [49.19275, 41.0611], [49.15498, 41.15165], [49.13971, 41.26485], [49.03609, 41.4179], [48.99179, 41.44068], [48.90089, 41.5252], [48.85833, 41.59693], [48.67527, 41.78444], [48.54249, 41.88061], [48.44805, 41.89638], [48.39423, 41.9202], [48.32333, 42.03596], [48.30596, 42.0929], [48.11387, 42.33027], [48.0411, 42.37332], [47.94887, 42.4586], [47.88722, 42.56137], [47.83791, 42.60582], [47.73235, 42.64255], [47.70853, 42.722], [47.72026, 42.77387], [47.69339, 42.86735], [47.53805, 42.95305], [47.46631, 43.01381], [47.45443, 43.08957], [47.48749, 43.21568], [47.58596, 43.29138], [47.49194, 43.33221], [47.48721, 43.45638], [47.56637, 43.68471], [47.63568, 43.81596], [47.68429, 43.86925], [47.6361, 43.90082], [47.55083, 43.87235], [47.52275, 43.75638], [47.47338, 43.63395], [47.46263, 43.53138], [47.40513, 43.50291], [47.36374, 43.5893], [47.45138, 43.68111], [47.50083, 43.77005], [47.49013, 43.81055], [47.35026, 44.02665], [47.26583, 44.1436], [47.18041, 44.20249], [47.08492, 44.24985], [47.05679, 44.31832], [47.01222, 44.36083], [46.83152, 44.39624], [46.76027, 44.39193], [46.69846, 44.44763], [46.67998, 44.5154], [46.71527, 44.60248], [46.77291, 44.69158], [46.93412, 44.76214], [46.9522, 44.7082], [47.1955, 44.6806], [47.2085, 44.7868], [47.2741, 44.8015], [47.2476, 44.8815], [47.2898, 45.0275], [47.3418, 45.076], [47.3363, 45.1121], [47.438, 45.1167], [47.4265, 45.1921], [47.447, 45.2199], [47.4617, 45.3274], [47.5332, 45.3365], [47.5364, 45.38], [47.6093, 45.4516], [47.6017, 45.5205], [47.6455, 45.5184], [47.6832, 45.6605], [47.7766, 45.6811], [47.8141, 45.5623], [47.8431, 45.5466], [47.873, 45.4815], [47.9193, 45.4914], [47.8974, 45.6291], [47.8329, 45.6604], [47.9219, 45.71], [47.9881, 45.6881], [48.0852, 45.7269], [48.2946, 45.7179], [48.3725, 45.6295], [48.4324, 45.6076], [48.4292, 45.6684], [48.4632, 45.7025], [48.3675, 45.7726], [48.3604, 45.8489], [48.4432, 45.8798], [48.5357, 45.9382], [48.5842, 45.9488], [48.6385, 45.9029], [48.6873, 45.8282], [48.7522, 45.8022], [48.7682, 45.8433], [48.7194, 45.9198], [48.7562, 45.9679], [48.8141, 45.9825], [48.9713, 46.0672], [48.9969, 46.0991], [48.9919, 46.1841], [49.041, 46.2283], [49.0842, 46.2948], [49.0458, 46.3952], [49.0143, 46.4204], [49.12983, 46.53446], [49.23911, 46.54723], [49.30855, 46.52757], [49.52839, 46.56827], [49.67525, 46.63809], [49.85039, 46.63989], [49.90912, 46.66452], [49.96524, 46.71443], [50.02413, 46.73897], [50.06605, 46.78658], [50.19476, 46.84738], [50.25673, 46.90302], [50.39909, 46.95006], [50.52254, 47.04537], [50.66256, 47.06077], [50.70012, 47.10213], [50.71019, 47.15487], [50.78248, 47.20631], [50.83168, 47.2185], [50.91226, 47.20951], [50.98573, 47.17898], [51.04789, 47.17753], [51.12101, 47.20841], [51.21114, 47.16558], [51.26222, 47.18522], [51.31267, 47.14781], [51.35082, 47.15154], [51.43925, 47.11674], [51.57042, 47.19159], [51.6407, 47.20402], [51.74291, 47.12002], [51.79831, 47.15468], [51.81896, 47.21737], [51.7481, 47.26724], [51.78549, 47.32413], [51.79474, 47.40085], [51.58535, 47.58475], [51.58716, 47.67164], [51.53183, 47.7116], [51.5267, 47.74112], [51.58605, 47.79558], [51.53623, 47.81066], [51.5314, 47.8813], [51.57373, 47.91136], [51.53965, 47.97303], [51.58188, 48.00962], [51.57449, 48.04037], [51.47523, 48.09537], [51.49279, 48.17106], [51.43565, 48.20685], [51.42159, 48.24386], [51.51028, 48.26501], [51.48627, 48.31886], [51.52141, 48.34587], [51.50346, 48.39738], [51.57884, 48.48122], [51.52623, 48.49631], [51.57523, 48.55865], [51.76152, 48.58721], [51.83361, 48.63678], [51.81915, 48.66952], [51.87292, 48.71494], [51.85374, 48.79363], [51.90377, 48.82754], [51.88295, 48.8802], [51.81904, 48.90589], [51.83775, 49.00174], [51.9105, 49.07712], [51.87674, 49.13912], [51.90092, 49.18163], [51.89204, 49.2263], [51.82446, 49.29069], [51.82909, 49.36491], [51.79964, 49.38895], [51.80173, 49.44888], [51.69584, 49.51442], [51.68397, 49.54036], [51.5255, 49.6166], [51.52779, 49.72627], [51.41399, 49.79567], [51.41149, 49.87048], [51.29878, 49.94037], [51.34949, 50.00947], [51.29409, 50.09646], [51.17779, 50.1236], [51.17551, 50.19269], [51.10397, 50.22878], [51.10684, 50.33888], [51.05202, 50.36159], [51.05256, 50.40282], [51.18273, 50.50579], [51.17259, 50.60381], [51.13788, 50.66515], [51.24219, 50.70196], [51.2628, 50.73461], [51.18641, 50.77166], [51.22515, 50.88422], [51.29328, 50.88171], [51.26916, 50.96903], [51.42987, 51.02856], [51.38694, 51.0678], [51.47413, 51.15393], [51.61674, 51.15134], [51.65758, 51.11554], [51.72626, 51.1097], [51.74129, 51.18389], [51.7818, 51.22155], [51.87892, 51.17203], [51.90748, 51.22564], [52.00674, 51.21876], [52.04243, 51.32794], [52.18047, 51.42801], [52.25082, 51.42533], [52.27494, 51.37615], [52.36164, 51.374], [52.38541, 51.41843], [52.50229, 51.43629], [52.55133, 51.41402], [52.5922, 51.45795], [52.64905, 51.46791], [52.75505, 51.42289], [52.79584, 51.43943], [52.86051, 51.42226], [52.91279, 51.44893], [52.92126, 51.50934], [52.97487, 51.53627], [53.10936, 51.5231], [53.15995, 51.49499], [53.29565, 51.52884], [53.36381, 51.53462], [53.53392, 51.57918], [53.62771, 51.58097], [53.70295, 51.54105], [53.76834, 51.5329], [53.87263, 51.55628], [53.96824, 51.61534], [54.06764, 51.61367], [54.10773, 51.63424], [54.20142, 51.63507], [54.2596, 51.58818], [54.36371, 51.57827], [54.50376, 51.67709], [54.67907, 51.69264], [54.79498, 51.74857], [54.92017, 51.75296], [54.97811, 51.70766], [55.06156, 51.71557], [55.11874, 51.67641], [55.2167, 51.69456], [55.31723, 51.69351], [55.44722, 51.70824], [55.46184, 51.65172], [55.65591, 51.65133], [55.73245, 51.58017], [55.87865, 51.60618], [56.0, 51.57004], [56.0, 68.64212], [55.65, 68.5506], [55.4953, 68.5586], [55.2847, 68.5155], [54.9819, 68.4055], [54.9418, 68.3488], [54.8572, 68.304], [54.9597, 68.2461], [54.8844, 68.2064], [54.9081, 68.1741], [54.7436, 68.1547], [54.6394, 68.1833], [54.5227, 68.2927], [54.4663, 68.2895], [54.3434, 68.2337], [54.2393, 68.2181], [54.0641, 68.2301], [53.9905, 68.2046], [53.8833, 68.2053], [53.8201, 68.236], [53.43429, 68.2431], [53.2368, 68.2104], [53.194, 68.2612], [53.30529, 68.3353], [53.5907, 68.3563], [53.6808, 68.3829], [53.7445, 68.3496], [53.9407, 68.3959], [53.9389, 68.4678], [53.8827, 68.5402], [53.7261, 68.6018], [53.7394, 68.6523], [53.8458, 68.6874], [53.828, 68.7334], [53.8729, 68.7938], [54.0025, 68.8363], [53.8061, 68.8644], [53.5917, 68.8701], [53.775, 68.9229], [53.8679, 68.9108], [54.3514, 68.9519], [54.4199, 68.9895], [54.1526, 68.9821], [53.8638, 68.959], [53.4453, 68.8985], [53.1355, 68.8268], [52.5426, 68.6724], [52.2808, 68.5945], [52.5433, 68.5651], [52.5743, 68.5259], [52.7624, 68.4814], [52.7091, 68.4215], [52.5937, 68.3997], [52.5468, 68.3675], [52.3163, 68.3099], [52.1513, 68.3601], [52.1808, 68.388], [52.3057, 68.417], [52.3038, 68.4572], [52.1609, 68.5018], [52.19939, 68.5714], [51.986, 68.526], [51.768, 68.4956], [51.555, 68.4855], [51.5061, 68.4462], [51.2897, 68.3774], [51.1753, 68.3755], [51.083, 68.3436], [50.8887, 68.334], [50.7797, 68.3551], [50.6537, 68.2977], [50.3248, 68.1799], [49.8743, 68.0322], [49.508, 67.93], [49.16839, 67.8516], [48.9969, 67.8301], [48.7677, 67.8491], [48.7842, 67.7561], [48.83569, 67.6834], [48.731, 67.6657], [48.6354, 67.6858], [48.4722, 67.6349], [48.3419, 67.6655], [48.1354, 67.6154], [47.9942, 67.6285], [47.8333, 67.5703], [47.8531, 67.5251], [47.9422, 67.4593], [47.9297, 67.427], [47.7795, 67.3354], [47.7739, 67.2248], [47.6959, 67.1947], [47.7665, 67.1309], [47.7466, 67.0034], [47.5772, 66.9019], [47.4237, 66.9187], [47.0598, 66.8501], [46.8139, 66.838], [46.6638, 66.8167], [46.537, 66.8672], [46.3061, 66.8329], [46.0295, 66.818], [45.9912, 66.8495], [45.8786, 66.8694], [45.7937, 66.913], [45.6161, 67.0647], [45.623, 67.1287], [45.5327, 67.1746], [45.2673, 67.2203], [45.1266, 67.2555], [44.9208, 67.3379], [44.9366, 67.4421], [44.9934, 67.4944], [45.2259, 67.5807], [45.3098, 67.5732], [45.3484, 67.6582], [45.3001, 67.6902], [45.474, 67.7401], [45.5742, 67.7514], [45.885, 67.7576], [45.9734, 67.7842], [46.1003, 67.7874], [46.3304, 67.82], [46.4865, 67.8075], [46.6982, 67.8097], [46.70839, 67.8894], [46.5517, 68.0048], [46.5258, 68.0488], [46.5475, 68.1135], [46.3107, 68.1868], [45.9675, 68.3798], [45.7619, 68.4806], [45.4835, 68.524], [44.9746, 68.5503], [44.5815, 68.5505], [44.0491, 68.5335], [43.8581, 68.5712], [43.7245, 68.6126], [43.4592, 68.666], [43.3115, 68.6662], [43.3037, 68.6271], [43.56229, 68.5213], [43.902, 68.4221], [44.0634, 68.3653], [44.2122, 68.2931], [44.2322, 68.2127], [44.1976, 68.0181], [44.1606, 67.9219], [44.2943, 67.9102], [44.242, 67.8724], [44.1257, 67.8789], [44.103, 67.8202], [44.1726, 67.7479], [44.0948, 67.6975], [44.0343, 67.5997], [43.9095, 67.486], [43.8089, 67.3477], [43.7682, 67.2571], [43.7847, 67.1903], [43.8969, 67.1529], [44.0439, 67.1623], [44.1836, 67.1293], [44.3177, 67.0571], [44.4935, 66.9196], [44.4927, 66.8214], [44.3645, 66.7739], [44.4035, 66.7175], [44.4759, 66.6726], [44.401, 66.5912], [44.3591, 66.4962], [44.2931, 66.4699], [44.1164, 66.3013], [44.0751, 66.1957], [44.1629, 66.0463], [44.0873, 65.9894], [44.0333, 66.0218], [44.0777, 66.0568], [43.9491, 66.1055], [43.9278, 66.1443], [43.84329, 66.1923], [43.7183, 66.1872], [43.4649, 66.1335], [43.4613, 66.1717], [43.6806, 66.2355], [43.6032, 66.2932], [43.3624, 66.3346], [43.2618, 66.4133], [43.1565, 66.4144], [42.7712, 66.3897], [42.6385, 66.4122], [42.5964, 66.4431], [42.3198, 66.5075], [42.2377, 66.5139], [42.1204, 66.4913], [41.9807, 66.3695], [41.8527, 66.3168], [41.7647, 66.2417], [41.534, 66.126], [41.3679, 66.069], [40.978, 66.0041], [40.7482, 65.9866], [40.6466, 65.937], [40.4784, 65.8092], [40.2695, 65.7424], [40.1746, 65.6927], [39.8717, 65.625], [39.7632, 65.5646], [39.7071, 65.4775], [39.7261, 65.3336], [39.8315, 65.2865], [40.0058, 65.1734], [40.0444, 65.1135], [40.1749, 65.05], [40.2992, 65.0098], [40.3188, 64.9243], [40.3986, 64.9217], [40.3956, 64.8247], [40.476, 64.7687], [40.4135, 64.7012], [40.4434, 64.6242], [40.4997, 64.6023], [40.5187, 64.5199], [40.4083, 64.5182], [40.3282, 64.5529], [40.1463, 64.5497], [40.08099, 64.6099], [39.9002, 64.6305], [39.8115, 64.6145], [39.7048, 64.552], [39.5603, 64.5448], [39.3717, 64.6055], [39.284, 64.6451], [39.136, 64.658], [39.0206, 64.7068], [38.8998, 64.7366], [38.7584, 64.7458], [38.5188, 64.7793], [38.4369, 64.7331], [38.3702, 64.7442], [38.1557, 64.7097], [38.1266, 64.6709], [38.0092, 64.7564], [38.1567, 64.7899], [38.3055, 64.8009], [38.371, 64.8442], [38.0699, 64.8499], [37.887, 64.8927], [37.7151, 64.9568], [37.6957, 65.0219], [37.446, 65.0897], [37.1755, 65.1495], [37.026, 65.1696], [36.8272, 65.1348], [36.8652, 65.1039], [36.8307, 64.9662], [36.5763, 64.8967], [36.5321, 64.931], [36.45, 64.9263], [36.4671, 64.8585], [36.5299, 64.8357], [36.5233, 64.7645], [36.5557, 64.735], [36.6993, 64.7087], [36.7605, 64.6745], [36.9282, 64.5243], [37.1503, 64.3852], [37.3467, 64.3408], [37.4443, 64.3779], [37.6267, 64.3821], [37.6524, 64.4223], [37.8022, 64.4286], [37.7866, 64.3722], [37.9374, 64.3432], [38.0134, 64.2895], [37.8931, 64.2124], [38.0631, 64.0675], [38.0623, 63.9832], [37.9691, 63.9239], [37.802, 63.8836], [37.7185, 63.9013], [37.6372, 63.8826], [37.6388, 63.8353], [37.5353, 63.7934], [37.3972, 63.7869], [37.2504, 63.8152], [37.2238, 63.8716], [37.1273, 63.8866], [36.8901, 63.8883], [36.6521, 63.9114], [36.6366, 63.9394], [36.5081, 63.9529], [36.2505, 64.0056], [36.2631, 64.0539], [36.1737, 64.0969], [36.2426, 64.13], [36.0406, 64.2046], [35.8992, 64.2376], [35.9265, 64.2624], [35.8322, 64.3165], [35.7284, 64.3488], [35.6297, 64.3442], [35.458, 64.2923], [35.3237, 64.3033], [35.3401, 64.3401], [35.1435, 64.35], [35.1212, 64.4054], [34.9849, 64.4211], [34.9898, 64.5047], [34.8893, 64.4849], [34.7817, 64.5196], [34.9662, 64.6046], [34.7844, 64.7343], [34.9306, 64.7986], [34.9514, 64.8285], [34.8184, 64.9289], [34.6769, 64.9567], [34.8111, 65.0019], [34.6968, 65.0761], [34.6104, 65.1897], [34.4753, 65.255], [34.4459, 65.347], [34.3077, 65.3802], [34.4975, 65.4053], [34.4826, 65.4339], [34.6623, 65.4261], [34.6491, 65.4942], [34.7071, 65.5068], [34.7532, 65.6014], [34.6986, 65.6669], [34.6632, 65.787], [34.6776, 65.7977], [34.6894, 65.7965], [34.7247, 65.811], [34.8043, 65.8025], [34.8592, 65.8648], [34.7119, 65.8963], [34.6643, 65.9418], [34.7156, 65.9726], [34.5087, 66.0813], [34.322, 66.1446], [34.2283, 66.157], [34.1106, 66.228], [33.9499, 66.225], [33.7492, 66.2776], [33.6286, 66.2839], [33.5727, 66.3313], [33.5849, 66.3699], [33.662, 66.4031], [33.5582, 66.4429], [33.3037, 66.4728], [33.252, 66.5172], [33.0575, 66.5002], [32.8858, 66.5659], [32.9261, 66.5893], [33.0903, 66.5803], [33.126, 66.6081], [33.0918, 66.6667], [32.9064, 66.6876], [32.9086, 66.7548], [32.7634, 66.7684], [32.5406, 66.8726], [32.4804, 66.9181], [32.5642, 66.9655], [32.5503, 66.9955], [32.2689, 67.1087], [32.3795, 67.1597], [32.4849, 67.1167], [32.6208, 67.1209], [32.774, 67.0758], [32.829, 66.9891], [32.9801, 66.8981], [33.1078, 66.8633], [33.1694, 66.8222], [33.2551, 66.8046], [33.5069, 66.7168], [33.5831, 66.724], [33.55349, 66.8161], [33.6927, 66.8043], [33.81419, 66.7561], [33.8205, 66.7245], [33.94549, 66.6839], [34.0927, 66.688], [34.3153, 66.6588], [34.3909, 66.5847], [34.4943, 66.5373], [34.6648, 66.5578], [34.7453, 66.6], [34.9067, 66.594], [35.1757, 66.4844], [35.3225, 66.4719], [35.3684, 66.4199], [35.5501, 66.3841], [35.9233, 66.3538], [36.5187, 66.2762], [36.7408, 66.2829], [37.165, 66.2385], [37.7263, 66.1061], [37.9226, 66.0835], [38.1822, 66.0747], [38.2484, 66.0593], [38.6596, 66.063], [38.7714, 66.0723], [38.9571, 66.1072], [39.1153, 66.1012], [39.2021, 66.1305], [39.5205, 66.1879], [39.7883, 66.2145], [39.9922, 66.2535], [40.2694, 66.3667], [40.3763, 66.3809], [40.569, 66.4572], [40.5888, 66.5017], [40.693, 66.5316], [40.6992, 66.5795], [41.1252, 66.7632], [41.2231, 66.8294], [41.2836, 66.9573], [41.3545, 67.0123], [41.3321, 67.0726], [41.3891, 67.1126], [41.3095, 67.1358], [41.35059, 67.1908], [41.1388, 67.217], [41.0825, 67.2547], [41.107, 67.2945], [41.1215, 67.4115], [41.0832, 67.447], [40.9754, 67.4649], [41.011, 67.4993], [40.9644, 67.5614], [41.0213, 67.5782], [41.0356, 67.6439], [40.9652, 67.7075], [40.8619, 67.7193], [40.6934, 67.763], [40.672, 67.7944], [40.5116, 67.7348], [40.4233, 67.7581], [40.2761, 67.8414], [40.3959, 67.844], [40.3799, 67.8856], [40.0166, 67.9843], [39.9015, 68.0963], [39.7945, 68.1118], [39.8694, 68.0317], [39.6152, 68.0268], [39.485, 68.0652], [39.1743, 68.1934], [39.1034, 68.1911], [38.93, 68.2598], [38.898, 68.2918], [38.7862, 68.3048], [38.6475, 68.3643], [38.5956, 68.3372], [38.3666, 68.3721], [38.3306, 68.4178], [38.13089, 68.4754], [37.9925, 68.5628], [37.6793, 68.686], [37.2012, 68.8291], [37.1184, 68.8398], [36.88959, 68.9084], [36.5963, 69.0066], [36.3449, 69.0448], [36.29, 69.0963], [36.0462, 69.112], [35.8222, 69.1908], [35.589, 69.1981], [35.5386, 69.2224], [35.3781, 69.2214], [35.3197, 69.2473], [35.1837, 69.2514], [35.2783, 69.1943], [35.0614, 69.2124], [34.9538, 69.2023], [34.8803, 69.2251], [34.5722, 69.2596], [34.3691, 69.271], [34.3668, 69.2906], [33.944, 69.3147], [33.7805, 69.2947], [33.5723, 69.2973], [33.5029, 69.2023], [33.386, 69.2157], [33.4661, 69.2607], [33.3762, 69.2771], [33.4738, 69.3272], [33.5017, 69.4006], [33.33049, 69.4218], [33.1938, 69.4058], [32.959, 69.3575], [32.9573, 69.3991], [33.0782, 69.4511], [32.7165, 69.4767], [32.6105, 69.4472], [32.402, 69.5288], [32.3951, 69.5627], [32.0991, 69.5804], [31.98559, 69.6228], [32.1617, 69.6414], [32.8277, 69.5679], [32.95909, 69.5848], [33.1015, 69.6481], [33.1105, 69.7266], [32.9231, 69.7726], [32.7468, 69.7856], [32.6377, 69.773], [32.51899, 69.7921], [32.5196, 69.8301], [32.06, 69.9425], [31.9343, 69.9513], [31.8964, 69.9046], [31.9868, 69.8727], [32.0616, 69.7876], [31.9654, 69.7845], [31.81919, 69.8259], [31.7379, 69.8152], [31.6905, 69.7101], [31.6318, 69.6778], [31.4797, 69.6742], [31.2786, 69.7405], [31.1962, 69.7437], [30.9933, 69.7846], [30.84024, 69.7726], [30.87374, 69.71532], [30.94487, 69.68335], [30.95454, 69.63243], [30.94751, 69.59114], [30.93886, 69.56074], [30.81312, 69.52872], [30.51598, 69.54042], [30.41773, 69.58992], [30.22402, 69.65312], [30.13781, 69.64353], [30.18842, 69.56846], [30.12002, 69.51386], [30.11725, 69.46989], [30.00879, 69.41591], [29.84803, 69.42209], [29.79701, 69.40412], [29.56941, 69.31756], [29.39596, 69.32384], [29.28613, 69.29411], [29.27657, 69.25872], [29.31315, 69.23753], [29.23607, 69.1198], [29.05668, 69.01528], [28.85566, 69.07666], [28.80501, 69.11144], [28.83003, 69.17187], [28.83179, 69.2245], [29.21836, 69.39765], [29.33626, 69.47834], [29.17055, 69.63886], [29.13256, 69.69546], [28.40392, 69.81838], [28.34495, 69.88068], [28.16074, 69.92074], [27.98448, 70.014], [27.95877, 70.09227], [27.61406, 70.07566], [27.52498, 70.02335], [27.42704, 70.01923], [27.27462, 69.97555], [27.29564, 69.95404], [27.04221, 69.91079], [26.85108, 69.95985], [26.67577, 69.96475], [26.46324, 69.93891], [26.38555, 69.85591], [26.24474, 69.81672], [26.13143, 69.73698], [26.00236, 69.72174], [25.89222, 69.66273], [25.97597, 69.6106], [25.87019, 69.53286], [25.79346, 69.42109], [25.84258, 69.39869], [25.74157, 69.31921], [25.69329, 69.19738], [25.74329, 69.14349], [25.72409, 69.08033], [25.77711, 69.01919], [25.65758, 68.91729], [25.58789, 68.883], [25.47578, 68.90424], [25.2965, 68.8607], [25.14155, 68.78719], [25.06804, 68.61981], [24.91674, 68.60523], [24.60833, 68.68191], [24.30069, 68.71736], [24.07553, 68.77981], [23.98327, 68.82743], [23.87166, 68.83673], [23.77608, 68.81891], [23.67338, 68.70563], [23.44119, 68.69214], [23.16788, 68.62867], [23.04523, 68.68951], [22.80067, 68.68748], [22.53537, 68.74435], [22.37507, 68.71681], [22.34022, 68.82723], [22.19238, 68.91851], [22.17585, 68.95692], [21.72335, 69.21368], [21.62641, 69.27657], [21.27881, 69.31161], [21.09457, 69.26005], [20.98738, 69.1925], [21.10864, 69.10383], [21.0579, 69.03631], [20.71787, 69.11979], [20.55329, 69.0603], [20.76583, 69.03509], [20.9117, 68.95727], [20.8443, 68.93662], [21.23866, 68.81219], [21.29937, 68.76287], [21.39106, 68.76418], [21.42043, 68.69695], [21.56317, 68.67553], [21.69773, 68.63173], [21.70053, 68.59666], [21.90543, 68.57881], [22.04481, 68.47975], [22.34963, 68.48099], [22.46906, 68.44112], [22.6406, 68.42088], [23.05873, 68.30567], [23.14176, 68.24824], [23.1405, 68.15604], [23.30621, 68.14898], [23.37668, 68.05839], [23.65216, 67.95947], [23.6382, 67.91459], [23.50581, 67.87838], [23.47374, 67.81778], [23.49214, 67.66537], [23.55801, 67.62087], [23.54468, 67.58369], [23.40685, 67.50172], [23.40999, 67.46807], [23.54316, 67.46094], [23.76419, 67.42939], [23.71848, 67.388], [23.75648, 67.3281], [23.73204, 67.28842], [23.57734, 67.26792], [23.59554, 67.2089], [23.5551, 67.1664], [23.65467, 67.10269], [23.74023, 67.0163], [23.85895, 66.9537], [23.99548, 66.82017], [23.98264, 66.78799], [23.87849, 66.75228], [23.90617, 66.72038], [23.86498, 66.65498], [23.85834, 66.55857], [23.7298, 66.50659], [23.64176, 66.42857], [23.68903, 66.38637], [23.65019, 66.29939], [23.732, 66.19389], [23.91872, 66.16133], [23.9573, 66.07159], [24.05123, 65.99602], [24.05621, 65.952], [24.11822, 65.9319], [24.15331, 65.81286], [24.23494, 65.81467], [24.4217, 65.77084], [24.54632, 65.78667], [24.53653, 65.74235], [24.64632, 65.68135], [24.74724, 65.6654], [24.87537, 65.66807], [24.99268, 65.63296], [25.11176, 65.57356], [25.20918, 65.563], [25.33013, 65.47996], [25.36149, 65.4211], [25.26683, 65.37833], [25.31671, 65.29103], [25.27425, 65.17448], [25.22631, 65.12714], [25.38314, 65.09672], [25.4218, 65.03879], [25.42957, 64.9458], [25.2474, 65.00195], [25.22523, 64.94418], [25.37479, 64.88231], [25.33869, 64.83691], [25.12851, 64.91869], [24.96348, 64.9057], [24.93191, 64.8808], [24.731, 64.87191], [24.58051, 64.78428], [24.55397, 64.72159], [24.43936, 64.69165], [24.4244, 64.64111], [24.36684, 64.60707], [24.36928, 64.54362], [24.25234, 64.50729], [24.10055, 64.42213], [24.03062, 64.41475], [23.92909, 64.34137], [23.91366, 64.2882], [23.83632, 64.27592], [23.81442, 64.23896], [23.73016, 64.216], [23.67368, 64.16205], [23.63284, 64.07158], [23.5669, 64.04105], [23.37872, 64.05588], [23.40882, 63.94022], [23.36343, 63.91919], [23.12243, 63.91326], [23.0418, 63.87485], [22.98807, 63.8165], [22.78769, 63.86749], [22.66734, 63.8146], [22.72259, 63.78716], [22.74728, 63.79681], [22.77918, 63.80157], [22.85842, 63.80056], [22.94406, 63.75581], [22.90114, 63.6946], [22.81729, 63.67426], [22.71928, 63.71535], [22.51933, 63.65458], [22.46656, 63.58078], [22.48422, 63.53981], [22.38494, 63.51639], [22.3381, 63.57982], [22.20918, 63.45284], [22.3932, 63.33506], [22.10937, 63.2341], [22.08032, 63.25659], [21.77739, 63.25443], [21.67878, 63.21288], [21.53955, 63.26731], [21.51329, 63.17182], [21.61467, 63.0816], [21.4694, 63.05798], [21.49288, 62.96919], [21.43564, 62.95766], [21.40761, 62.87633], [21.29296, 62.89267], [21.12747, 62.77335], [21.17635, 62.72612], [21.09781, 62.68313], [21.2212, 62.60512], [21.12187, 62.55491], [21.11271, 62.48837], [21.16678, 62.4281], [21.36368, 62.37246], [21.35595, 62.29783], [21.39175, 62.21736], [21.30588, 62.14241], [21.32384, 62.10121], [21.29031, 61.98773], [21.42724, 61.91121], [21.49456, 61.83544], [21.47492, 61.77129], [21.5457, 61.75706], [21.52928, 61.69332], [21.61367, 61.624], [21.65166, 61.55523], [21.50051, 61.59634], [21.54692, 61.47906], [21.59516, 61.43178], [21.53278, 61.40256], [21.56881, 61.30925], [21.49264, 61.2636], [21.47465, 61.14021], [21.444, 61.10212], [21.33705, 61.0514], [21.25035, 60.9767], [21.31925, 60.95683], [21.22512, 60.89463], [21.34175, 60.88815], [21.33526, 60.84643], [21.3873, 60.8247], [21.43575, 60.73992], [21.34344, 60.71557], [21.33543, 60.68543], [21.41409, 60.64988], [21.45378, 60.58814], [21.56832, 60.55977], [21.65934, 60.51853], [21.69145, 60.58551], [21.755, 60.5556], [21.70298, 60.51414], [21.7742, 60.49569], [21.88083, 60.50578], [21.95927, 60.53231], [22.02103, 60.46161], [22.14067, 60.43959], [22.19682, 60.44667], [22.29417, 60.38412], [22.45796, 60.41338], [22.56431, 60.35567], [22.47326, 60.28605], [22.56226, 60.26974], [22.62184, 60.23723], [22.80935, 60.26364], [22.88231, 60.30877], [23.03399, 60.31228], [22.94595, 60.26269], [22.87246, 60.19245], [22.87701, 60.15622], [22.95996, 60.13564], [23.01537, 60.08492], [22.9874, 60.03412], [23.03093, 59.98683], [22.90682, 59.98919], [22.84829, 59.97157], [22.88925, 59.91516], [23.02719, 59.91693], [23.06162, 59.94728], [23.15453, 59.93853], [23.11188, 59.8867], [22.98382, 59.84636], [23.04468, 59.82175], [23.19091, 59.83143], [23.22686, 59.89381], [23.30247, 59.91068], [23.44914, 59.91816], [23.54117, 59.93776], [23.70125, 59.93714], [23.74859, 59.98721], [23.81799, 59.97109], [23.85499, 60.00467], [24.00301, 60.03294], [24.20289, 60.0274], [24.30526, 60.08625], [24.37626, 60.05889], [24.34734, 60.02474], [24.50719, 59.99747], [24.53794, 60.03915], [24.69505, 60.1279], [24.87156, 60.18903], [24.96156, 60.15512], [25.03055, 60.18607], [25.18658, 60.21033], [25.22381, 60.25668], [25.48625, 60.24875], [25.56989, 60.33132], [25.65888, 60.37402], [25.71739, 60.35128], [25.80236, 60.28696], [25.94475, 60.35785], [26.10831, 60.3226], [26.01255, 60.39459], [26.07071, 60.43425], [26.20529, 60.36259], [26.2491, 60.42524], [26.33547, 60.39875], [26.44341, 60.41189], [26.50378, 60.45443], [26.74641, 60.45596], [26.91216, 60.46988], [27.10689, 60.53958], [27.15362, 60.51604], [27.23325, 60.52685], [27.38757, 60.49977], [27.4715, 60.50986], [27.5523, 60.49453], [27.70573, 60.49479], [27.72732, 60.57645], [27.8701, 60.5131], [28.1114, 60.5244], [28.3953, 60.6176], [28.4683, 60.6611], [28.5391, 60.6666], [28.6412, 60.7042], [28.6939, 60.7449], [28.7614, 60.7209], [28.6467, 60.6585], [28.6765, 60.601], [28.6564, 60.5287], [28.7079, 60.4818], [28.6696, 60.431], [28.5377, 60.4982], [28.4958, 60.5489], [28.4407, 60.5492], [28.5725, 60.4254], [28.5861, 60.378], [28.7529, 60.3201], [28.8219, 60.3258], [28.8805, 60.2728], [28.9583, 60.2597], [29.0058, 60.1948], [29.1092, 60.1685], [29.4449, 60.1616], [29.5697, 60.1974], [29.714, 60.1877], [29.9224, 60.1482], [29.9242, 60.0917], [29.9675, 60.0587], [29.9722, 60.0112], [30.1626, 59.9877], [30.2177, 59.9602], [30.2164, 59.9042], [30.169, 59.8604], [30.0213, 59.8618], [29.7054, 59.9312], [29.5997, 59.9375], [29.3322, 59.9781], [29.1297, 59.9758], [29.0579, 59.9562], [29.061, 59.8607], [28.9796, 59.8111], [28.8842, 59.8068], [28.7214, 59.7737], [28.6751, 59.8062], [28.543, 59.8466], [28.4747, 59.8285], [28.4401, 59.7706], [28.4374, 59.6873], [28.3759, 59.6589], [28.236, 59.6801], [28.1948, 59.7727], [28.0882, 59.7813], [28.0031, 59.6916], [28.0857, 59.6133], [28.0987, 59.5681], [28.0718, 59.5032], [28.00403, 59.43948], [27.91438, 59.402], [27.80503, 59.39513], [27.73882, 59.41531], [27.5956, 59.41468], [27.40132, 59.44516], [27.04977, 59.43362], [26.93594, 59.43885], [26.7601, 59.49929], [26.68921, 59.53651], [26.59577, 59.54956], [26.54643, 59.51791], [26.32528, 59.5563], [26.26964, 59.5855], [26.09823, 59.58457], [26.033, 59.62367], [25.8156, 59.56321], [25.77688, 59.57476], [25.76725, 59.63934], [25.69689, 59.66888], [25.66994, 59.56316], [25.51603, 59.62239], [25.49346, 59.6038], [25.55587, 59.54374], [25.42447, 59.48967], [25.27524, 59.51005], [24.914, 59.50067], [24.88686, 59.54862], [24.7967, 59.56722], [24.83767, 59.48702], [24.79078, 59.44318], [24.69493, 59.46351], [24.65386, 59.42978], [24.54146, 59.43783], [24.46241, 59.46894], [24.37756, 59.47358], [24.34252, 59.42623], [24.23169, 59.39402], [24.24791, 59.35677], [24.04021, 59.39047], [24.04241, 59.35499], [24.104, 59.32662], [24.03692, 59.29031], [23.88218, 59.26993], [23.82282, 59.28926], [23.7092, 59.22966], [23.4909, 59.20999], [23.53401, 59.08881], [23.43561, 59.07783], [23.40522, 59.02532], [23.43984, 58.99154], [23.5542, 58.96567], [23.42386, 58.90644], [23.50256, 58.84681], [23.55031, 58.76884], [23.6149, 58.78648], [23.72895, 58.74952], [23.5822, 58.72686], [23.50934, 58.70186], [23.52986, 58.61216], [23.51136, 58.56056], [23.69192, 58.50601], [23.68093, 58.43383], [23.757, 58.3497], [23.91164, 58.33082], [24.03741, 58.29927], [24.1116, 58.24096], [24.26436, 58.28409], [24.3062, 58.37893], [24.42042, 58.38722], [24.52295, 58.36703], [24.58518, 58.30035], [24.48886, 58.25661], [24.45283, 58.17474], [24.47993, 58.15302], [24.4747, 58.05781], [24.42055, 57.9982], [24.33192, 57.8199], [24.34305, 57.70009], [24.38494, 57.61157], [24.36224, 57.5777], [24.3791, 57.51292], [24.41178, 57.27708], [24.33038, 57.18981], [24.20845, 57.12345], [24.02669, 57.06536], [23.97149, 57.02256], [23.75481, 56.96995], [23.61855, 56.96524], [23.557, 56.97686], [23.48404, 57.0359], [23.35678, 57.0476], [23.23837, 57.10711], [23.23134, 57.16505], [23.17715, 57.23547], [23.12001, 57.3671], [23.03517, 57.37869], [22.94427, 57.41453], [22.8451, 57.49211], [22.66953, 57.56301], [22.57912, 57.65451], [22.57879, 57.72126], [22.51621, 57.7458], [22.00031, 57.60527], [21.84854, 57.59853], [21.68916, 57.56062], [21.65944, 57.50593], [21.56783, 57.41211], [21.52996, 57.39364], [21.41052, 57.2681], [21.40866, 57.04939], [21.35163, 56.98415], [21.24524, 56.91905], [21.06401, 56.84217], [21.05834, 56.7074], [20.98554, 56.52098], [20.99583, 56.43163], [20.97036, 56.36965], [20.98012, 56.23489], [21.06387, 56.06907], [21.07316, 55.99725], [21.06385, 55.89372], [21.14811, 55.87186], [21.20569, 55.86394], [21.23082, 55.87578], [21.3756, 55.78532], [21.3855, 55.72126], [21.46089, 55.6139], [21.51403, 55.56795], [21.51241, 55.53105], [21.60036, 55.44074], [21.60369, 55.40285], [21.689, 55.35306], [21.72136, 55.30077], [21.78526, 55.3219], [21.86461, 55.32501], [21.915, 55.27596], [22.13159, 55.22645], [22.20355, 55.19906], [22.20468, 55.18564], [22.19988, 55.15897], [22.3464, 55.15336], [22.4241, 55.13531], [22.55547, 55.13882], [22.61954, 55.09373], [22.59575, 55.06713], [22.63801, 55.00798], [22.66596, 54.98727], [22.68015, 54.98745], [22.77235, 54.93563], [22.8535, 54.89424], [22.84158, 54.86704], [22.89045, 54.81675], [22.83283, 54.76456], [22.80057, 54.75611], [22.78336, 54.74714], [22.75295, 54.70683], [22.74374, 54.67238], [22.72639, 54.60339], [22.69999, 54.50772], [22.74194, 54.44923], [22.80929, 54.34391], [22.75022, 54.29067], [22.62398, 54.26493], [22.54263, 54.26618], [22.53037, 54.22806], [22.57211, 54.20404], [22.59302, 54.14302], [22.63626, 54.09911], [22.63097, 54.09302], [22.60421, 54.05371], [22.66511, 54.03259], [22.69802, 53.97166], [22.75224, 53.94477], [22.78224, 53.91994], [22.77836, 53.86231], [22.73028, 53.83123], [22.69631, 53.75978], [22.61494, 53.7175], [22.58979, 53.7335], [22.47263, 53.69985], [22.40178, 53.66651], [22.29146, 53.62173], [22.23478, 53.58304], [22.10741, 53.53578], [22.01095, 53.51559], [21.91548, 53.49736], [21.89067, 53.46156], [21.68791, 53.49388], [21.65201, 53.48224], [21.47277, 53.47186], [21.25283, 53.41764], [21.05364, 53.33161], [20.8812, 53.26952], [20.83844, 53.30314], [20.77034, 53.31382], [20.6813, 53.32157], [20.544, 53.34706], [20.46927, 53.25422], [20.41933, 53.21211], [20.33965, 53.14876], [20.29111, 53.13369], [20.16769, 53.15309], [20.09314, 53.19808], [20.03252, 53.21353], [20.01496, 53.20995], [19.9241, 53.22859], [19.83705, 53.18172], [19.83087, 53.16961], [19.68648, 53.12782], [19.66252, 53.16988], [19.61826, 53.17872], [19.60445, 53.19033], [19.49466, 53.16396], [19.46925, 53.1888], [19.3686, 53.18617], [19.33165, 53.21944], [19.26537, 53.20327], [19.19433, 53.1544], [19.04125, 53.10938], [18.96624, 53.06199], [18.88101, 53.06698], [18.83379, 53.07102], [18.77045, 53.02046], [18.79525, 53.01487], [18.76472, 52.91477], [18.65694, 52.88613], [18.61323, 52.84425], [18.63337, 52.78297], [18.60347, 52.75427], [18.57559, 52.75821], [18.52178, 52.7463], [18.46747, 52.67271], [18.46176, 52.64742], [18.48388, 52.60511], [18.47719, 52.59298], [18.45076, 52.53309], [18.37788, 52.54286], [18.25983, 52.48514], [18.15272, 52.50214], [18.06077, 52.46433], [18.01915, 52.44167], [17.95507, 52.41078], [17.95817, 52.37667], [17.82274, 52.26755], [17.77986, 52.22145], [17.66489, 52.17882], [17.66227, 52.16585], [17.6805, 52.10405], [17.73605, 52.05492], [17.89967, 51.97192], [18.01606, 51.86242], [18.03716, 51.81907], [17.99698, 51.77708], [17.99501, 51.75351], [18.11577, 51.69607], [18.08229, 51.63947], [18.10491, 51.60852], [18.19583, 51.58111], [18.14483, 51.53618], [18.15469, 51.46933], [18.21086, 51.42819], [18.16084, 51.27908], [18.192, 51.20556], [18.17463, 51.17392], [18.33543, 51.1417], [18.41477, 51.12009], [18.44048, 51.0627], [18.43805, 51.04825], [18.62242, 50.9715], [18.65708, 50.92541], [18.62626, 50.83456], [18.74681, 50.77464], [18.88984, 50.75372], [18.97046, 50.68994], [19.04292, 50.66055], [19.07436, 50.61113], [19.10454, 50.58713], [19.07283, 50.50257], [19.01629, 50.48041], [18.97356, 50.42308], [18.97205, 50.37537], [19.05724, 50.34414], [19.08497, 50.28257], [19.161, 50.23611], [19.22089, 50.25176], [19.32341, 50.25916], [19.42979, 50.22512], [19.4836, 50.22923], [19.58068, 50.21199], [19.60483, 50.19244], [19.65937, 50.20062], [19.70914, 50.17038], [19.76333, 50.17238], [19.81509, 50.16019], [19.84324, 50.13446], [19.88606, 50.14275], [19.96889, 50.13922], [20.02123, 50.11936], [20.0658, 50.12126], [20.15695, 50.14741], [20.19033, 50.11817], [20.19016, 50.07521], [20.23335, 50.06783], [20.28301, 50.07987], [20.29798, 50.09801], [20.33935, 50.09195], [20.36828, 50.11408], [20.44439, 50.14191], [20.4935, 50.13373], [20.54045, 50.14638], [20.60731, 50.15139], [20.68482, 50.21753], [20.73032, 50.23147], [20.72128, 50.24833], [20.80453, 50.29128], [20.84875, 50.29272], [20.89326, 50.30663], [20.93466, 50.2986], [20.95398, 50.31594], [21.00871, 50.3103], [21.06001, 50.31528], [21.0924, 50.33939], [21.14693, 50.35506], [21.19091, 50.35251], [21.2798, 50.39264], [21.27958, 50.40733], [21.34841, 50.43401], [21.41627, 50.4449], [21.45324, 50.49425], [21.55528, 50.52084], [21.60151, 50.5196], [21.65704, 50.57256], [21.70266, 50.62477], [21.73851, 50.66983], [21.81076, 50.68629], [21.8415, 50.74863], [21.87068, 50.78815], [21.89128, 50.77795], [21.96189, 50.77093], [22.01213, 50.74581], [21.9958, 50.67587], [22.10354, 50.64033], [22.15904, 50.66787], [22.2193, 50.67717], [22.27074, 50.6556], [22.30246, 50.6179], [22.44571, 50.59326], [22.44237, 50.50319], [22.3685, 50.45009], [22.30854, 50.42314], [22.41118, 50.3358], [22.47897, 50.32622], [22.53364, 50.35512], [22.59561, 50.34866], [22.62471, 50.35709], [22.68659, 50.34505], [22.60869, 50.32762], [22.70527, 50.29343], [22.74392, 50.30207], [22.85714, 50.29494], [22.88938, 50.30153], [22.93886, 50.29242], [23.02369, 50.28833], [23.09248, 50.33195], [23.18157, 50.39582], [23.26328, 50.37228], [23.40444, 50.40192], [23.44884, 50.38747], [23.47699, 50.40061], [23.51238, 50.38102], [23.55252, 50.40542], [23.65262, 50.39252], [23.68623, 50.41139], [23.68368, 50.46483], [23.83505, 50.47511], [23.86047, 50.46544], [23.91861, 50.48614], [23.94738, 50.53038], [24.0401, 50.54811], [24.07286, 50.53807], [24.09563, 50.56462], [24.05595, 50.58225], [24.07534, 50.59883], [24.06429, 50.62835], [24.13744, 50.64794], [24.20445, 50.61112], [24.21189, 50.59146], [24.30209, 50.56991], [24.3308, 50.5977], [24.40138, 50.58949], [24.4035, 50.5675], [24.46756, 50.53888], [24.512, 50.557], [24.5538, 50.5251], [24.55067, 50.4758], [24.49091, 50.48057], [24.51877, 50.42767], [24.6732, 50.3996], [24.7215, 50.3702], [24.74801, 50.3378], [24.8515, 50.3524], [24.93936, 50.34718], [24.95451, 50.38207], [25.0182, 50.344], [25.06031, 50.34164], [25.0587, 50.3038], [25.13118, 50.28432], [25.1632, 50.2918], [25.2074, 50.2806], [25.2036, 50.25896], [25.1706, 50.21496], [25.21767, 50.17879], [25.1991, 50.1318], [25.285, 50.052], [25.31807, 50.01375], [25.40226, 49.98601], [25.40225, 49.95773], [25.4307, 49.91394], [25.47333, 49.87175], [25.4747, 49.82593], [25.508, 49.81707], [25.54371, 49.78282], [25.57941, 49.79569], [25.67646, 49.733], [25.71127, 49.72994], [25.74544, 49.76234], [25.84465, 49.73786], [25.91414, 49.74448], [25.93746, 49.72502], [26.00892, 49.75092], [26.16222, 49.75983], [26.1951, 49.7093], [26.24244, 49.69258], [26.2757, 49.6568], [26.2536, 49.6337], [26.2018, 49.6079], [26.2161, 49.5886], [26.1465, 49.5147], [26.1937, 49.4811], [26.1958, 49.4317], [26.2352, 49.3995], [26.2453, 49.3682], [26.2303, 49.3234], [26.259, 49.2925], [26.2457, 49.2443], [26.2071, 49.2454], [26.18547, 49.20034], [26.205, 49.0992], [26.1897, 49.0615], [26.21445, 49.01282], [26.1897, 49.0032], [26.18198, 48.96541], [26.21198, 48.88276], [26.1997, 48.86087], [26.22065, 48.83269], [26.24338, 48.73322], [26.22992, 48.70588], [26.24265, 48.67158], [26.27354, 48.64723], [26.31821, 48.63742], [26.32551, 48.59946], [26.36221, 48.58429], [26.40958, 48.5418], [26.35581, 48.5076], [26.29573, 48.51256], [26.2764, 48.53892], [26.19855, 48.52562], [26.1474, 48.54517], [26.14531, 48.59699], [26.09571, 48.6007], [26.12382, 48.56931], [26.12372, 48.54951], [26.09008, 48.53941], [26.05705, 48.57083], [26.03074, 48.54964], [26.05067, 48.49898], [26.04696, 48.47265], [26.06781, 48.45475], [26.06042, 48.42834], [26.16142, 48.37345], [26.19083, 48.31705], [26.19349, 48.28621], [26.26334, 48.23428], [26.28986, 48.22682], [26.35179, 48.18504], [26.46843, 48.22071], [26.52506, 48.20837], [26.69738, 48.2655], [26.72178, 48.24726], [26.84776, 48.23511], [26.90295, 48.18226], [26.97391, 48.1619], [27.0325, 48.09061], [27.12685, 48.00976], [27.14038, 47.96729], [27.19242, 47.94084], [27.2168, 47.95198], [27.23844, 47.9202], [27.24525, 47.92247], [27.25315, 47.91171], [27.26025, 47.89753], [27.25362, 47.88374], [27.25141, 47.88134], [27.22141, 47.91716], [27.20014, 47.90224], [27.20804, 47.84903], [27.24369, 47.83752], [27.24802, 47.83496], [27.24942, 47.8307], [27.24831, 47.82887], [27.23389, 47.82423], [27.22523, 47.82981], [27.21961, 47.82719], [27.21652, 47.82093], [27.21975, 47.81532], [27.23624, 47.81663], [27.23987, 47.81574], [27.24241, 47.81164], [27.23096, 47.80458], [27.23124, 47.79987], [27.23329, 47.79821], [27.25031, 47.79297], [27.268, 47.76659], [27.29458, 47.75273], [27.29712, 47.74757], [27.29511, 47.74543], [27.28078, 47.7341], [27.25827, 47.72774], [27.25046, 47.72024], [27.25048, 47.71811], [27.26567, 47.71257], [27.27405, 47.68929], [27.3162, 47.64113], [27.40626, 47.58388], [27.47453, 47.48613], [27.53926, 47.48815], [27.57198, 47.46465], [27.5833, 47.40867], [27.63521, 47.30379], [27.72853, 47.29587], [27.78939, 47.20846], [27.79861, 47.13959], [28.09627, 46.97998], [28.12503, 46.84756], [28.115, 46.82255], [28.17627, 46.78132], [28.17313, 46.75161], [28.23624, 46.67364], [28.25128, 46.61219], [28.21536, 46.53737], [28.25853, 46.42669], [28.1968, 46.35083], [28.209, 46.3191], [28.11141, 46.2307], [28.14192, 46.19147], [28.12213, 46.10482], [28.08931, 46.06889], [28.09142, 46.00548], [28.13185, 45.87703], [28.10926, 45.84163], [28.15901, 45.7398], [28.16664, 45.64015], [28.0883, 45.60769], [28.16612, 45.54589], [28.18899, 45.47333], [28.27576, 45.45057], [28.28351, 45.3974], [28.34187, 45.327], [28.56549, 45.24902], [28.71889, 45.22477], [28.78039, 45.23732], [28.75794, 45.27321], [28.80696, 45.31204], [28.95104, 45.31147], [29.04333, 45.36024], [29.17101, 45.39477], [29.24152, 45.4339], [29.44217, 45.43428], [29.59033, 45.39053], [29.65726, 45.33365], [29.68239, 45.2109]]], [[[21.67779, 60.15065], [21.56481, 60.17826], [21.50556, 60.14365], [21.54641, 60.10839], [21.64747, 60.11195], [21.67779, 60.15065]]], [[[19.94028, 60.39936], [19.85226, 60.42591], [19.80146, 60.40402], [19.7824, 60.33738], [19.90318, 60.3083], [19.81684, 60.25394], [19.70246, 60.28752], [19.65833, 60.24745], [19.75274, 60.09303], [19.96377, 60.08471], [20.08617, 60.05067], [20.141, 59.9936], [20.27254, 60.07231], [20.29839, 60.1422], [20.22115, 60.15017], [20.19553, 60.08042], [20.02373, 60.12879], [20.04507, 60.18947], [20.15319, 60.17895], [20.24008, 60.2095], [20.27473, 60.28571], [20.19752, 60.30743], [20.19177, 60.34545], [20.08995, 60.37477], [19.93612, 60.37483], [19.94028, 60.39936]]], [[[19.67541, 60.19999], [19.61309, 60.28763], [19.51439, 60.24146], [19.51779, 60.1796], [19.6662, 60.17047], [19.67541, 60.19999]]], [[[21.43048, 60.56536], [21.32833, 60.56463], [21.47918, 60.47927], [21.47737, 60.53595], [21.43048, 60.56536]]], [[[21.32451, 60.63526], [21.23169, 60.64751], [21.28704, 60.58259], [21.36536, 60.60467], [21.32451, 60.63526]]], [[[21.26387, 63.28508], [21.11377, 63.2743], [21.16526, 63.18474], [21.30229, 63.15531], [21.32792, 63.18251], [21.44103, 63.206], [21.44259, 63.24836], [21.3718, 63.28219], [21.26387, 63.28508]]], [[[21.33729, 63.30874], [21.41962, 63.35026], [21.33611, 63.37267], [21.24309, 63.33588], [21.33729, 63.30874]]], [[[23.13217, 58.55417], [23.06721, 58.56244], [22.94538, 58.61696], [22.77263, 58.61202], [22.62129, 58.58604], [22.57184, 58.63573], [22.48559, 58.58455], [22.28633, 58.56994], [22.29452, 58.48699], [22.19611, 58.51138], [22.13799, 58.49813], [22.07924, 58.41816], [22.01953, 58.49992], [21.91692, 58.51707], [21.88079, 58.48014], [21.9913, 58.39587], [21.96033, 58.32122], [21.86517, 58.25985], [21.9721, 58.23551], [22.07605, 58.1858], [22.20238, 58.15929], [22.13783, 58.06525], [22.06762, 58.04233], [21.98444, 57.9529], [22.05985, 57.91387], [22.20059, 57.98163], [22.18849, 58.01696], [22.25543, 58.12498], [22.27128, 58.19001], [22.46161, 58.24444], [22.55558, 58.2198], [22.73689, 58.23984], [22.82544, 58.26844], [22.85797, 58.31691], [22.92286, 58.3031], [22.95363, 58.38449], [23.00751, 58.3602], [23.18135, 58.47089], [23.24863, 58.42732], [23.32406, 58.44874], [23.27399, 58.48966], [23.14024, 58.51909], [23.13217, 58.55417]]], [[[23.37528, 58.58517], [23.32116, 58.65008], [23.19419, 58.6833], [23.14069, 58.67247], [23.08717, 58.58577], [23.3639, 58.53193], [23.37528, 58.58517]]], [[[22.74344, 59.00657], [22.70816, 59.00818], [22.65761, 59.08696], [22.58554, 59.08667], [22.569, 59.03021], [22.49043, 59.02546], [22.46864, 58.96186], [22.37424, 58.93282], [22.31075, 58.94883], [22.20561, 58.93379], [22.05904, 58.94229], [22.18301, 58.8825], [22.36365, 58.89776], [22.42802, 58.86983], [22.45844, 58.82726], [22.49015, 58.70078], [22.66586, 58.6975], [22.73129, 58.80592], [22.96475, 58.84917], [23.0684, 58.83884], [23.02469, 58.89562], [22.90148, 58.97269], [22.74344, 59.00657]]], [[[23.28575, 58.97126], [23.38798, 58.992], [23.3433, 59.02902], [23.26815, 59.02205], [23.16384, 59.05003], [23.11985, 59.01097], [23.16942, 58.95916], [23.21956, 58.98394], [23.28575, 58.97126]]], [[[22.86558, 60.18817], [22.98309, 60.30276], [22.90589, 60.3005], [22.8601, 60.24203], [22.60867, 60.22832], [22.46149, 60.20388], [22.41549, 60.18205], [22.43295, 60.13406], [22.36447, 60.08767], [22.38252, 60.00618], [22.57418, 60.03351], [22.72366, 60.01702], [22.79196, 60.02923], [22.77147, 60.07699], [22.8336, 60.09237], [22.86558, 60.18817]]], [[[21.94639, 60.19319], [21.88773, 60.22022], [21.72525, 60.19945], [21.69143, 60.13552], [21.77533, 60.12405], [21.94639, 60.19319]]], [[[22.42172, 60.24942], [22.38943, 60.30003], [22.30827, 60.2625], [22.42172, 60.24942]]], [[[25.8129, 60.27642], [25.7019, 60.33436], [25.64135, 60.3238], [25.67202, 60.27558], [25.79503, 60.23968], [25.8129, 60.27642]]], [[[22.34725, 60.29598], [22.32217, 60.32473], [22.18961, 60.33347], [22.10053, 60.32488], [22.08721, 60.28555], [22.23903, 60.25202], [22.34725, 60.29598]]], [[[22.50407, 60.34396], [22.33984, 60.35857], [22.30501, 60.32777], [22.44809, 60.30607], [22.50407, 60.34396]]], [[[21.94484, 60.42986], [21.89995, 60.47615], [21.81752, 60.48384], [21.82807, 60.35746], [22.01788, 60.34099], [21.94484, 60.42986]]], [[[22.10844, 63.28495], [22.19854, 63.27311], [22.21102, 63.3195], [22.11702, 63.33562], [21.99548, 63.33189], [21.97141, 63.27972], [22.10844, 63.28495]]], [[[22.77447, 63.72192], [22.83096, 63.77484], [22.76199, 63.7976], [22.6788, 63.77045], [22.69898, 63.73129], [22.77447, 63.72192]]], [[[25.05959, 65.04632], [24.82849, 65.09563], [24.6573, 65.08202], [24.55951, 65.03802], [24.62369, 64.97097], [24.79411, 64.94276], [24.87749, 64.96713], [24.84381, 65.03025], [25.02145, 65.03207], [25.05959, 65.04632]]], [[[28.5941, 60.3335], [28.5413, 60.3128], [28.6172, 60.2699], [28.7092, 60.2973], [28.5941, 60.3335]]], [[[33.064, 46.0151], [32.8943, 46.0437], [32.875, 46.0156], [33.0269, 46.0077], [33.064, 46.0151]]], [[[33.2662, 66.6158], [33.1681, 66.5751], [33.301, 66.5409], [33.3968, 66.5338], [33.408, 66.5832], [33.2662, 66.6158]]], [[[34.4111, 69.3292], [34.2167, 69.379], [34.0306, 69.3838], [33.9862, 69.3356], [34.206, 69.3102], [34.4111, 69.3292]]], [[[34.8891, 65.8259], [34.8097, 65.7993], [34.7075, 65.8022], [34.6926, 65.7965], [34.6803, 65.7949], [34.6988, 65.7816], [34.7225, 65.7782], [34.7752, 65.7543], [34.8926, 65.6875], [34.919, 65.7243], [34.8561, 65.7649], [34.9129, 65.7863], [34.8891, 65.8259]]], [[[35.9457, 64.3873], [35.8751, 64.364], [35.9303, 64.3174], [36.0081, 64.3514], [35.9457, 64.3873]]], [[[35.8036, 65.1575], [35.6733, 65.1679], [35.6127, 65.1283], [35.5054, 65.0961], [35.6003, 65.0363], [35.681, 65.0349], [35.7254, 64.9707], [35.8745, 64.9879], [35.8144, 65.0506], [35.8511, 65.0712], [35.8036, 65.1575]]], [[[36.0813, 65.1259], [36.0089, 65.1863], [35.9353, 65.1437], [36.0813, 65.1259]]], [[[40.2685, 64.755], [40.2236, 64.7229], [40.2952, 64.6791], [40.3084, 64.6409], [40.4009, 64.6243], [40.3639, 64.7301], [40.2685, 64.755]]], [[[42.636, 66.7482], [42.5296, 66.7752], [42.4274, 66.7526], [42.4765, 66.7149], [42.5904, 66.6748], [42.6746, 66.6731], [42.636, 66.7482]]], [[[47.9858, 45.6601], [47.9432, 45.6557], [47.9169, 45.5761], [47.9584, 45.4743], [47.9998, 45.464], [48.017, 45.5167], [47.9971, 45.554], [47.9858, 45.6601]]], [[[48.7146, 45.7486], [48.6555, 45.7543], [48.6232, 45.7126], [48.6434, 45.6402], [48.7048, 45.5904], [48.7533, 45.6194], [48.7146, 45.7486]]], [[[49.1182, 46.2155], [49.0751, 46.1665], [49.1534, 46.1313], [49.1182, 46.2155]]], [[[50.9709, 68.4231], [51.1474, 68.4399], [51.2965, 68.4397], [51.418, 68.4846], [51.1965, 68.4884], [51.056, 68.4703], [50.9709, 68.4231]]], [[[49.4908, 69.44], [49.3365, 69.4915], [49.2312, 69.5013], [48.9903, 69.498], [48.7242, 69.4549], [48.564, 69.3947], [48.3671, 69.2932], [48.3031, 69.2262], [48.2319, 69.0942], [48.2083, 68.9206], [48.221, 68.8556], [48.6735, 68.6965], [49.1992, 68.7575], [49.4452, 68.8041], [49.7188, 68.8769], [49.7355, 68.9053], [49.9165, 69.0041], [49.9247, 69.0559], [50.2117, 69.112], [50.2825, 69.168], [50.1191, 69.2657], [49.7314, 69.3669], [49.4908, 69.44]]]]}}, {"type": "Feature", "properties": {"nazev": "Švédsko", "en": "Sverige"}, "geometry": {"type": "MultiPolygon", "coordinates": [[[[20.55329, 69.0603], [20.06005, 69.04576], [20.30659, 68.92615], [20.33587, 68.80231], [20.2029, 68.66592], [20.0523, 68.59107], [19.9375, 68.55794], [20.22665, 68.49086], [19.9214, 68.35601], [18.98382, 68.51695], [18.62123, 68.50694], [18.40569, 68.58188], [18.12592, 68.53651], [18.10099, 68.40603], [18.15135, 68.19879], [17.8998, 67.96934], [17.66475, 68.03838], [17.28152, 68.11881], [17.1805, 68.05044], [16.73812, 67.91421], [16.55618, 67.64717], [16.40747, 67.53403], [16.158, 67.51916], [16.08983, 67.43528], [16.40409, 67.20501], [16.38772, 67.04547], [16.19402, 66.98259], [16.03878, 66.91244], [15.62137, 66.59434], [15.37723, 66.48431], [15.48473, 66.28246], [15.03568, 66.15356], [14.51629, 66.13258], [14.5844, 65.90134], [14.62548, 65.81181], [14.54145, 65.70074], [14.49877, 65.5213], [14.50685, 65.30972], [14.3788, 65.24762], [14.32599, 65.11892], [14.12989, 64.97856], [13.70547, 64.63996], [13.65426, 64.58034], [13.89118, 64.50713], [14.08523, 64.47825], [14.11388, 64.46248], [14.1571, 64.19509], [13.96753, 64.00797], [13.71538, 64.04628], [13.21111, 64.09537], [12.92669, 64.05794], [12.68357, 63.97422], [12.48023, 63.81876], [12.33058, 63.71507], [12.29946, 63.67197], [12.14977, 63.59395], [12.21288, 63.47859], [12.08409, 63.35558], [11.97458, 63.26921], [12.21823, 63.00033], [12.07471, 62.90257], [12.13631, 62.74808], [12.05614, 62.61192], [12.29935, 62.26746], [12.13767, 61.72382], [12.41961, 61.56298], [12.56933, 61.56875], [12.87086, 61.3565], [12.83383, 61.25846], [12.79035, 61.19705], [12.70703, 61.14327], [12.68258, 61.06122], [12.61034, 61.04654], [12.44762, 61.05073], [12.22399, 61.01308], [12.33279, 60.89017], [12.33449, 60.85236], [12.39537, 60.73389], [12.51103, 60.64246], [12.51579, 60.60013], [12.60688, 60.51274], [12.60604, 60.4059], [12.4988, 60.32365], [12.54189, 60.19339], [12.50064, 60.09908], [12.44856, 60.03918], [12.34114, 59.96567], [12.23101, 59.92751], [12.17429, 59.8898], [12.05347, 59.88594], [11.98518, 59.90072], [11.83971, 59.84078], [11.92602, 59.794], [11.93988, 59.69458], [11.85561, 59.64829], [11.72056, 59.62549], [11.69113, 59.58955], [11.75993, 59.45818], [11.77987, 59.38646], [11.81625, 59.34474], [11.82975, 59.24249], [11.78287, 59.20603], [11.775, 59.08636], [11.71052, 59.03368], [11.68792, 58.95546], [11.62994, 58.90832], [11.45567, 58.88959], [11.46045, 58.98892], [11.3449, 59.10793], [11.17711, 59.06642], [11.1305, 59.02394], [11.11861, 58.96682], [11.19971, 58.89393], [11.22362, 58.78943], [11.18287, 58.78197], [11.17102, 58.72238], [11.26626, 58.66766], [11.28552, 58.61639], [11.25828, 58.56298], [11.29355, 58.43259], [11.24228, 58.39095], [11.24715, 58.3567], [11.36055, 58.36205], [11.40093, 58.31227], [11.55864, 58.23543], [11.63593, 58.26113], [11.67324, 58.30638], [11.81408, 58.31408], [11.89491, 58.2013], [11.85834, 58.19532], [11.86456, 58.15886], [11.84035, 58.13907], [11.81532, 58.07526], [11.81391, 57.99242], [11.75758, 57.96668], [11.76347, 57.90446], [11.71299, 57.90091], [11.68186, 57.83921], [11.74464, 57.79883], [11.82266, 57.79298], [11.79864, 57.75059], [11.7323, 57.74269], [11.70083, 57.70543], [11.8404, 57.65896], [11.93818, 57.57491], [11.9127, 57.53101], [11.90429, 57.44419], [11.95814, 57.35249], [12.01738, 57.39765], [12.10901, 57.43411], [12.16147, 57.3272], [12.16431, 57.28841], [12.09375, 57.23533], [12.20458, 57.1913], [12.2698, 57.05172], [12.3587, 56.9969], [12.34941, 56.93218], [12.4044, 56.9043], [12.54102, 56.86832], [12.61159, 56.82179], [12.63, 56.74062], [12.77718, 56.64074], [12.83162, 56.66416], [12.88817, 56.6436], [12.93996, 56.58006], [12.91952, 56.4684], [12.849, 56.43096], [12.74854, 56.46759], [12.65681, 56.45444], [12.63817, 56.38872], [12.73822, 56.35992], [12.76218, 56.30951], [12.83771, 56.2705], [12.78634, 56.21633], [12.69447, 56.22058], [12.65714, 56.25481], [12.50941, 56.29466], [12.56877, 56.14429], [12.65432, 56.08348], [12.70527, 56.00726], [12.75482, 55.97988], [12.83355, 55.85405], [12.91001, 55.84092], [12.93034, 55.77325], [13.06819, 55.67038], [13.05445, 55.63955], [12.92376, 55.59324], [12.89365, 55.56372], [12.97011, 55.45848], [12.96446, 55.40165], [13.06508, 55.37335], [13.20308, 55.36259], [13.3613, 55.33568], [13.51306, 55.3846], [13.59782, 55.38611], [13.63771, 55.41511], [13.83651, 55.42039], [13.89951, 55.43304], [13.98117, 55.41762], [14.0567, 55.37872], [14.20125, 55.38467], [14.24457, 55.43889], [14.34414, 55.50587], [14.3631, 55.55191], [14.28661, 55.61615], [14.28051, 55.66279], [14.20602, 55.70209], [14.19589, 55.73638], [14.21787, 55.81952], [14.25405, 55.87634], [14.32747, 55.91922], [14.47072, 56.0352], [14.53341, 56.04312], [14.61193, 56.00976], [14.72137, 55.99427], [14.78202, 56.03466], [14.72762, 56.06095], [14.67811, 56.12229], [14.75156, 56.14667], [14.93284, 56.1572], [15.01733, 56.18866], [15.0618, 56.15485], [15.19299, 56.1535], [15.30633, 56.1752], [15.30106, 56.12513], [15.37436, 56.13411], [15.40506, 56.18248], [15.46648, 56.153], [15.54677, 56.19234], [15.69656, 56.16729], [15.85368, 56.08813], [15.90712, 56.1475], [15.99462, 56.1988], [16.05703, 56.29422], [16.1147, 56.4407], [16.2254, 56.54913], [16.22727, 56.60956], [16.31049, 56.66118], [16.37797, 56.65932], [16.36013, 56.76318], [16.48068, 56.7758], [16.42898, 56.83689], [16.46805, 56.92189], [16.43304, 56.98584], [16.47196, 56.99873], [16.51815, 57.06173], [16.57477, 57.08072], [16.46764, 57.15228], [16.46275, 57.2088], [16.50749, 57.22983], [16.47801, 57.27908], [16.55553, 57.32114], [16.55672, 57.37563], [16.62438, 57.37944], [16.69806, 57.49183], [16.64925, 57.51392], [16.62334, 57.57311], [16.65843, 57.60926], [16.61772, 57.64322], [16.64665, 57.67473], [16.71883, 57.68345], [16.67062, 57.77222], [16.54941, 57.84252], [16.51071, 57.89982], [16.66107, 57.87756], [16.77231, 57.90397], [16.74737, 57.97206], [16.76927, 58.01037], [16.72753, 58.06449], [16.75974, 58.11539], [16.82957, 58.13416], [16.8542, 58.19678], [16.763, 58.24051], [16.77893, 58.31898], [16.7558, 58.37518], [16.7078, 58.40118], [16.78197, 58.44037], [16.84812, 58.44506], [16.88302, 58.5117], [16.80157, 58.59703], [16.69522, 58.60094], [16.55173, 58.63347], [16.36047, 58.62978], [16.32039, 58.60737], [16.18414, 58.61368], [16.34274, 58.66495], [16.9239, 58.60978], [17.02941, 58.63115], [17.11852, 58.73603], [17.2715, 58.72186], [17.50456, 58.83337], [17.54414, 58.88193], [17.62677, 58.90712], [17.5737, 58.94995], [17.62029, 58.951], [17.61657, 58.9834], [17.62853, 59.00858], [17.61355, 59.03464], [17.62591, 59.08069], [17.68755, 59.10349], [17.7388, 59.06513], [17.75973, 58.99023], [17.73321, 58.92871], [17.77658, 58.87364], [17.8593, 58.91058], [17.89706, 58.87846], [17.97285, 58.92623], [17.95789, 58.94852], [18.04211, 59.0491], [18.2867, 59.09806], [18.43853, 59.14304], [18.395, 59.21386], [18.27345, 59.25576], [18.21997, 59.29549], [18.06143, 59.32537], [17.98505, 59.31572], [17.78928, 59.25651], [17.60629, 59.28424], [17.56716, 59.25877], [17.36583, 59.32434], [17.39114, 59.25449], [17.26775, 59.24317], [17.32878, 59.33797], [17.26477, 59.35715], [17.21312, 59.35836], [17.18278, 59.36801], [17.03545, 59.37157], [16.86239, 59.48148], [16.81097, 59.46372], [16.63706, 59.44694], [16.49804, 59.44409], [16.45878, 59.46038], [16.32118, 59.45246], [16.19802, 59.43219], [16.09253, 59.43042], [16.06727, 59.47227], [16.27514, 59.4935], [16.346, 59.46896], [16.45921, 59.48115], [16.55528, 59.52765], [16.51738, 59.5861], [16.60629, 59.58983], [16.67964, 59.52758], [16.74898, 59.51606], [16.80818, 59.57816], [16.90821, 59.57683], [16.95749, 59.53801], [17.08315, 59.54962], [17.32749, 59.4657], [17.43004, 59.46841], [17.44766, 59.54682], [17.51616, 59.50464], [17.79115, 59.4714], [17.76116, 59.401], [17.82376, 59.36023], [17.96021, 59.31354], [17.9942, 59.34414], [18.15155, 59.32012], [18.08201, 59.3787], [18.09461, 59.41212], [18.21164, 59.3869], [18.31842, 59.45964], [18.37902, 59.4516], [18.57408, 59.54845], [18.66486, 59.57774], [18.77117, 59.68638], [19.06946, 59.71717], [19.07012, 59.76279], [18.86804, 59.78672], [18.97412, 59.87511], [19.02495, 59.81931], [19.07664, 59.82416], [19.08215, 59.8746], [18.9182, 59.93817], [18.84281, 60.03525], [18.82429, 60.09844], [18.43709, 60.17673], [18.53657, 60.18922], [18.61529, 60.2305], [18.52062, 60.27359], [18.45958, 60.33707], [18.39347, 60.33563], [18.31165, 60.36937], [18.15128, 60.4114], [18.06855, 60.48658], [18.0097, 60.50236], [18.01788, 60.55041], [17.98715, 60.60339], [17.84734, 60.58484], [17.65585, 60.51371], [17.59116, 60.57967], [17.63521, 60.61837], [17.55211, 60.65342], [17.4459, 60.63634], [17.30161, 60.65877], [17.25836, 60.69099], [17.28469, 60.72932], [17.29282, 60.83622], [17.2036, 60.92703], [17.13774, 60.95723], [17.18728, 61.00911], [17.15239, 61.04536], [17.2045, 61.08504], [17.14002, 61.20732], [17.16558, 61.26249], [17.25626, 61.30467], [17.1369, 61.35286], [17.08741, 61.41336], [17.16222, 61.4454], [17.1146, 61.56032], [17.17939, 61.65405], [17.35533, 61.7037], [17.4373, 61.62199], [17.48838, 61.62207], [17.51737, 61.70284], [17.45242, 61.73312], [17.31449, 61.85841], [17.33897, 61.91524], [17.41625, 62.0172], [17.46827, 62.04472], [17.4737, 62.12461], [17.55208, 62.18637], [17.64714, 62.21878], [17.49538, 62.27227], [17.37191, 62.37635], [17.39483, 62.43507], [17.33871, 62.48869], [17.43376, 62.50382], [17.55283, 62.44463], [17.63456, 62.43052], [17.68554, 62.49308], [17.75221, 62.50814], [17.86703, 62.50364], [17.8878, 62.54096], [18.05578, 62.59727], [18.02301, 62.63392], [17.92709, 62.65621], [17.98706, 62.68969], [17.9266, 62.79644], [18.01804, 62.85276], [18.11348, 62.76819], [18.27535, 62.82491], [18.20129, 62.86562], [18.28976, 62.89946], [18.34667, 62.8365], [18.45545, 62.87652], [18.53605, 62.9902], [18.42318, 63.00489], [18.60369, 63.14833], [18.80415, 63.19558], [18.87076, 63.23289], [18.76614, 63.26744], [18.86852, 63.29455], [18.94749, 63.21659], [19.02505, 63.1868], [19.11961, 63.25763], [19.13032, 63.33607], [19.24474, 63.32795], [19.26015, 63.45497], [19.4006, 63.47147], [19.46778, 63.4622], [19.43598, 63.56538], [19.58085, 63.52515], [19.63545, 63.45317], [19.76506, 63.46735], [19.72497, 63.53136], [19.82331, 63.55159], [19.89628, 63.6148], [20.01155, 63.60889], [19.99853, 63.65884], [20.10516, 63.65153], [20.31506, 63.66167], [20.29968, 63.73476], [20.44897, 63.75561], [20.60749, 63.81745], [20.66031, 63.79096], [20.75846, 63.86389], [20.94156, 64.04942], [20.95739, 64.13106], [21.07799, 64.20443], [21.12812, 64.20136], [21.22322, 64.28345], [21.28708, 64.28642], [21.46246, 64.35242], [21.5108, 64.41447], [21.61617, 64.44509], [21.47788, 64.46941], [21.44988, 64.54465], [21.37685, 64.60264], [21.24782, 64.6071], [21.2147, 64.7379], [21.25001, 64.77797], [21.12948, 64.77682], [21.15938, 64.86245], [21.24458, 64.92441], [21.41466, 65.01321], [21.44074, 65.06622], [21.5097, 65.08774], [21.52599, 65.14127], [21.58968, 65.15037], [21.52714, 65.22853], [21.6719, 65.26086], [21.56892, 65.34082], [21.50047, 65.32951], [21.49996, 65.40254], [21.58588, 65.38644], [21.67262, 65.42343], [21.80148, 65.34993], [21.84527, 65.40857], [22.0086, 65.44637], [21.90321, 65.51137], [22.15891, 65.52334], [22.2221, 65.58102], [22.36778, 65.63767], [22.36274, 65.69804], [22.31123, 65.71699], [22.36379, 65.79067], [22.34654, 65.83626], [22.43301, 65.86266], [22.52803, 65.81455], [22.71033, 65.78748], [22.67175, 65.90445], [22.77031, 65.86886], [22.8746, 65.7945], [23.00691, 65.7513], [23.07945, 65.70618], [23.14669, 65.72057], [23.18601, 65.79388], [23.41186, 65.79369], [23.47478, 65.82812], [23.60672, 65.78677], [23.75971, 65.81768], [23.76853, 65.77985], [23.8603, 65.76476], [23.92601, 65.80295], [24.15331, 65.81286], [24.11822, 65.9319], [24.05621, 65.952], [24.05123, 65.99602], [23.9573, 66.07159], [23.91872, 66.16133], [23.732, 66.19389], [23.65019, 66.29939], [23.68903, 66.38637], [23.64176, 66.42857], [23.7298, 66.50659], [23.85834, 66.55857], [23.86498, 66.65498], [23.90617, 66.72038], [23.87849, 66.75228], [23.98264, 66.78799], [23.99548, 66.82017], [23.85895, 66.9537], [23.74023, 67.0163], [23.65467, 67.10269], [23.5551, 67.1664], [23.59554, 67.2089], [23.57734, 67.26792], [23.73204, 67.28842], [23.75648, 67.3281], [23.71848, 67.388], [23.76419, 67.42939], [23.54316, 67.46094], [23.40999, 67.46807], [23.40685, 67.50172], [23.54468, 67.58369], [23.55801, 67.62087], [23.49214, 67.66537], [23.47374, 67.81778], [23.50581, 67.87838], [23.6382, 67.91459], [23.65216, 67.95947], [23.37668, 68.05839], [23.30621, 68.14898], [23.1405, 68.15604], [23.14176, 68.24824], [23.05873, 68.30567], [22.6406, 68.42088], [22.46906, 68.44112], [22.34963, 68.48099], [22.04481, 68.47975], [21.90543, 68.57881], [21.70053, 68.59666], [21.69773, 68.63173], [21.56317, 68.67553], [21.42043, 68.69695], [21.39106, 68.76418], [21.29937, 68.76287], [21.23866, 68.81219], [20.8443, 68.93662], [20.9117, 68.95727], [20.76583, 69.03509], [20.55329, 69.0603]]], [[[11.76317, 58.05911], [11.50257, 58.04849], [11.53488, 57.95944], [11.59268, 57.93238], [11.75674, 58.00691], [11.76317, 58.05911]]], [[[11.81147, 58.12572], [11.85007, 58.16948], [11.84116, 58.23304], [11.6885, 58.30028], [11.67737, 58.24223], [11.61887, 58.24788], [11.52825, 58.19899], [11.40846, 58.17039], [11.40918, 58.13552], [11.55658, 58.08559], [11.62477, 58.13412], [11.68608, 58.1139], [11.81147, 58.12572]]], [[[17.11009, 57.33324], [17.02128, 57.34392], [16.95706, 57.2884], [16.95946, 57.22931], [16.90177, 57.19583], [16.91992, 57.16288], [16.88465, 57.09634], [16.8257, 57.04221], [16.73291, 56.92839], [16.71862, 56.88247], [16.65368, 56.88544], [16.61268, 56.85468], [16.47741, 56.68835], [16.47287, 56.65607], [16.39424, 56.56031], [16.37014, 56.46018], [16.40263, 56.42055], [16.39291, 56.28696], [16.40942, 56.25256], [16.47533, 56.23314], [16.56791, 56.36859], [16.6493, 56.56108], [16.69152, 56.58435], [16.77521, 56.78713], [16.84574, 56.81882], [16.85717, 56.88531], [16.89462, 56.91903], [16.87903, 56.97251], [16.95287, 57.03824], [16.9957, 57.11182], [17.07287, 57.17708], [17.08151, 57.23209], [17.05719, 57.2774], [17.11009, 57.33324]]], [[[17.24638, 59.40975], [17.16795, 59.46757], [17.10422, 59.42955], [17.13935, 59.37255], [17.18014, 59.37222], [17.2406, 59.36076], [17.24638, 59.40975]]], [[[17.11929, 59.48276], [17.03269, 59.50648], [16.95444, 59.49037], [16.94873, 59.44103], [17.05436, 59.37316], [17.08, 59.39569], [17.02477, 59.43789], [17.11929, 59.48276]]], [[[17.40612, 62.37564], [17.5295, 62.36233], [17.48906, 62.46051], [17.38237, 62.48017], [17.41335, 62.41098], [17.40612, 62.37564]]], [[[19.08818, 57.84127], [19.02598, 57.9075], [18.858, 57.92426], [18.81352, 57.86612], [18.75531, 57.92096], [18.69859, 57.92059], [18.62428, 57.88389], [18.61053, 57.84395], [18.46237, 57.81835], [18.38965, 57.72542], [18.2474, 57.61037], [18.20311, 57.59908], [18.10827, 57.53348], [18.12354, 57.44991], [18.19319, 57.38972], [18.17174, 57.31963], [18.10391, 57.28741], [18.1523, 57.24081], [18.14799, 57.16646], [18.22106, 57.14001], [18.20662, 57.07721], [18.27609, 57.03614], [18.1999, 57.01919], [18.18826, 56.98063], [18.12493, 56.91892], [18.19217, 56.9057], [18.31318, 56.93951], [18.37457, 56.99735], [18.33955, 57.07091], [18.44879, 57.12262], [18.40293, 57.14042], [18.71262, 57.24472], [18.66374, 57.30008], [18.78049, 57.37122], [18.92939, 57.41957], [18.89311, 57.44352], [18.81442, 57.43827], [18.75135, 57.50971], [18.81181, 57.55306], [18.80275, 57.73579], [18.89798, 57.71491], [18.95143, 57.73939], [18.95011, 57.78288], [19.01803, 57.82731], [19.08818, 57.84127]]], [[[17.70086, 59.03029], [17.65597, 59.01599], [17.62422, 58.98776], [17.66209, 58.92383], [17.69788, 58.92639], [17.70086, 59.03029]]], [[[18.1722, 59.00949], [18.09799, 59.02319], [18.04856, 58.96559], [18.14937, 58.97012], [18.1722, 59.00949]]], [[[18.40777, 59.00709], [18.48921, 59.09459], [18.43696, 59.10699], [18.3415, 59.04961], [18.40777, 59.00709]]], [[[18.53195, 59.38626], [18.47069, 59.42198], [18.41099, 59.35665], [18.29745, 59.36246], [18.22719, 59.34193], [18.22837, 59.30083], [18.38606, 59.27349], [18.49643, 59.21402], [18.57681, 59.22093], [18.65085, 59.26413], [18.63055, 59.36556], [18.53195, 59.38626]]], [[[17.74675, 59.28649], [17.64715, 59.32264], [17.5865, 59.42195], [17.5384, 59.3887], [17.61492, 59.34738], [17.63023, 59.29935], [17.74675, 59.28649]]], [[[17.72541, 59.37576], [17.69238, 59.42404], [17.59229, 59.42316], [17.66982, 59.3359], [17.72541, 59.37576]]], [[[18.47136, 60.42522], [18.37917, 60.41831], [18.40132, 60.36741], [18.52971, 60.3082], [18.47136, 60.42522]]], [[[18.15933, 62.73028], [18.05664, 62.76013], [17.9962, 62.68917], [18.1265, 62.6876], [18.15933, 62.73028]]], [[[19.34131, 57.97634], [19.11619, 57.98181], [19.03665, 57.90599], [19.12648, 57.84212], [19.16963, 57.88404], [19.1485, 57.92391], [19.34131, 57.97634]]], [[[18.70377, 59.37259], [18.62594, 59.37295], [18.7163, 59.30669], [18.74578, 59.34857], [18.70377, 59.37259]]], [[[18.69256, 59.52721], [18.58562, 59.5405], [18.51255, 59.46376], [18.61315, 59.45993], [18.61922, 59.49145], [18.69256, 59.52721]]], [[[18.93664, 59.83685], [18.8757, 59.78843], [18.98589, 59.78102], [18.93664, 59.83685]]], [[[20.88414, 63.68115], [20.94526, 63.77143], [20.89432, 63.81523], [20.82741, 63.77508], [20.87153, 63.74609], [20.88414, 63.68115]]]]}}, {"type": "Feature", "properties": {"nazev": "Norsko", "en": "Norge"}, "geometry": {"type": "MultiPolygon", "coordinates": [[[[30.84024, 69.7726], [30.79739, 69.7929], [30.49995, 69.8259], [30.42865, 69.81656], [30.29854, 69.88109], [30.13052, 69.85433], [30.19975, 69.78117], [29.95484, 69.76851], [29.88468, 69.73479], [29.69069, 69.74315], [29.63708, 69.7689], [29.7591, 69.8171], [29.73468, 69.90884], [29.60755, 69.91829], [29.64069, 69.97871], [29.50023, 70.00184], [29.18153, 70.02071], [29.15585, 70.04766], [28.78281, 70.08107], [28.66432, 70.1325], [28.77024, 70.17058], [29.01018, 70.12862], [29.29921, 70.11854], [29.41308, 70.0964], [29.60777, 70.09286], [29.904, 70.06239], [30.0844, 70.07858], [30.12682, 70.10022], [30.33675, 70.13858], [30.36295, 70.19981], [30.48014, 70.20875], [30.57102, 70.25011], [30.71103, 70.25095], [31.06384, 70.29156], [31.05419, 70.36356], [30.96607, 70.44147], [30.72832, 70.43891], [30.74663, 70.46861], [30.58105, 70.5137], [30.62972, 70.54223], [30.41212, 70.55433], [30.2258, 70.53079], [30.20827, 70.55507], [30.3319, 70.61504], [30.20691, 70.67634], [30.08109, 70.70945], [29.95563, 70.70772], [29.78612, 70.6604], [29.80209, 70.72613], [29.71392, 70.73802], [29.51344, 70.70334], [29.36367, 70.69951], [29.25511, 70.74311], [29.28222, 70.79443], [29.23166, 70.85169], [28.95516, 70.88647], [28.7536, 70.85697], [28.51551, 70.73037], [28.53781, 70.70597], [28.46993, 70.59995], [28.35828, 70.5183], [28.21138, 70.49223], [28.06929, 70.50077], [27.98757, 70.48142], [27.90614, 70.51524], [28.17376, 70.58583], [28.26619, 70.6323], [28.30474, 70.68922], [28.1623, 70.6897], [27.9011, 70.63889], [27.84921, 70.67059], [28.06789, 70.70844], [28.14256, 70.73829], [27.80929, 70.80074], [28.10202, 70.80849], [28.23712, 70.79216], [28.4573, 70.87694], [28.54774, 70.96853], [28.51788, 70.98969], [28.30666, 71.00275], [28.24509, 71.08813], [28.065, 71.0885], [27.92543, 71.06577], [27.83513, 71.02962], [27.68263, 71.06311], [27.75326, 71.1124], [27.55834, 71.10659], [27.49978, 71.08768], [27.50758, 71.01157], [27.2579, 71.04482], [27.31426, 70.95951], [27.14445, 70.97624], [27.11446, 70.91904], [27.20156, 70.89889], [27.52495, 70.86906], [27.44913, 70.81657], [27.28712, 70.83504], [27.25783, 70.75258], [27.11796, 70.75438], [27.07775, 70.66388], [26.94997, 70.57645], [27.02699, 70.48473], [26.75827, 70.47358], [26.76523, 70.44136], [26.50353, 70.42355], [26.57477, 70.48742], [26.64001, 70.64833], [26.51369, 70.69826], [26.67814, 70.74739], [26.7112, 70.80186], [26.64968, 70.85543], [26.72861, 70.91377], [26.67437, 70.97144], [26.56452, 70.95541], [26.37178, 70.87817], [26.142, 70.76053], [26.03003, 70.71581], [25.98552, 70.61172], [25.67252, 70.49697], [25.60595, 70.43797], [25.43926, 70.36925], [25.3839, 70.3274], [25.51162, 70.30615], [25.40165, 70.22397], [25.28454, 70.16538], [25.20991, 70.09077], [25.1064, 70.07226], [25.02919, 70.15513], [24.95887, 70.17556], [24.93505, 70.23265], [25.17376, 70.2962], [25.17955, 70.32877], [25.04691, 70.35945], [25.21571, 70.44427], [25.23292, 70.56757], [25.40658, 70.66276], [25.61152, 70.74325], [25.62021, 70.77685], [25.75642, 70.79234], [25.76999, 70.82566], [25.89119, 70.86109], [25.89234, 70.89964], [25.61281, 70.90998], [25.34566, 70.97981], [25.30861, 70.94255], [25.38734, 70.90517], [25.33932, 70.83157], [25.24798, 70.82169], [25.19375, 70.90173], [25.11076, 70.9315], [24.84998, 70.92599], [24.64786, 70.99536], [24.54925, 70.97671], [24.55982, 70.86883], [24.6237, 70.81618], [24.59623, 70.78617], [24.43315, 70.82494], [24.34643, 70.87855], [24.24046, 70.84357], [24.24155, 70.77934], [24.51729, 70.72842], [24.68494, 70.64774], [24.56119, 70.6485], [24.44519, 70.68401], [24.29699, 70.68802], [24.24015, 70.66067], [24.23654, 70.60415], [24.0461, 70.51369], [23.85387, 70.49644], [23.77719, 70.45017], [23.57765, 70.39076], [23.44729, 70.33414], [23.37697, 70.28229], [23.18635, 70.21709], [23.27344, 70.18609], [23.3458, 70.10084], [23.2469, 70.10484], [23.19321, 70.06013], [23.36132, 70.02309], [23.49546, 70.02798], [23.46061, 69.98293], [23.35988, 69.9814], [23.08797, 69.94755], [23.09309, 69.98721], [22.96432, 70.04169], [23.00152, 70.13484], [22.91069, 70.2079], [22.61208, 70.22521], [22.34816, 70.26035], [22.32221, 70.15383], [22.23783, 70.16145], [22.2898, 70.28297], [22.14828, 70.28976], [21.93757, 70.32835], [21.78801, 70.26836], [21.6055, 70.26375], [21.55935, 70.28805], [21.28362, 70.25664], [21.1858, 70.22018], [21.2751, 70.16603], [21.37367, 70.15962], [21.47488, 70.09637], [21.55873, 70.09364], [21.86204, 70.012], [21.86131, 69.93675], [21.90706, 69.87563], [22.00171, 69.86388], [21.97453, 69.82278], [22.1366, 69.75028], [22.04765, 69.73996], [21.92935, 69.77911], [21.85783, 69.83849], [21.76017, 69.8818], [21.57129, 69.91778], [21.52384, 69.98237], [21.43498, 70.01577], [21.23997, 70.01058], [21.18287, 69.93706], [21.23193, 69.90061], [21.08573, 69.88303], [20.99193, 69.81326], [20.89085, 69.8674], [20.74898, 69.87062], [20.76376, 69.81792], [20.46108, 69.76001], [20.52723, 69.71002], [20.45802, 69.64446], [20.50795, 69.57485], [20.39602, 69.58758], [20.32096, 69.45938], [20.18659, 69.38867], [20.15298, 69.44714], [20.21892, 69.4614], [20.24199, 69.54663], [20.34902, 69.639], [20.26154, 69.68299], [20.31372, 69.78645], [20.39344, 69.89232], [20.28399, 69.97916], [20.16451, 69.92909], [20.04154, 69.84445], [19.98209, 69.76666], [19.84882, 69.77309], [19.84542, 69.73238], [19.76743, 69.68135], [19.65349, 69.66187], [19.72066, 69.78016], [19.65552, 69.8168], [19.35961, 69.77618], [19.20722, 69.76738], [19.09713, 69.73589], [19.07559, 69.69489], [18.95636, 69.63695], [18.94159, 69.56167], [19.00242, 69.5303], [18.96492, 69.46557], [19.05457, 69.43444], [19.11743, 69.37622], [19.268, 69.3823], [19.35075, 69.36701], [19.41579, 69.3214], [19.40787, 69.26973], [19.29379, 69.22478], [19.23237, 69.25164], [19.33474, 69.29636], [19.28055, 69.34712], [19.08706, 69.35133], [18.98592, 69.39124], [18.91556, 69.44749], [18.85197, 69.55573], [18.60204, 69.53575], [18.4443, 69.51248], [18.45282, 69.45759], [18.59557, 69.40615], [18.60618, 69.38133], [18.8186, 69.33345], [18.63856, 69.31469], [18.49879, 69.31659], [18.48579, 69.37741], [18.35925, 69.4029], [18.36641, 69.46104], [18.23696, 69.48437], [18.1585, 69.43709], [18.09858, 69.3439], [17.98731, 69.30955], [17.99569, 69.25251], [18.08593, 69.22844], [17.99378, 69.15437], [17.78722, 69.11724], [17.55058, 69.035], [17.47342, 68.99251], [17.45569, 68.89544], [17.62069, 68.89245], [17.46172, 68.82149], [17.30812, 68.7799], [17.26222, 68.73746], [17.11996, 68.71634], [16.96464, 68.71548], [16.60681, 68.64153], [16.55079, 68.55851], [16.47438, 68.54259], [16.45121, 68.51003], [16.52402, 68.49049], [16.50903, 68.45298], [16.70722, 68.4546], [16.87229, 68.47152], [16.93649, 68.51665], [17.06857, 68.50622], [17.04759, 68.45183], [17.24679, 68.46499], [17.42135, 68.52583], [17.57238, 68.53972], [17.46915, 68.46842], [17.24731, 68.39626], [17.04491, 68.38467], [16.99963, 68.36086], [16.7625, 68.42149], [16.58903, 68.4231], [16.47975, 68.40977], [16.31489, 68.36714], [16.29464, 68.33047], [16.61759, 68.28192], [16.54981, 68.2675], [16.44882, 68.29884], [16.22857, 68.33501], [16.1447, 68.2887], [16.46171, 68.22934], [16.41822, 68.16609], [16.35671, 68.1731], [16.27871, 68.12006], [16.39591, 68.0892], [16.35309, 68.04501], [16.07446, 68.05001], [16.14275, 68.16826], [16.03869, 68.26466], [15.93451, 68.25758], [15.95668, 68.20686], [15.84797, 68.18971], [15.89559, 68.13539], [15.72579, 68.10467], [15.71147, 68.17303], [15.56467, 68.13219], [15.40701, 68.14574], [15.27717, 68.06427], [15.29112, 68.02953], [15.40435, 67.99687], [15.46954, 68.05087], [15.83265, 68.05927], [15.93839, 68.03358], [15.97056, 67.99013], [15.86827, 67.93932], [15.73154, 67.97137], [15.44144, 67.93107], [15.27177, 67.88679], [15.05351, 67.9096], [14.88747, 67.88578], [14.75629, 67.79978], [14.8275, 67.77179], [14.97055, 67.75284], [14.81707, 67.72066], [14.74115, 67.68185], [14.83383, 67.65665], [14.91941, 67.66195], [15.1658, 67.72104], [15.19628, 67.75635], [15.37703, 67.80542], [15.50761, 67.76971], [15.30988, 67.74004], [15.15876, 67.63418], [15.24097, 67.62894], [15.21019, 67.56159], [15.28626, 67.53682], [15.45558, 67.53757], [15.52244, 67.51241], [15.51494, 67.44747], [15.61111, 67.38557], [15.54666, 67.37597], [15.47693, 67.48085], [15.41215, 67.50131], [15.21924, 67.50684], [15.15152, 67.56632], [15.0701, 67.59454], [14.89596, 67.56843], [14.64932, 67.47858], [14.63165, 67.38689], [14.5017, 67.3439], [14.32565, 67.25577], [14.60184, 67.28048], [14.71171, 67.30502], [14.7265, 67.24244], [15.02568, 67.3203], [15.16935, 67.25521], [15.23292, 67.27039], [15.41952, 67.26336], [15.38748, 67.22328], [15.29744, 67.19353], [15.22058, 67.2224], [14.97082, 67.25094], [14.82435, 67.24249], [14.56676, 67.18501], [14.46422, 67.20273], [14.31896, 67.16069], [14.27483, 67.05698], [14.20377, 66.99395], [14.13953, 66.99673], [14.04027, 67.05101], [13.86874, 66.98803], [13.75372, 66.98437], [13.73658, 66.94888], [13.54319, 66.95626], [13.53238, 66.90504], [13.64473, 66.90378], [13.6931, 66.85458], [13.64655, 66.8152], [13.4857, 66.79597], [13.54577, 66.75661], [13.5774, 66.69608], [13.38261, 66.73599], [13.21553, 66.72745], [13.36779, 66.67081], [13.16997, 66.66315], [13.25374, 66.62603], [13.20303, 66.55733], [13.08774, 66.54922], [12.98824, 66.51765], [13.12464, 66.44461], [13.1546, 66.40334], [13.00542, 66.36208], [12.99208, 66.34013], [13.19533, 66.28024], [13.03299, 66.20356], [13.06269, 66.17873], [13.18658, 66.20271], [13.31467, 66.25159], [13.37783, 66.23968], [13.55597, 66.27251], [13.61696, 66.24248], [13.94234, 66.30623], [14.1073, 66.33122], [14.13189, 66.30818], [13.94549, 66.24258], [13.85436, 66.22991], [13.77047, 66.24676], [13.39212, 66.22102], [13.32079, 66.22826], [13.24137, 66.19084], [13.09232, 66.1632], [12.83323, 66.13072], [12.69733, 66.08339], [12.6815, 66.03876], [12.81872, 66.05567], [12.94715, 66.04673], [12.95128, 66.01102], [12.89679, 65.98621], [13.16925, 65.91116], [13.06892, 65.89214], [13.02769, 65.92655], [12.9373, 65.9305], [12.83949, 65.97728], [12.67834, 65.92973], [12.64223, 65.90232], [12.61057, 65.80321], [12.40406, 65.68047], [12.34598, 65.62869], [12.40122, 65.53833], [12.5519, 65.50774], [12.62028, 65.45701], [12.43175, 65.4524], [12.4494, 65.4815], [12.24684, 65.56812], [12.20694, 65.47531], [12.34283, 65.46224], [12.19901, 65.41713], [12.08543, 65.31468], [12.12287, 65.29026], [12.0993, 65.217], [12.26649, 65.27956], [12.38423, 65.25918], [12.4747, 65.19617], [12.34917, 65.16067], [12.41459, 65.14116], [12.40362, 65.09692], [12.24702, 65.12068], [12.30133, 65.16338], [12.22852, 65.21168], [12.1099, 65.18575], [12.11896, 65.15712], [12.05245, 65.10962], [11.75241, 65.00024], [11.6434, 65.00886], [11.61435, 64.98091], [11.47364, 64.93957], [11.57405, 64.89201], [11.58741, 64.87476], [11.28026, 64.84925], [11.24209, 64.8079], [11.46204, 64.7962], [11.63982, 64.84004], [11.79155, 64.80196], [11.60954, 64.74526], [11.43322, 64.71215], [11.37794, 64.67114], [11.39624, 64.63273], [11.51318, 64.56847], [11.42992, 64.4427], [11.35454, 64.42056], [11.1116, 64.51869], [10.98205, 64.60661], [10.90674, 64.58112], [10.9726, 64.54066], [10.92155, 64.50933], [10.78783, 64.50645], [10.61499, 64.45941], [10.56178, 64.40327], [10.44289, 64.35464], [10.45402, 64.29898], [10.21285, 64.208], [10.18184, 64.15799], [10.01959, 64.08229], [10.08002, 64.05148], [10.00126, 64.02002], [9.95796, 63.96306], [10.02123, 63.9078], [9.89284, 63.89441], [9.6764, 63.84574], [9.56558, 63.77855], [9.66962, 63.74132], [9.54805, 63.72235], [9.63455, 63.67821], [9.8471, 63.72065], [9.9321, 63.75516], [10.01209, 63.73282], [9.81347, 63.6852], [9.80334, 63.62854], [9.89519, 63.56368], [9.94851, 63.49699], [10.11932, 63.50169], [10.22863, 63.55708], [10.30518, 63.55666], [10.56392, 63.63], [10.61901, 63.67241], [10.95436, 63.74767], [11.06693, 63.84394], [11.03264, 63.88173], [10.93739, 63.90577], [11.0181, 63.95722], [11.28264, 64.03833], [11.36101, 64.04131], [11.48988, 64.00764], [11.41932, 63.97911], [11.28201, 63.97726], [11.18736, 63.9138], [11.07647, 63.88909], [11.09402, 63.83971], [11.22558, 63.86735], [11.43385, 63.82345], [11.38344, 63.78173], [11.21244, 63.72103], [11.04696, 63.69688], [11.00733, 63.71518], [10.89695, 63.67974], [10.84046, 63.63933], [10.70999, 63.61647], [10.78403, 63.54134], [10.75417, 63.50412], [10.90601, 63.44966], [10.769, 63.43163], [10.63954, 63.44475], [10.55861, 63.43214], [10.30138, 63.45609], [10.19782, 63.45329], [10.06544, 63.40565], [10.11235, 63.35529], [9.95408, 63.34584], [9.93952, 63.37506], [9.97588, 63.44431], [9.80835, 63.51599], [9.82943, 63.54282], [9.75854, 63.58995], [9.73037, 63.6473], [9.52549, 63.60095], [9.54865, 63.57047], [9.35417, 63.55254], [9.17025, 63.49495], [9.17492, 63.41605], [9.02867, 63.45118], [8.93422, 63.42773], [8.74634, 63.42551], [8.64741, 63.40393], [8.7098, 63.35122], [8.77185, 63.34352], [8.65961, 63.32278], [8.55693, 63.31075], [8.51676, 63.275], [8.601, 63.19648], [8.53932, 63.13733], [8.25295, 63.14931], [8.15712, 63.12575], [8.23033, 63.06836], [8.22372, 63.02867], [8.30471, 63.00935], [8.42264, 62.95241], [8.45953, 62.91039], [8.53869, 62.88038], [8.4543, 62.84743], [8.33603, 62.89196], [8.28432, 62.92987], [8.33158, 62.96558], [8.11172, 63.04785], [8.14103, 63.07288], [8.06563, 63.11157], [7.97693, 63.09014], [7.96161, 63.04197], [8.05881, 62.97428], [8.13427, 62.94848], [8.18942, 62.83075], [8.32045, 62.80484], [8.46469, 62.75105], [8.43304, 62.73324], [8.31096, 62.77782], [8.17073, 62.80343], [8.10176, 62.88884], [8.10713, 62.92889], [8.02402, 62.96686], [7.83442, 62.95141], [7.68192, 62.96971], [7.51715, 62.90912], [7.4129, 62.95896], [7.31508, 62.97303], [7.28877, 63.01064], [7.09981, 62.99037], [6.92168, 62.91609], [7.04935, 62.83795], [6.96697, 62.78056], [6.97873, 62.72603], [7.18045, 62.73752], [7.35943, 62.75919], [7.43939, 62.75572], [7.41692, 62.70972], [7.50022, 62.68845], [7.87261, 62.76433], [7.82907, 62.73395], [7.54727, 62.67749], [7.35748, 62.60913], [7.22898, 62.61146], [7.0759, 62.65568], [6.90555, 62.647], [6.7968, 62.65419], [6.62696, 62.62988], [6.38248, 62.60651], [6.25432, 62.5822], [6.25344, 62.53138], [6.59726, 62.52443], [6.59275, 62.5043], [6.42295, 62.4942], [6.35483, 62.4585], [6.42683, 62.43308], [6.53471, 62.43651], [6.61516, 62.46614], [6.80893, 62.48423], [6.93943, 62.42812], [6.74596, 62.43595], [6.70605, 62.45232], [6.55504, 62.40888], [6.44517, 62.39941], [6.40006, 62.35989], [6.43735, 62.33462], [6.55312, 62.19535], [6.48063, 62.20543], [6.39738, 62.32238], [6.32375, 62.37719], [6.21973, 62.35552], [5.98068, 62.2697], [5.95248, 62.19998], [6.136, 62.10489], [6.11762, 62.08041], [5.85376, 62.20447], [5.70819, 62.17114], [5.5631, 62.16788], [5.48447, 62.20102], [5.40186, 62.1315], [5.43991, 62.10427], [5.54597, 62.10238], [5.48203, 62.04198], [5.3086, 62.13228], [5.32734, 62.1686], [5.22068, 62.21112], [5.09734, 62.19535], [5.16082, 62.1281], [5.34245, 62.05986], [5.31432, 61.97872], [5.15453, 61.97872], [5.12294, 61.92174], [5.17179, 61.89767], [5.32133, 61.91068], [5.38062, 61.93194], [5.68294, 61.91164], [5.79972, 61.87124], [6.03561, 61.8778], [6.13418, 61.84797], [6.32739, 61.86311], [6.40089, 61.83626], [6.52362, 61.83588], [6.52828, 61.81039], [6.38286, 61.81805], [6.25382, 61.84858], [6.13259, 61.83116], [5.90469, 61.86063], [5.73676, 61.84768], [5.70617, 61.88599], [5.43147, 61.91913], [5.31022, 61.87419], [5.30758, 61.82689], [5.15516, 61.8088], [5.09024, 61.76511], [4.96875, 61.72489], [5.0012, 61.62833], [5.10226, 61.64032], [5.23731, 61.6073], [5.29646, 61.54185], [5.17973, 61.55763], [5.17584, 61.51561], [5.35509, 61.48888], [5.22642, 61.45669], [5.07407, 61.45142], [4.97641, 61.42216], [5.07572, 61.32345], [5.17284, 61.35215], [5.22263, 61.30656], [5.05587, 61.30061], [4.98152, 61.28112], [5.06108, 61.22011], [5.07395, 61.18039], [5.17101, 61.14833], [5.22319, 61.10828], [5.34076, 61.12205], [5.41467, 61.07283], [5.56522, 61.11679], [5.60874, 61.14386], [5.8004, 61.16125], [6.00374, 61.16519], [6.05858, 61.14651], [6.20205, 61.16703], [6.36165, 61.11355], [6.47171, 61.11645], [6.54246, 61.14002], [6.52666, 61.19635], [6.58122, 61.22821], [6.72933, 61.18253], [6.83757, 61.18724], [6.90954, 61.16257], [6.94264, 61.11476], [7.15047, 61.14532], [7.1944, 61.1701], [7.32359, 61.158], [7.39167, 61.20835], [7.45516, 61.17821], [7.41099, 61.13709], [7.33148, 61.12215], [7.06471, 61.11338], [7.00387, 61.06942], [6.87878, 61.09064], [6.848, 61.14737], [6.69657, 61.15231], [6.63089, 61.17501], [6.59384, 61.11118], [6.43238, 61.07129], [6.34073, 61.07108], [6.19084, 61.11612], [6.09109, 61.10967], [5.98768, 61.12962], [5.70134, 61.09555], [5.63622, 61.09906], [5.51871, 61.06669], [5.44787, 61.02897], [5.32107, 61.03247], [5.2985, 61.06217], [5.20517, 61.07935], [5.04253, 61.06221], [5.03928, 60.98123], [5.00372, 60.96722], [5.06452, 60.84489], [5.17866, 60.84755], [5.29879, 60.81188], [5.26457, 60.76693], [5.19712, 60.75408], [5.13781, 60.78069], [5.04292, 60.77853], [5.12312, 60.70908], [5.12305, 60.65231], [5.19711, 60.61922], [5.2297, 60.56721], [5.29686, 60.54457], [5.49626, 60.63135], [5.57621, 60.64464], [5.56557, 60.69843], [5.66221, 60.72842], [5.73149, 60.69042], [5.71907, 60.54308], [5.7341, 60.45847], [5.63968, 60.45775], [5.62192, 60.43045], [5.50688, 60.42652], [5.37093, 60.5093], [5.29317, 60.52682], [5.25318, 60.48015], [5.30797, 60.38945], [5.16995, 60.37581], [5.2139, 60.32063], [5.20128, 60.29047], [5.24436, 60.22143], [5.35511, 60.23293], [5.38042, 60.15016], [5.52933, 60.19761], [5.5724, 60.24561], [5.66534, 60.2317], [5.57341, 60.15588], [5.68475, 60.16328], [5.759, 60.12629], [5.70514, 60.04922], [5.77761, 59.98409], [5.89483, 60.01594], [5.92243, 60.06509], [5.89765, 60.15395], [5.94411, 60.15638], [5.96107, 60.21356], [6.01273, 60.27052], [6.1536, 60.24493], [6.19316, 60.2808], [6.17961, 60.35208], [6.40414, 60.42812], [6.52654, 60.45848], [6.55862, 60.43696], [6.49396, 60.38552], [6.35492, 60.37207], [6.32014, 60.31672], [6.24284, 60.30302], [6.17717, 60.21776], [6.0813, 60.1934], [6.12742, 60.14412], [6.20291, 60.11644], [6.03661, 60.06812], [5.91558, 59.95345], [5.78951, 59.92849], [5.76665, 59.83472], [5.87125, 59.77104], [5.95441, 59.79174], [5.98066, 59.7354], [5.86236, 59.7308], [5.78083, 59.68506], [5.79013, 59.64406], [5.47602, 59.71134], [5.31926, 59.61459], [5.22048, 59.50301], [5.23644, 59.4345], [5.29673, 59.38718], [5.33207, 59.33152], [5.54609, 59.27216], [5.61159, 59.33021], [5.62144, 59.43079], [5.53576, 59.47415], [5.61934, 59.50157], [5.62817, 59.39521], [5.68512, 59.33242], [5.8903, 59.35215], [5.84096, 59.43871], [5.91214, 59.4501], [5.94012, 59.36308], [6.13322, 59.31575], [6.11933, 59.28685], [6.1774, 59.23739], [6.08303, 59.20887], [6.02091, 59.14489], [5.88901, 59.08714], [5.94747, 59.02478], [6.02608, 59.02403], [5.99516, 58.97486], [6.06667, 58.8905], [5.96612, 58.90435], [5.95143, 58.95144], [5.76727, 58.96652], [5.65585, 59.01173], [5.56491, 59.01215], [5.56319, 58.9426], [5.59632, 58.87817], [5.53816, 58.78711], [5.49027, 58.75622], [5.54242, 58.66981], [5.69987, 58.53649], [5.87378, 58.46573], [5.96621, 58.47206], [6.0215, 58.39242], [6.12061, 58.35396], [6.32204, 58.31163], [6.36766, 58.27891], [6.71009, 58.22422], [6.69178, 58.17988], [6.62187, 58.16354], [6.57331, 58.10243], [6.67908, 58.07029], [6.75794, 58.0666], [6.85026, 58.08544], [6.99955, 58.08337], [7.06897, 58.04663], [7.26747, 58.05439], [7.40525, 58.00875], [7.45256, 58.02211], [7.58364, 58.00936], [7.75192, 58.07639], [7.81492, 58.06701], [7.95012, 58.077], [7.98457, 58.14626], [8.04654, 58.15123], [8.13966, 58.10562], [8.25797, 58.13443], [8.32363, 58.21247], [8.38436, 58.24922], [8.48457, 58.26475], [8.57637, 58.32545], [8.7135, 58.38033], [8.70981, 58.43584], [8.82665, 58.47555], [8.89695, 58.51899], [8.9626, 58.52773], [8.95867, 58.56924], [9.13317, 58.65902], [9.20139, 58.66759], [9.23917, 58.71869], [9.34787, 58.75583], [9.46631, 58.83068], [9.40409, 58.86516], [9.4709, 58.91644], [9.70127, 58.97459], [9.71931, 59.01082], [9.64589, 59.04818], [9.58896, 59.11806], [9.64745, 59.1231], [9.66221, 59.05722], [9.73848, 59.07446], [9.83757, 59.04579], [9.85474, 58.99192], [9.94382, 58.96444], [10.03717, 58.97955], [10.03675, 59.01087], [10.11329, 59.02912], [10.1519, 59.00668], [10.23206, 59.06105], [10.31341, 59.0724], [10.29053, 59.1261], [10.37646, 59.23486], [10.37095, 59.27557], [10.46698, 59.24662], [10.52614, 59.31025], [10.46744, 59.35292], [10.48866, 59.41468], [10.38226, 59.43974], [10.25909, 59.53401], [10.38854, 59.53881], [10.46646, 59.51978], [10.61511, 59.57097], [10.60161, 59.66276], [10.51668, 59.69511], [10.5195, 59.73001], [10.47477, 59.82174], [10.50297, 59.87794], [10.75209, 59.90968], [10.78307, 59.86135], [10.73233, 59.80103], [10.64706, 59.84997], [10.58076, 59.76344], [10.58748, 59.71868], [10.65409, 59.59806], [10.64618, 59.561], [10.6876, 59.48391], [10.64597, 59.39644], [10.66269, 59.33023], [10.7493, 59.31992], [10.72822, 59.22943], [10.78921, 59.2189], [10.85946, 59.17323], [11.00445, 59.17751], [11.03338, 59.12986], [11.08293, 59.12464], [11.16316, 59.16377], [11.19848, 59.09687], [11.3744, 59.1189], [11.46045, 58.98892], [11.45567, 58.88959], [11.62994, 58.90832], [11.68792, 58.95546], [11.71052, 59.03368], [11.775, 59.08636], [11.78287, 59.20603], [11.82975, 59.24249], [11.81625, 59.34474], [11.77987, 59.38646], [11.75993, 59.45818], [11.69113, 59.58955], [11.72056, 59.62549], [11.85561, 59.64829], [11.93988, 59.69458], [11.92602, 59.794], [11.83971, 59.84078], [11.98518, 59.90072], [12.05347, 59.88594], [12.17429, 59.8898], [12.23101, 59.92751], [12.34114, 59.96567], [12.44856, 60.03918], [12.50064, 60.09908], [12.54189, 60.19339], [12.4988, 60.32365], [12.60604, 60.4059], [12.60688, 60.51274], [12.51579, 60.60013], [12.51103, 60.64246], [12.39537, 60.73389], [12.33449, 60.85236], [12.33279, 60.89017], [12.22399, 61.01308], [12.44762, 61.05073], [12.61034, 61.04654], [12.68258, 61.06122], [12.70703, 61.14327], [12.79035, 61.19705], [12.83383, 61.25846], [12.87086, 61.3565], [12.56933, 61.56875], [12.41961, 61.56298], [12.13767, 61.72382], [12.29935, 62.26746], [12.05614, 62.61192], [12.13631, 62.74808], [12.07471, 62.90257], [12.21823, 63.00033], [11.97458, 63.26921], [12.08409, 63.35558], [12.21288, 63.47859], [12.14977, 63.59395], [12.29946, 63.67197], [12.33058, 63.71507], [12.48023, 63.81876], [12.68357, 63.97422], [12.92669, 64.05794], [13.21111, 64.09537], [13.71538, 64.04628], [13.96753, 64.00797], [14.1571, 64.19509], [14.11388, 64.46248], [14.08523, 64.47825], [13.89118, 64.50713], [13.65426, 64.58034], [13.70547, 64.63996], [14.12989, 64.97856], [14.32599, 65.11892], [14.3788, 65.24762], [14.50685, 65.30972], [14.49877, 65.5213], [14.54145, 65.70074], [14.62548, 65.81181], [14.5844, 65.90134], [14.51629, 66.13258], [15.03568, 66.15356], [15.48473, 66.28246], [15.37723, 66.48431], [15.62137, 66.59434], [16.03878, 66.91244], [16.19402, 66.98259], [16.38772, 67.04547], [16.40409, 67.20501], [16.08983, 67.43528], [16.158, 67.51916], [16.40747, 67.53403], [16.55618, 67.64717], [16.73812, 67.91421], [17.1805, 68.05044], [17.28152, 68.11881], [17.66475, 68.03838], [17.8998, 67.96934], [18.15135, 68.19879], [18.10099, 68.40603], [18.12592, 68.53651], [18.40569, 68.58188], [18.62123, 68.50694], [18.98382, 68.51695], [19.9214, 68.35601], [20.22665, 68.49086], [19.9375, 68.55794], [20.0523, 68.59107], [20.2029, 68.66592], [20.33587, 68.80231], [20.30659, 68.92615], [20.06005, 69.04576], [20.55329, 69.0603], [20.71787, 69.11979], [21.0579, 69.03631], [21.10864, 69.10383], [20.98738, 69.1925], [21.09457, 69.26005], [21.27881, 69.31161], [21.62641, 69.27657], [21.72335, 69.21368], [22.17585, 68.95692], [22.19238, 68.91851], [22.34022, 68.82723], [22.37507, 68.71681], [22.53537, 68.74435], [22.80067, 68.68748], [23.04523, 68.68951], [23.16788, 68.62867], [23.44119, 68.69214], [23.67338, 68.70563], [23.77608, 68.81891], [23.87166, 68.83673], [23.98327, 68.82743], [24.07553, 68.77981], [24.30069, 68.71736], [24.60833, 68.68191], [24.91674, 68.60523], [25.06804, 68.61981], [25.14155, 68.78719], [25.2965, 68.8607], [25.47578, 68.90424], [25.58789, 68.883], [25.65758, 68.91729], [25.77711, 69.01919], [25.72409, 69.08033], [25.74329, 69.14349], [25.69329, 69.19738], [25.74157, 69.31921], [25.84258, 69.39869], [25.79346, 69.42109], [25.87019, 69.53286], [25.97597, 69.6106], [25.89222, 69.66273], [26.00236, 69.72174], [26.13143, 69.73698], [26.24474, 69.81672], [26.38555, 69.85591], [26.46324, 69.93891], [26.67577, 69.96475], [26.85108, 69.95985], [27.04221, 69.91079], [27.29564, 69.95404], [27.27462, 69.97555], [27.42704, 70.01923], [27.52498, 70.02335], [27.61406, 70.07566], [27.95877, 70.09227], [27.98448, 70.014], [28.16074, 69.92074], [28.34495, 69.88068], [28.40392, 69.81838], [29.13256, 69.69546], [29.17055, 69.63886], [29.33626, 69.47834], [29.21836, 69.39765], [28.83179, 69.2245], [28.83003, 69.17187], [28.80501, 69.11144], [28.85566, 69.07666], [29.05668, 69.01528], [29.23607, 69.1198], [29.31315, 69.23753], [29.27657, 69.25872], [29.28613, 69.29411], [29.39596, 69.32384], [29.56941, 69.31756], [29.79701, 69.40412], [29.84803, 69.42209], [30.00879, 69.41591], [30.11725, 69.46989], [30.12002, 69.51386], [30.18842, 69.56846], [30.13781, 69.64353], [30.22402, 69.65312], [30.41773, 69.58992], [30.51598, 69.54042], [30.81312, 69.52872], [30.93886, 69.56074], [30.94751, 69.59114], [30.95454, 69.63243], [30.94487, 69.68335], [30.87374, 69.71532], [30.84024, 69.7726]]], [[[5.03791, 60.37952], [4.96182, 60.38601], [5.01703, 60.30252], [4.94611, 60.28849], [4.99497, 60.2128], [5.16196, 60.21881], [5.11654, 60.26692], [5.12401, 60.33685], [5.03791, 60.37952]]], [[[5.15011, 60.50458], [5.07107, 60.46656], [5.17229, 60.38996], [5.24731, 60.42212], [5.21792, 60.49018], [5.15011, 60.50458]]], [[[5.0957, 60.59952], [4.99863, 60.60564], [4.99172, 60.56964], [5.05295, 60.54129], [5.21895, 60.5068], [5.2484, 60.53057], [5.14514, 60.59364], [5.0957, 60.59952]]], [[[5.07235, 60.67285], [5.03924, 60.71113], [4.95663, 60.72547], [4.9579, 60.666], [5.10331, 60.60794], [5.18391, 60.61806], [5.07235, 60.67285]]], [[[4.97004, 60.73326], [4.91422, 60.80924], [4.85541, 60.78564], [4.97004, 60.73326]]], [[[4.99433, 60.84704], [5.03737, 60.85049], [4.99882, 60.94204], [4.9547, 60.93268], [4.99433, 60.84704]]], [[[4.94138, 61.18923], [4.88203, 61.2131], [4.80872, 61.15466], [4.82746, 61.07092], [5.02047, 61.11019], [5.00244, 61.19371], [4.94138, 61.18923]]], [[[5.01096, 61.37771], [4.92748, 61.3837], [4.88375, 61.34054], [4.95612, 61.31405], [5.03086, 61.32814], [5.01096, 61.37771]]], [[[5.24904, 61.83499], [5.22305, 61.87141], [5.00747, 61.89262], [4.95019, 61.91099], [4.89483, 61.84706], [4.92198, 61.78733], [5.01462, 61.78925], [5.10809, 61.82248], [5.24904, 61.83499]]], [[[5.15545, 61.99452], [5.07858, 62.00307], [5.01331, 61.94156], [5.09078, 61.92536], [5.15545, 61.99452]]], [[[5.78067, 59.10896], [5.75923, 59.12336], [5.61484, 59.11875], [5.73779, 59.07179], [5.78067, 59.10896]]], [[[5.83401, 59.1407], [5.87732, 59.17587], [5.82923, 59.20277], [5.76898, 59.1746], [5.83401, 59.1407]]], [[[5.30578, 59.32145], [5.29293, 59.37561], [5.21896, 59.40247], [5.1861, 59.33942], [5.16752, 59.22873], [5.20035, 59.14446], [5.29073, 59.14502], [5.32841, 59.27362], [5.30578, 59.32145]]], [[[5.24123, 59.8293], [5.10628, 59.78452], [5.23846, 59.75977], [5.16409, 59.71618], [5.14933, 59.65491], [5.18134, 59.57597], [5.24788, 59.60392], [5.23419, 59.67732], [5.27761, 59.72802], [5.34648, 59.75778], [5.24123, 59.8293]]], [[[5.526, 59.82799], [5.52343, 59.88532], [5.44879, 59.93934], [5.32602, 59.9439], [5.27487, 59.88457], [5.34079, 59.78181], [5.40489, 59.75272], [5.49064, 59.75816], [5.526, 59.82799]]], [[[5.68916, 59.99008], [5.70905, 60.03108], [5.67137, 60.08182], [5.48499, 60.05328], [5.47681, 59.9876], [5.55872, 59.88961], [5.6375, 59.96476], [5.68916, 59.99008]]], [[[5.33898, 60.0274], [5.43659, 60.01503], [5.41201, 60.07603], [5.35388, 60.08038], [5.33898, 60.0274]]], [[[5.30102, 60.06183], [5.22218, 60.12341], [5.18811, 60.07122], [5.19944, 60.01796], [5.25069, 59.99397], [5.30102, 60.06183]]], [[[5.71768, 60.61405], [5.7282, 60.68498], [5.64873, 60.70987], [5.58421, 60.62821], [5.50362, 60.61263], [5.40764, 60.55587], [5.34106, 60.54466], [5.52833, 60.43469], [5.60962, 60.44229], [5.66081, 60.4786], [5.70988, 60.48484], [5.69477, 60.53517], [5.71768, 60.61405]]], [[[5.82859, 62.26004], [5.90668, 62.2524], [5.96892, 62.29674], [6.11031, 62.35539], [6.02961, 62.37029], [6.00046, 62.42361], [5.89517, 62.42245], [5.81514, 62.37822], [5.86272, 62.32397], [5.84807, 62.29369], [5.56937, 62.29626], [5.52843, 62.22806], [5.60686, 62.18824], [5.76258, 62.20522], [5.82859, 62.26004]]], [[[6.04833, 59.24042], [6.05569, 59.29781], [5.92211, 59.27494], [5.95344, 59.2265], [6.04833, 59.24042]]], [[[5.97658, 60.07143], [6.05886, 60.12916], [6.01613, 60.16745], [5.93293, 60.144], [5.97658, 60.07143]]], [[[6.36331, 62.42133], [6.21584, 62.45312], [6.0541, 62.43851], [6.11336, 62.40232], [6.29329, 62.40474], [6.36331, 62.42133]]], [[[6.81838, 62.68624], [6.93725, 62.7112], [6.92428, 62.74977], [6.67805, 62.73257], [6.67435, 62.66208], [6.81838, 62.68624]]], [[[7.68808, 62.98741], [7.6585, 63.07402], [7.56329, 63.05064], [7.42346, 63.04823], [7.37196, 62.97579], [7.52803, 62.94101], [7.68808, 62.98741]]], [[[7.82137, 63.02927], [7.88728, 63.06612], [7.87238, 63.10824], [7.70594, 63.07976], [7.69718, 63.03596], [7.82137, 63.02927]]], [[[7.90633, 63.17564], [7.95185, 63.14579], [8.07774, 63.14496], [8.17634, 63.16201], [8.12545, 63.23802], [7.90633, 63.17564]]], [[[8.20182, 63.15818], [8.31867, 63.1654], [8.22889, 63.23131], [8.16125, 63.21667], [8.20182, 63.15818]]], [[[8.4199, 63.16048], [8.57809, 63.18449], [8.43867, 63.28529], [8.27732, 63.24593], [8.27591, 63.21292], [8.35475, 63.16247], [8.4199, 63.16048]]], [[[8.66134, 63.36104], [8.58356, 63.39325], [8.51219, 63.38268], [8.46927, 63.32759], [8.56106, 63.31601], [8.69052, 63.3343], [8.66134, 63.36104]]], [[[8.07998, 63.46491], [7.97343, 63.4711], [7.92779, 63.44372], [7.7851, 63.41012], [7.8155, 63.35971], [7.99722, 63.32422], [8.16788, 63.3435], [8.21131, 63.37341], [8.14463, 63.44695], [8.07998, 63.46491]]], [[[8.9409, 63.62276], [8.94662, 63.65543], [8.60226, 63.61589], [8.61246, 63.56783], [8.41907, 63.54879], [8.29903, 63.49372], [8.38334, 63.42842], [8.5252, 63.42831], [8.6039, 63.45888], [8.80826, 63.48595], [8.85264, 63.47953], [9.11233, 63.52637], [9.19451, 63.55867], [9.08405, 63.60287], [8.9409, 63.62276]]], [[[8.84099, 63.71658], [8.81421, 63.79055], [8.66088, 63.75223], [8.59411, 63.71767], [8.34756, 63.69294], [8.47005, 63.66401], [8.7953, 63.69112], [8.84099, 63.71658]]], [[[10.39251, 59.17477], [10.46642, 59.19201], [10.42406, 59.2587], [10.35769, 59.18822], [10.39251, 59.17477]]], [[[11.17015, 64.947], [10.93735, 64.90282], [11.14162, 64.82559], [11.29674, 64.89745], [11.17015, 64.947]]], [[[11.0788, 64.96249], [11.01969, 64.96804], [10.75311, 64.91006], [10.8265, 64.85831], [10.94903, 64.90888], [11.04931, 64.9355], [11.0788, 64.96249]]], [[[11.2416, 64.61053], [11.11088, 64.65208], [11.0385, 64.63819], [11.03329, 64.59915], [11.10489, 64.58613], [11.19076, 64.50735], [11.3088, 64.48224], [11.42143, 64.49435], [11.45223, 64.52579], [11.37344, 64.55196], [11.27363, 64.54113], [11.28375, 64.58311], [11.2416, 64.61053]]], [[[11.46866, 64.58835], [11.3722, 64.64146], [11.34203, 64.56239], [11.43525, 64.54163], [11.46866, 64.58835]]], [[[11.30357, 64.60524], [11.35557, 64.67994], [11.21635, 64.68222], [11.30357, 64.60524]]], [[[11.56966, 64.88918], [11.45205, 64.93706], [11.31702, 64.88913], [11.28554, 64.85409], [11.56966, 64.88918]]], [[[11.6584, 65.06942], [11.66907, 65.12279], [11.57225, 65.10981], [11.51378, 65.05518], [11.60318, 65.04445], [11.6584, 65.06942]]], [[[11.91583, 65.06706], [12.0088, 65.10273], [12.03229, 65.1528], [11.94219, 65.15277], [11.85554, 65.11595], [11.74961, 65.04374], [11.91583, 65.06706]]], [[[11.98072, 65.70132], [11.8908, 65.71126], [11.80926, 65.68823], [11.77711, 65.6402], [11.90958, 65.59166], [12.03063, 65.67687], [11.98072, 65.70132]]], [[[12.59494, 65.92443], [12.71562, 65.97068], [12.92703, 66.00526], [12.90353, 66.03744], [12.72174, 66.01343], [12.60261, 66.02087], [12.45348, 65.95373], [12.43843, 65.89651], [12.53533, 65.89624], [12.59494, 65.92443]]], [[[12.61525, 66.15253], [12.54409, 66.1558], [12.47449, 66.11301], [12.3708, 66.09845], [12.35905, 66.048], [12.46977, 66.04083], [12.6655, 66.10471], [12.61525, 66.15253]]], [[[12.83698, 66.23381], [12.891, 66.28175], [12.82187, 66.29749], [12.7244, 66.26892], [12.74482, 66.22762], [12.83698, 66.23381]]], [[[13.18607, 68.08871], [13.03996, 68.06663], [12.90342, 67.96868], [12.84449, 67.89053], [12.89609, 67.86525], [13.03888, 67.88995], [13.18558, 67.97789], [13.1512, 68.05466], [13.18607, 68.08871]]], [[[14.23866, 67.0653], [14.20589, 67.10185], [14.07846, 67.16511], [14.01535, 67.11052], [14.13133, 67.06782], [14.23866, 67.0653]]], [[[15.11698, 67.96941], [14.98788, 67.97636], [14.96773, 67.93051], [15.12959, 67.91341], [15.24169, 67.94983], [15.11698, 67.96941]]], [[[15.22334, 68.03475], [15.1578, 68.00242], [15.18725, 67.96848], [15.29934, 67.97623], [15.22334, 68.03475]]], [[[15.93047, 68.0118], [15.87498, 68.03014], [15.67523, 68.03892], [15.52143, 68.02271], [15.63263, 67.98901], [15.76469, 68.00013], [15.87584, 67.98113], [15.93047, 68.0118]]], [[[13.28449, 68.0033], [13.39008, 68.03319], [13.45005, 68.14832], [13.32033, 68.17027], [13.30148, 68.13542], [13.16401, 68.04646], [13.20737, 67.99996], [13.28449, 68.0033]]], [[[14.01839, 68.31524], [13.90954, 68.34161], [13.80203, 68.28178], [13.64319, 68.30556], [13.5648, 68.28251], [13.47596, 68.20571], [13.45901, 68.08428], [13.7277, 68.0908], [13.83739, 68.14089], [13.85457, 68.18122], [14.05495, 68.20281], [14.16596, 68.26322], [14.01839, 68.31524]]], [[[14.86913, 68.23635], [14.95921, 68.29781], [14.88888, 68.3081], [14.79673, 68.25979], [14.86913, 68.23635]]], [[[14.19971, 68.25851], [14.27098, 68.30049], [14.15161, 68.3473], [14.05638, 68.32745], [14.19971, 68.25851]]], [[[14.95821, 68.34323], [15.05084, 68.37704], [15.1936, 68.46807], [14.60637, 68.43625], [14.40114, 68.38137], [14.21125, 68.23129], [14.20481, 68.1723], [14.33249, 68.18094], [14.40074, 68.21561], [14.49833, 68.21384], [14.64812, 68.26843], [14.79562, 68.28144], [14.95821, 68.34323]]], [[[16.50892, 68.48071], [16.43843, 68.51187], [16.45524, 68.52781], [16.35333, 68.55868], [16.23108, 68.54613], [16.14698, 68.49882], [16.08222, 68.41127], [16.15158, 68.39047], [16.24811, 68.41818], [16.38771, 68.42151], [16.50892, 68.48071]]], [[[14.90881, 68.56406], [14.67057, 68.58829], [14.60957, 68.56561], [14.72146, 68.51022], [14.90492, 68.50243], [14.99904, 68.55236], [14.90881, 68.56406]]], [[[15.0316, 68.30292], [15.23729, 68.34592], [15.27382, 68.38212], [15.66244, 68.31509], [15.78083, 68.41235], [15.90466, 68.38737], [15.98647, 68.40766], [16.00947, 68.45063], [16.09179, 68.48809], [16.10122, 68.52713], [16.23794, 68.5657], [16.51123, 68.56712], [16.49436, 68.61054], [16.59388, 68.65454], [16.55813, 68.76394], [16.59202, 68.77766], [16.49281, 68.84568], [16.2993, 68.89246], [16.08874, 68.82763], [16.16415, 68.73694], [16.0091, 68.78316], [15.88434, 68.77118], [15.90764, 68.84555], [15.95939, 68.89248], [15.90295, 68.96943], [15.64203, 68.95645], [15.5518, 68.86578], [15.59998, 68.84001], [15.45877, 68.81659], [15.43703, 68.71235], [15.50529, 68.64744], [15.21299, 68.56147], [15.25859, 68.53351], [15.19526, 68.44489], [15.09045, 68.38973], [15.0316, 68.30292]]], [[[17.16208, 68.79323], [17.007, 68.86031], [16.91755, 68.78688], [16.88593, 68.7275], [17.11632, 68.75036], [17.16208, 68.79323]]], [[[15.30276, 68.88905], [15.1909, 68.93072], [15.18669, 69.00479], [15.03044, 68.99183], [15.01047, 68.94659], [15.07639, 68.87365], [14.90169, 68.85267], [14.95627, 68.81942], [14.7637, 68.78171], [14.70312, 68.83346], [14.55511, 68.81393], [14.44771, 68.76418], [14.48827, 68.73354], [14.41693, 68.67731], [14.43968, 68.61634], [14.6081, 68.61799], [14.68569, 68.69566], [14.81331, 68.66672], [14.99888, 68.70219], [15.01603, 68.67877], [14.81322, 68.64462], [14.86181, 68.58791], [15.03408, 68.58137], [15.25907, 68.63762], [15.41407, 68.69067], [15.40667, 68.73532], [15.30018, 68.7661], [15.39226, 68.84748], [15.30276, 68.88905]]], [[[17.42909, 68.89185], [17.35829, 68.92573], [17.12199, 68.92697], [17.09677, 68.91031], [17.18345, 68.83469], [17.27257, 68.80141], [17.45219, 68.85652], [17.42909, 68.89185]]], [[[15.00121, 68.90433], [14.89252, 68.93912], [14.83569, 68.89324], [14.96106, 68.87546], [15.00121, 68.90433]]], [[[16.47927, 68.96003], [16.34785, 68.9393], [16.46696, 68.88324], [16.56753, 68.87955], [16.64535, 68.93573], [16.59546, 68.97202], [16.47927, 68.96003]]], [[[17.3762, 68.98743], [17.51782, 69.04195], [17.58508, 69.09198], [17.43933, 69.08659], [17.34976, 69.0316], [17.3762, 68.98743]]], [[[16.08368, 69.15393], [16.11913, 69.24651], [16.17157, 69.26322], [16.10758, 69.31601], [15.85567, 69.24425], [15.85918, 69.20696], [15.75411, 69.14561], [15.63592, 69.13235], [15.45746, 69.01901], [15.44013, 68.92351], [15.48022, 68.87723], [15.63189, 68.9859], [15.87208, 69.02861], [15.91615, 69.08329], [16.08368, 69.15393]]], [[[17.87067, 69.58391], [17.60147, 69.54443], [17.22454, 69.46744], [17.33773, 69.41533], [17.16487, 69.41638], [16.93115, 69.38561], [17.05839, 69.34013], [16.9605, 69.32033], [17.00824, 69.24332], [16.89646, 69.20943], [17.07454, 69.18269], [17.05576, 69.15479], [16.81261, 69.12411], [16.78804, 69.05592], [16.99866, 69.08001], [17.0796, 69.05992], [17.04024, 69.00964], [17.22278, 69.02461], [17.20013, 69.08761], [17.40285, 69.16], [17.61727, 69.1487], [17.72872, 69.17098], [17.8297, 69.16011], [17.95637, 69.17831], [17.90494, 69.21596], [17.96391, 69.25436], [17.87462, 69.31868], [18.07984, 69.35428], [18.0127, 69.47119], [17.87067, 69.58391]]], [[[18.8403, 69.85078], [18.80737, 69.87915], [18.68406, 69.88441], [18.66055, 69.82939], [18.42495, 69.77546], [18.30055, 69.77675], [18.34153, 69.68852], [18.15153, 69.63136], [18.0169, 69.60867], [18.00482, 69.56723], [18.20944, 69.52082], [18.76731, 69.56811], [18.83309, 69.61085], [18.75011, 69.67676], [18.92497, 69.70431], [19.053, 69.77503], [18.96181, 69.83308], [18.8403, 69.85078]]], [[[30.01997, 69.84919], [29.94113, 69.90371], [29.80227, 69.9092], [29.80744, 69.83435], [29.69905, 69.7591], [29.85277, 69.76104], [30.09562, 69.82216], [30.01997, 69.84919]]], [[[20.59158, 69.79248], [20.73361, 69.83337], [20.68527, 69.86046], [20.7183, 69.91428], [20.57608, 69.90707], [20.51712, 69.84905], [20.59158, 69.79248]]], [[[19.62382, 69.85432], [19.7194, 69.85573], [19.78311, 69.92657], [19.8752, 69.97092], [19.7725, 70.00876], [19.71771, 69.97234], [19.51909, 69.92093], [19.40459, 69.84214], [19.62382, 69.85432]]], [[[19.29466, 70.07261], [19.21015, 70.09201], [19.09454, 70.08134], [18.99777, 70.04206], [18.83714, 70.0258], [18.81208, 69.98141], [18.71399, 69.95377], [18.7228, 69.91403], [18.87396, 69.88423], [18.99215, 69.8434], [19.06561, 69.79273], [19.2352, 69.7984], [19.35326, 69.82871], [19.48432, 69.91483], [19.46843, 69.95071], [19.61404, 69.96136], [19.66687, 70.00171], [19.45215, 70.05399], [19.34546, 69.99477], [19.26889, 70.03664], [19.29466, 70.07261]]], [[[21.06679, 70.00173], [20.93591, 69.98079], [20.83662, 70.03561], [20.71904, 70.02355], [20.74686, 69.96049], [20.84564, 69.92445], [21.06679, 70.00173]]], [[[18.70901, 69.99313], [18.76415, 70.02887], [18.92178, 70.04871], [18.92277, 70.09758], [18.66895, 70.07207], [18.65709, 70.00966], [18.70901, 69.99313]]], [[[20.84209, 70.15807], [20.76714, 70.11372], [20.82591, 70.06944], [20.92631, 70.09734], [20.84209, 70.15807]]], [[[19.57401, 70.10733], [19.40632, 70.16862], [19.35487, 70.11572], [19.49833, 70.09523], [19.57401, 70.10733]]], [[[20.75605, 70.12926], [20.79775, 70.21584], [20.70031, 70.23925], [20.53759, 70.22613], [20.4113, 70.17753], [20.3656, 70.08508], [20.39354, 70.06059], [20.55743, 70.03312], [20.79239, 70.05309], [20.75605, 70.12926]]], [[[19.72813, 70.22972], [19.64378, 70.284], [19.49179, 70.24432], [19.66887, 70.16262], [19.74239, 70.05821], [19.96325, 70.05346], [20.007, 70.11974], [19.88659, 70.16542], [19.74837, 70.17715], [19.72813, 70.22972]]], [[[19.22864, 70.13531], [19.25793, 70.18455], [19.153, 70.20642], [18.98734, 70.15986], [19.11297, 70.11117], [19.22864, 70.13531]]], [[[22.86952, 70.34248], [22.7995, 70.38164], [22.68281, 70.39452], [22.36079, 70.35073], [22.39594, 70.29825], [22.56734, 70.26327], [22.74082, 70.24845], [23.0065, 70.2642], [22.86952, 70.34248]]], [[[21.71389, 70.38978], [21.67677, 70.28242], [21.75254, 70.27917], [21.80408, 70.35306], [21.71389, 70.38978]]], [[[23.55592, 70.59392], [23.4353, 70.56493], [23.1197, 70.5368], [22.86343, 70.44253], [22.88906, 70.36555], [23.05766, 70.34407], [23.05493, 70.29635], [23.14461, 70.27405], [23.32777, 70.30542], [23.636, 70.43941], [23.59513, 70.50871], [23.52817, 70.52408], [23.55592, 70.59392]]], [[[23.94086, 70.70988], [23.79553, 70.74961], [23.66787, 70.74862], [23.62184, 70.69947], [23.68698, 70.67201], [23.64786, 70.61223], [23.74347, 70.5238], [23.89096, 70.50737], [24.10847, 70.58833], [24.11339, 70.64313], [23.94086, 70.70988]]], [[[23.44088, 70.78602], [23.30582, 70.78895], [23.06967, 70.82183], [23.10293, 70.76825], [23.03016, 70.69292], [22.79885, 70.77151], [22.67809, 70.74512], [22.77433, 70.69614], [22.67804, 70.66004], [22.59612, 70.70541], [22.32478, 70.64568], [21.99034, 70.65341], [22.04125, 70.61822], [22.30218, 70.60889], [22.21653, 70.5807], [22.11189, 70.50839], [22.18168, 70.48386], [22.56069, 70.49659], [22.6062, 70.55562], [22.932, 70.5314], [23.06385, 70.57205], [23.17134, 70.65821], [23.32146, 70.70853], [23.44088, 70.78602]]], [[[24.15583, 71.00473], [23.94269, 71.00335], [23.88569, 70.95644], [24.01149, 70.91646], [24.21251, 70.9473], [24.15583, 71.00473]]], [[[25.71904, 71.15588], [25.65556, 71.17472], [25.44673, 71.08748], [25.31384, 71.09583], [25.24742, 71.038], [25.46864, 70.97713], [25.54711, 70.93468], [25.73647, 70.94797], [25.77599, 70.97591], [25.91085, 70.96821], [26.11524, 70.99374], [26.2187, 71.03426], [26.15225, 71.05727], [26.00094, 71.01293], [25.83903, 71.07417], [25.98294, 71.08435], [25.9936, 71.14198], [25.82848, 71.10722], [25.71904, 71.15588]]], [[[24.79871, 71.08688], [24.69297, 71.11363], [24.60917, 71.07037], [24.76618, 71.02972], [24.79871, 71.08688]]]]}}, {"type": "Feature", "properties": {"nazev": "Německé císařství", "en": "Deutsches Reich"}, "geometry": {"type": "MultiPolygon", "coordinates": [[[[9.17339, 47.65537], [9.26444, 47.69231], [9.36423, 47.65678], [9.43151, 47.66045], [9.52378, 47.62775], [9.53911, 47.59561], [9.73656, 47.53483], [9.76781, 47.59004], [9.81617, 47.54825], [9.95204, 47.53646], [9.99649, 47.48921], [10.04552, 47.49087], [10.10452, 47.42872], [10.08715, 47.39947], [10.11866, 47.37637], [10.16889, 47.37118], [10.20681, 47.33865], [10.19512, 47.27484], [10.24342, 47.27841], [10.3452, 47.31534], [10.38546, 47.3603], [10.47528, 47.43385], [10.46481, 47.48202], [10.43034, 47.50412], [10.48733, 47.54173], [10.55992, 47.53718], [10.59719, 47.57003], [10.69164, 47.5588], [10.75564, 47.53614], [10.77586, 47.51523], [10.88798, 47.53728], [10.91654, 47.51286], [10.92864, 47.47226], [10.98343, 47.43082], [10.97477, 47.39861], [11.11328, 47.3956], [11.20922, 47.43316], [11.22394, 47.40138], [11.34572, 47.45034], [11.44174, 47.51809], [11.57215, 47.51477], [11.60203, 47.57793], [11.63167, 47.58629], [11.77762, 47.59095], [12.01024, 47.62417], [12.14494, 47.60688], [12.20839, 47.61549], [12.16836, 47.67925], [12.18296, 47.70135], [12.33817, 47.69692], [12.36261, 47.68504], [12.43041, 47.69678], [12.49897, 47.62561], [12.57553, 47.63331], [12.60519, 47.67326], [12.65384, 47.67234], [12.75269, 47.66808], [12.80683, 47.60987], [12.80273, 47.55123], [12.84868, 47.54615], [12.96201, 47.47762], [13.04616, 47.49283], [13.04045, 47.57661], [13.09779, 47.63912], [13.07629, 47.68877], [13.01727, 47.72226], [12.97513, 47.70676], [12.90771, 47.72164], [12.92745, 47.76919], [13.0051, 47.84524], [12.93969, 47.94125], [12.87238, 47.96431], [12.84744, 48.01908], [12.75697, 48.07646], [12.74794, 48.11006], [12.8452, 48.16641], [12.86559, 48.19915], [12.95129, 48.20853], [13.02098, 48.25701], [13.17328, 48.29785], [13.30262, 48.31364], [13.4119, 48.38042], [13.42539, 48.45813], [13.45386, 48.51041], [13.43674, 48.55445], [13.52102, 48.5908], [13.72464, 48.51278], [13.82382, 48.62046], [13.81891, 48.73264], [13.8397, 48.77144], [13.76561, 48.83756], [13.73681, 48.88089], [13.67641, 48.87858], [13.5931, 48.96108], [13.50729, 48.96898], [13.49581, 48.94145], [13.40274, 48.98736], [13.40948, 49.00312], [13.39738, 49.05059], [13.34432, 49.08885], [13.28233, 49.12052], [13.23593, 49.11371], [13.17682, 49.16163], [13.12936, 49.19698], [13.08104, 49.24716], [13.03406, 49.26395], [13.02902, 49.30458], [13.00764, 49.30647], [12.95004, 49.3429], [12.88017, 49.3504], [12.80254, 49.34169], [12.75769, 49.39466], [12.70873, 49.42467], [12.65552, 49.43466], [12.64422, 49.52251], [12.58891, 49.53809], [12.57085, 49.5694], [12.56026, 49.61909], [12.52819, 49.6182], [12.51739, 49.64489], [12.52196, 49.68641], [12.44274, 49.70379], [12.40463, 49.76247], [12.4739, 49.78848], [12.47299, 49.83358], [12.52191, 49.88163], [12.54846, 49.89869], [12.47834, 49.93553], [12.49402, 49.96986], [12.45896, 49.99476], [12.4353, 49.9935], [12.36561, 50.02236], [12.22902, 50.10228], [12.2001, 50.11048], [12.21577, 50.16811], [12.17533, 50.21286], [12.09062, 50.25238], [12.13824, 50.27502], [12.11919, 50.29892], [12.1444, 50.32142], [12.2022, 50.308], [12.24453, 50.26735], [12.24164, 50.24378], [12.28669, 50.22475], [12.27422, 50.19533], [12.28958, 50.17691], [12.33665, 50.17258], [12.3303, 50.23383], [12.35216, 50.26181], [12.39984, 50.32112], [12.43351, 50.32229], [12.49426, 50.35416], [12.51596, 50.39508], [12.6762, 50.41387], [12.70736, 50.4045], [12.73658, 50.43021], [12.81985, 50.45934], [12.94412, 50.41173], [13.01778, 50.44348], [13.03204, 50.50864], [13.06948, 50.50056], [13.18875, 50.50889], [13.24087, 50.58322], [13.37176, 50.63821], [13.41908, 50.61016], [13.51997, 50.64412], [13.54335, 50.6773], [13.55728, 50.71442], [13.66476, 50.73291], [13.70798, 50.71709], [13.79092, 50.7369], [13.82719, 50.72428], [13.88467, 50.73845], [13.89861, 50.7923], [13.94446, 50.79737], [13.97132, 50.81727], [14.04908, 50.80888], [14.20505, 50.85315], [14.23767, 50.88851], [14.27006, 50.89527], [14.30459, 50.88441], [14.38113, 50.89877], [14.40539, 50.9338], [14.32381, 50.95038], [14.25861, 50.988], [14.30291, 51.0568], [14.36315, 51.04489], [14.40707, 51.01966], [14.45336, 51.03691], [14.57855, 50.99875], [14.59752, 50.96697], [14.5605, 50.92496], [14.5811, 50.91536], [14.6435, 50.93135], [14.62267, 50.85832], [14.66187, 50.85119], [14.71726, 50.82394], [14.79897, 50.82239], [14.82948, 50.87358], [14.96309, 50.86151], [15.00198, 50.87458], [15.00908, 50.94329], [14.96833, 50.98989], [14.9851, 51.01093], [15.03585, 51.02509], [15.10045, 51.01235], [15.17212, 51.02016], [15.17754, 50.99424], [15.23259, 50.99852], [15.27507, 50.97908], [15.29064, 50.94874], [15.28266, 50.89316], [15.34463, 50.85596], [15.36834, 50.82231], [15.35955, 50.78423], [15.44822, 50.81364], [15.47953, 50.79079], [15.52406, 50.77655], [15.57793, 50.77856], [15.68029, 50.75475], [15.69967, 50.73879], [15.83953, 50.74724], [15.88739, 50.67559], [15.97589, 50.68904], [16.00443, 50.67601], [15.991, 50.61767], [16.02482, 50.59878], [16.10278, 50.66299], [16.21622, 50.63304], [16.23251, 50.66746], [16.3448, 50.64458], [16.41242, 50.60201], [16.44161, 50.57444], [16.40943, 50.5622], [16.40113, 50.52842], [16.34419, 50.49617], [16.31777, 50.5071], [16.2719, 50.48425], [16.20644, 50.44048], [16.29989, 50.38123], [16.36694, 50.36913], [16.38496, 50.32831], [16.43652, 50.32164], [16.52349, 50.23967], [16.55833, 50.22011], [16.57077, 50.15818], [16.63435, 50.11205], [16.70602, 50.0968], [16.78179, 50.14482], [16.81074, 50.19032], [16.87225, 50.19712], [16.89888, 50.22319], [16.99723, 50.21662], [17.0281, 50.23034], [17.00173, 50.30228], [16.94004, 50.31935], [16.90895, 50.39026], [16.86125, 50.4092], [16.90882, 50.44899], [16.99833, 50.42815], [17.05308, 50.4078], [17.11153, 50.40525], [17.18506, 50.39033], [17.22043, 50.34879], [17.28164, 50.3184], [17.35445, 50.30815], [17.33875, 50.28402], [17.45612, 50.271], [17.59212, 50.27925], [17.65079, 50.27402], [17.68734, 50.32663], [17.75186, 50.29995], [17.73368, 50.24971], [17.75205, 50.19266], [17.59429, 50.16038], [17.64983, 50.1131], [17.73116, 50.09731], [17.77052, 50.05152], [17.77231, 50.02645], [17.86671, 49.97418], [17.90995, 49.97684], [17.95385, 49.93225], [18.13008, 49.90518], [18.19596, 49.86573], [18.28074, 49.86929], [18.32604, 49.9036], [18.33312, 49.92749], [18.43028, 49.93744], [18.52497, 49.90169], [18.5766, 49.92312], [18.5872, 49.89906], [18.66686, 49.8875], [18.72861, 49.90803], [18.74614, 49.94095], [18.86387, 49.92138], [18.96476, 49.92142], [19.01644, 49.95243], [19.12155, 49.9641], [19.10817, 49.98597], [19.16924, 50.05541], [19.212, 50.07457], [19.25596, 50.13635], [19.23186, 50.17326], [19.16443, 50.2143], [19.161, 50.23611], [19.08497, 50.28257], [19.05724, 50.34414], [18.97205, 50.37537], [18.97356, 50.42308], [19.01629, 50.48041], [19.07283, 50.50257], [19.10454, 50.58713], [19.07436, 50.61113], [19.04292, 50.66055], [18.97046, 50.68994], [18.88984, 50.75372], [18.74681, 50.77464], [18.62626, 50.83456], [18.65708, 50.92541], [18.62242, 50.9715], [18.43805, 51.04825], [18.44048, 51.0627], [18.41477, 51.12009], [18.33543, 51.1417], [18.17463, 51.17392], [18.192, 51.20556], [18.16084, 51.27908], [18.21086, 51.42819], [18.15469, 51.46933], [18.14483, 51.53618], [18.19583, 51.58111], [18.10491, 51.60852], [18.08229, 51.63947], [18.11577, 51.69607], [17.99501, 51.75351], [17.99698, 51.77708], [18.03716, 51.81907], [18.01606, 51.86242], [17.89967, 51.97192], [17.73605, 52.05492], [17.6805, 52.10405], [17.66227, 52.16585], [17.66489, 52.17882], [17.77986, 52.22145], [17.82274, 52.26755], [17.95817, 52.37667], [17.95507, 52.41078], [18.01915, 52.44167], [18.06077, 52.46433], [18.15272, 52.50214], [18.25983, 52.48514], [18.37788, 52.54286], [18.45076, 52.53309], [18.47719, 52.59298], [18.48388, 52.60511], [18.46176, 52.64742], [18.46747, 52.67271], [18.52178, 52.7463], [18.57559, 52.75821], [18.60347, 52.75427], [18.63337, 52.78297], [18.61323, 52.84425], [18.65694, 52.88613], [18.76472, 52.91477], [18.79525, 53.01487], [18.77045, 53.02046], [18.83379, 53.07102], [18.88101, 53.06698], [18.96624, 53.06199], [19.04125, 53.10938], [19.19433, 53.1544], [19.26537, 53.20327], [19.33165, 53.21944], [19.3686, 53.18617], [19.46925, 53.1888], [19.49466, 53.16396], [19.60445, 53.19033], [19.61826, 53.17872], [19.66252, 53.16988], [19.68648, 53.12782], [19.83087, 53.16961], [19.83705, 53.18172], [19.9241, 53.22859], [20.01496, 53.20995], [20.03252, 53.21353], [20.09314, 53.19808], [20.16769, 53.15309], [20.29111, 53.13369], [20.33965, 53.14876], [20.41933, 53.21211], [20.46927, 53.25422], [20.544, 53.34706], [20.6813, 53.32157], [20.77034, 53.31382], [20.83844, 53.30314], [20.8812, 53.26952], [21.05364, 53.33161], [21.25283, 53.41764], [21.47277, 53.47186], [21.65201, 53.48224], [21.68791, 53.49388], [21.89067, 53.46156], [21.91548, 53.49736], [22.01095, 53.51559], [22.10741, 53.53578], [22.23478, 53.58304], [22.29146, 53.62173], [22.40178, 53.66651], [22.47263, 53.69985], [22.58979, 53.7335], [22.61494, 53.7175], [22.69631, 53.75978], [22.73028, 53.83123], [22.77836, 53.86231], [22.78224, 53.91994], [22.75224, 53.94477], [22.69802, 53.97166], [22.66511, 54.03259], [22.60421, 54.05371], [22.63097, 54.09302], [22.63626, 54.09911], [22.59302, 54.14302], [22.57211, 54.20404], [22.53037, 54.22806], [22.54263, 54.26618], [22.62398, 54.26493], [22.75022, 54.29067], [22.80929, 54.34391], [22.74194, 54.44923], [22.69999, 54.50772], [22.72639, 54.60339], [22.74374, 54.67238], [22.75295, 54.70683], [22.78336, 54.74714], [22.80057, 54.75611], [22.83283, 54.76456], [22.89045, 54.81675], [22.84158, 54.86704], [22.8535, 54.89424], [22.77235, 54.93563], [22.68015, 54.98745], [22.66596, 54.98727], [22.63801, 55.00798], [22.59575, 55.06713], [22.61954, 55.09373], [22.55547, 55.13882], [22.4241, 55.13531], [22.3464, 55.15336], [22.19988, 55.15897], [22.20468, 55.18564], [22.20355, 55.19906], [22.13159, 55.22645], [21.915, 55.27596], [21.86461, 55.32501], [21.78526, 55.3219], [21.72136, 55.30077], [21.689, 55.35306], [21.60369, 55.40285], [21.60036, 55.44074], [21.51241, 55.53105], [21.51403, 55.56795], [21.46089, 55.6139], [21.3855, 55.72126], [21.3756, 55.78532], [21.23082, 55.87578], [21.20569, 55.86394], [21.14811, 55.87186], [21.06385, 55.89372], [21.09924, 55.72764], [21.16037, 55.66606], [21.26584, 55.46528], [21.25841, 55.4213], [21.32202, 55.26573], [21.27446, 55.19679], [21.1908, 55.19786], [21.21857, 55.11098], [21.22064, 55.03919], [21.25438, 54.94963], [21.21636, 54.91972], [21.08267, 54.89226], [20.99184, 54.88893], [20.85559, 54.90481], [20.79021, 54.94658], [20.73011, 54.93245], [20.54566, 54.94685], [20.5681, 54.97807], [20.71297, 55.06197], [20.85538, 55.16696], [20.94556, 55.24549], [21.06267, 55.32816], [21.00883, 55.33725], [20.95957, 55.28181], [20.73695, 55.09544], [20.59409, 55.00724], [20.48837, 54.96402], [20.34305, 54.93878], [20.2786, 54.96725], [20.16278, 54.9483], [20.03755, 54.94894], [19.9865, 54.96306], [19.94375, 54.91997], [19.98247, 54.7296], [20.0597, 54.71909], [20.06499, 54.67342], [20.12097, 54.66012], [20.18547, 54.69928], [20.33667, 54.68353], [20.27881, 54.62521], [20.17871, 54.60284], [20.10487, 54.55715], [19.98588, 54.57287], [19.95448, 54.50162], [19.82412, 54.46398], [19.75341, 54.43005], [19.71758, 54.38438], [19.64704, 54.34574], [19.56986, 54.34211], [19.4092, 54.26364], [19.28965, 54.27484], [19.25229, 54.29324], [19.22043, 54.35534], [18.99212, 54.34442], [18.84699, 54.35457], [18.74984, 54.37474], [18.6955, 54.40684], [18.60332, 54.42924], [18.56734, 54.45915], [18.5519, 54.52604], [18.57176, 54.54759], [18.47209, 54.64231], [18.48058, 54.69546], [18.40851, 54.72729], [18.42588, 54.79128], [18.34541, 54.83663], [18.01543, 54.83299], [17.55574, 54.75396], [17.41678, 54.74598], [17.29086, 54.72715], [17.07057, 54.66756], [16.96105, 54.60636], [16.76462, 54.5622], [16.62969, 54.55792], [16.53844, 54.53818], [16.46337, 54.50378], [16.37342, 54.42736], [16.22796, 54.32072], [16.15536, 54.28697], [16.04036, 54.2546], [15.86098, 54.23729], [15.75699, 54.21025], [15.49846, 54.16452], [15.31725, 54.1475], [14.76948, 54.03112], [14.76175, 53.92962], [14.65746, 53.89458], [14.61025, 53.82026], [14.61638, 53.7654], [14.55787, 53.75875], [14.54096, 53.67974], [14.57053, 53.65224], [14.59607, 53.56755], [14.69563, 53.49982], [14.70007, 53.43657], [14.60031, 53.42013], [14.63894, 53.50585], [14.5794, 53.54216], [14.54679, 53.63532], [14.50542, 53.66295], [14.38267, 53.68745], [14.32302, 53.73752], [14.27747, 53.72398], [14.13157, 53.73684], [13.97291, 53.77041], [13.87598, 53.83145], [13.8144, 53.85019], [13.91217, 53.93071], [13.74918, 54.02188], [13.80388, 54.09145], [13.75221, 54.13246], [13.66624, 54.15924], [13.6105, 54.13224], [13.44113, 54.12232], [13.32761, 54.17962], [13.28979, 54.22758], [13.1242, 54.26389], [13.05641, 54.36821], [12.99013, 54.42227], [12.90604, 54.40297], [12.87943, 54.36446], [12.80833, 54.34089], [12.71333, 54.39997], [12.53686, 54.33432], [12.46672, 54.31922], [12.40042, 54.2715], [12.35601, 54.30423], [12.41152, 54.36283], [12.50968, 54.37295], [12.67583, 54.42348], [12.79533, 54.40516], [12.8753, 54.40966], [12.89837, 54.4398], [12.67367, 54.43683], [12.49326, 54.46383], [12.45676, 54.39913], [12.41555, 54.38227], [12.34786, 54.30524], [12.19689, 54.24887], [12.13859, 54.20075], [12.01266, 54.18379], [11.85948, 54.14172], [11.70509, 54.15031], [11.58832, 54.08699], [11.5784, 54.03019], [11.50127, 53.98506], [11.48974, 53.92525], [11.45641, 53.91036], [11.34765, 53.95622], [11.28167, 53.93082], [11.25854, 53.97626], [11.17716, 54.01513], [11.07505, 54.01095], [10.91036, 53.95417], [10.8661, 53.99359], [10.77677, 54.00619], [10.74891, 54.04948], [10.81532, 54.0953], [10.86898, 54.08687], [10.9587, 54.14178], [11.09437, 54.2027], [11.07395, 54.32994], [11.02423, 54.36818], [10.95356, 54.38542], [10.87881, 54.36335], [10.78161, 54.31189], [10.70205, 54.3076], [10.6406, 54.35269], [10.33244, 54.44031], [10.19118, 54.40921], [10.19355, 54.4573], [10.12552, 54.48608], [9.86586, 54.45324], [9.86778, 54.47527], [9.97385, 54.5066], [10.0297, 54.55321], [10.03958, 54.68147], [9.98438, 54.72844], [9.95809, 54.7815], [9.87928, 54.75458], [9.76029, 54.80255], [9.59372, 54.83842], [9.53794, 54.87977], [9.61506, 54.9118], [9.73566, 54.83455], [9.78047, 54.90461], [9.73878, 54.98587], [9.62164, 55.01599], [9.50047, 55.11717], [9.49849, 55.15617], [9.5898, 55.19258], [9.69572, 55.19368], [9.71021, 55.26136], [9.65905, 55.28179], [9.62865, 55.35491], [9.46453, 55.38368], [9.44505, 55.38121], [9.33024, 55.37808], [9.21438, 55.42404], [9.14585, 55.44026], [9.0803, 55.43164], [8.99274, 55.43825], [8.95879, 55.43103], [8.92156, 55.41049], [8.88023, 55.36662], [8.92723, 55.29588], [8.87377, 55.27116], [8.66705, 55.27002], [8.69611, 55.14685], [8.63692, 55.03149], [8.67349, 54.9694], [8.62418, 54.84103], [8.69945, 54.76888], [8.71841, 54.72268], [8.80775, 54.67461], [8.84908, 54.61802], [9.01148, 54.49292], [8.91027, 54.42149], [8.83112, 54.40338], [8.63881, 54.39936], [8.67875, 54.35165], [8.60731, 54.32415], [8.65906, 54.27565], [8.75089, 54.29659], [8.87304, 54.3001], [8.81331, 54.18131], [8.83558, 54.14388], [8.96872, 54.13507], [9.01582, 54.08457], [9.00711, 54.0304], [8.96621, 54.01698], [8.88911, 54.04806], [8.83823, 54.03224], [8.89179, 53.9851], [8.90863, 53.93845], [8.97918, 53.89279], [9.23944, 53.88701], [9.39222, 53.82562], [9.43466, 53.74942], [9.52173, 53.7082], [9.59598, 53.60577], [9.54454, 53.60977], [9.47973, 53.68732], [9.41413, 53.72814], [9.32522, 53.82758], [9.27987, 53.85686], [9.09098, 53.86283], [8.89811, 53.82934], [8.79428, 53.83582], [8.68865, 53.89147], [8.58673, 53.86143], [8.47884, 53.689], [8.48197, 53.65632], [8.54367, 53.56297], [8.51596, 53.53878], [8.38699, 53.56999], [8.33563, 53.61002], [8.2422, 53.58216], [8.23486, 53.53117], [8.31815, 53.50761], [8.29617, 53.42466], [8.24314, 53.39255], [8.1474, 53.4458], [8.07309, 53.4562], [8.05849, 53.49669], [8.15381, 53.50556], [8.1665, 53.54824], [8.04916, 53.63579], [7.99661, 53.71523], [7.89523, 53.71644], [7.68679, 53.70294], [7.55404, 53.67598], [7.33043, 53.68464], [7.21983, 53.66123], [7.08481, 53.58197], [7.14666, 53.53095], [7.05177, 53.51396], [7.0238, 53.48007], [7.01045, 53.37299], [7.04795, 53.3329], [7.2356, 53.32958], [7.2346, 53.26555], [7.20696, 53.23767], [7.21929, 53.18045], [7.18806, 53.13218], [7.21346, 53.01063], [7.20189, 52.97268], [7.14003, 52.89161], [7.12394, 52.87603], [7.07354, 52.80139], [7.04839, 52.64265], [7.03221, 52.63468], [6.76415, 52.64707], [6.74969, 52.64523], [6.72116, 52.5898], [6.71629, 52.56093], [6.69407, 52.55526], [6.6928, 52.52545], [6.70157, 52.48089], [6.78664, 52.45821], [6.9387, 52.43571], [6.98326, 52.46537], [7.06904, 52.37237], [7.03909, 52.30128], [7.0652, 52.23637], [6.9945, 52.21599], [6.96997, 52.18167], [6.90546, 52.16164], [6.87331, 52.12156], [6.79752, 52.11645], [6.76386, 52.11424], [6.7377, 52.0745], [6.6918, 52.04681], [6.82678, 51.98919], [6.80022, 51.95231], [6.72767, 51.89871], [6.68712, 51.91267], [6.56846, 51.88795], [6.46556, 51.85749], [6.41015, 51.83825], [6.28191, 51.87267], [6.16733, 51.90415], [6.13038, 51.89507], [6.16395, 51.84435], [6.06714, 51.85689], [6.02931, 51.84181], [5.94716, 51.82087], [5.98638, 51.78187], [5.95785, 51.75123], [5.9919, 51.74048], [6.04011, 51.71435], [6.02937, 51.7037], [6.02809, 51.69738], [6.04808, 51.67071], [6.10579, 51.65399], [6.09787, 51.61437], [6.10959, 51.59679], [6.2076, 51.52358], [6.21363, 51.4103], [6.22355, 51.36198], [6.19452, 51.34119], [6.11667, 51.26646], [6.08646, 51.23576], [6.09521, 51.22563], [6.08203, 51.18563], [6.16119, 51.18804], [6.17521, 51.14646], [6.16995, 51.14454], [6.08621, 51.12357], [6.01063, 51.08637], [5.96564, 51.04], [5.87872, 51.04878], [5.90872, 50.99893], [5.90307, 50.97489], [5.9493, 50.98438], [5.96775, 50.982], [6.01472, 50.98026], [6.02724, 50.93345], [6.08857, 50.91578], [6.07044, 50.84842], [6.03958, 50.84466], [6.01161, 50.7549], [5.97109, 50.6936], [6.00386, 50.65058], [6.02185, 50.6086], [6.08228, 50.59681], [6.13466, 50.54937], [6.01622, 50.49918], [6.01672, 50.45033], [5.97519, 50.43378], [6.01324, 50.30984], [6.00848, 50.26643], [6.03985, 50.1666], [6.07639, 50.16098], [6.09708, 50.16952], [6.10988, 50.16745], [6.12377, 50.14494], [6.13772, 50.12642], [6.13303, 50.09575], [6.11959, 50.06407], [6.13793, 50.03581], [6.14354, 50.03242], [6.1393, 50.01822], [6.17272, 49.98108], [6.18685, 49.95798], [6.23281, 49.93958], [6.23932, 49.90061], [6.34233, 49.84737], [6.36093, 49.85363], [6.40678, 49.82303], [6.50005, 49.81004], [6.51763, 49.81565], [6.52803, 49.81316], [6.5163, 49.76905], [6.50544, 49.74561], [6.5062, 49.74192], [6.49837, 49.72275], [6.48653, 49.70135], [6.48567, 49.69796], [6.43684, 49.65649], [6.41182, 49.61672], [6.38871, 49.60341], [6.36625, 49.5708], [6.37677, 49.54941], [6.36729, 49.51263], [6.36397, 49.47277], [6.36885, 49.45985], [6.35294, 49.46725], [6.29616, 49.4802], [6.289, 49.48472], [6.28015, 49.50105], [6.22681, 49.5102], [6.19574, 49.50543], [6.15575, 49.50414], [6.15734, 49.49166], [6.13274, 49.49001], [6.12677, 49.48156], [6.11466, 49.47052], [6.10836, 49.47212], [6.07987, 49.45909], [6.05776, 49.46624], [6.05262, 49.46416], [6.02641, 49.44987], [6.00089, 49.45662], [5.98203, 49.4511], [5.97861, 49.45422], [5.97233, 49.47571], [5.9738, 49.48904], [5.96462, 49.49288], [5.93189, 49.49985], [5.89781, 49.49676], [5.89339, 49.49692], [5.93662, 49.47768], [5.92693, 49.40462], [5.96244, 49.35593], [5.95083, 49.32688], [6.00637, 49.30177], [6.02295, 49.22355], [5.98518, 49.18487], [5.99739, 49.10787], [5.92479, 49.09192], [5.95779, 49.0474], [6.0451, 49.01355], [6.04376, 48.98418], [6.13221, 48.93474], [6.21183, 48.93846], [6.32675, 48.90736], [6.31172, 48.86385], [6.35546, 48.79207], [6.50502, 48.75256], [6.55938, 48.75502], [6.60543, 48.71709], [6.68555, 48.68136], [6.86087, 48.62028], [6.93464, 48.63272], [7.03374, 48.5779], [7.08668, 48.51559], [7.13582, 48.49758], [7.10193, 48.45143], [7.11609, 48.33437], [7.19832, 48.31049], [7.13306, 48.24755], [7.05803, 48.13772], [7.00131, 48.0218], [6.93092, 47.97221], [6.92005, 47.8503], [6.84258, 47.81202], [6.87153, 47.78162], [6.94313, 47.76646], [7.03743, 47.72156], [7.01575, 47.59179], [7.0854, 47.59306], [7.13982, 47.52608], [7.13745, 47.50941], [7.13432, 47.50504], [7.13068, 47.50316], [7.1399, 47.50187], [7.1514, 47.49747], [7.17485, 47.44349], [7.23617, 47.43701], [7.25453, 47.42397], [7.28322, 47.43501], [7.3266, 47.43966], [7.33844, 47.44064], [7.38218, 47.4337], [7.42983, 47.45994], [7.45536, 47.47252], [7.45031, 47.47473], [7.42082, 47.47998], [7.43477, 47.49852], [7.44663, 47.49408], [7.47095, 47.48094], [7.48696, 47.48243], [7.51026, 47.49727], [7.51905, 47.53446], [7.51082, 47.52854], [7.49734, 47.53626], [7.49882, 47.5399], [7.58905, 47.58988], [7.64132, 47.56128], [7.63601, 47.5605], [7.65209, 47.54687], [7.67512, 47.5337], [7.75268, 47.54501], [7.79594, 47.55752], [7.82315, 47.58807], [7.83762, 47.58294], [7.88739, 47.5886], [7.94424, 47.54386], [7.95232, 47.55457], [7.95977, 47.55842], [7.96481, 47.55722], [7.99922, 47.55652], [8.01465, 47.55106], [8.05965, 47.56374], [8.07845, 47.55938], [8.09272, 47.55873], [8.10153, 47.56632], [8.19114, 47.6129], [8.20521, 47.62101], [8.28874, 47.61], [8.29542, 47.59602], [8.32982, 47.57085], [8.42654, 47.56759], [8.4385, 47.56724], [8.49414, 47.58114], [8.48696, 47.58753], [8.467, 47.58425], [8.45704, 47.5973], [8.50821, 47.61754], [8.51649, 47.63215], [8.53818, 47.63115], [8.56931, 47.61723], [8.56308, 47.59953], [8.5666, 47.59713], [8.58783, 47.60173], [8.60332, 47.61119], [8.59718, 47.62957], [8.60575, 47.65238], [8.61396, 47.64645], [8.61129, 47.6421], [8.60277, 47.64022], [8.62335, 47.64095], [8.62883, 47.65215], [8.61453, 47.66167], [8.60861, 47.66361], [8.60659, 47.67214], [8.56465, 47.66529], [8.55432, 47.66941], [8.53344, 47.66317], [8.53364, 47.65003], [8.47769, 47.6447], [8.40866, 47.67868], [8.42109, 47.68369], [8.4508, 47.74028], [8.4888, 47.77327], [8.51009, 47.77617], [8.52627, 47.77804], [8.56351, 47.79237], [8.59988, 47.80283], [8.62215, 47.79473], [8.6159, 47.78701], [8.61929, 47.76751], [8.6315, 47.7582], [8.65304, 47.77337], [8.64661, 47.79472], [8.65693, 47.80041], [8.6833, 47.7706], [8.69498, 47.75585], [8.70678, 47.76372], [8.74014, 47.75291], [8.7414, 47.74819], [8.72653, 47.74509], [8.73194, 47.71128], [8.75521, 47.69004], [8.79662, 47.6879], [8.80557, 47.69159], [8.80997, 47.69331], [8.79752, 47.70284], [8.79175, 47.72881], [8.81282, 47.72382], [8.87341, 47.69406], [8.8578, 47.69886], [8.85066, 47.69454], [8.85161, 47.68114], [8.87343, 47.67028], [8.89884, 47.64779], [8.97156, 47.66842], [8.98272, 47.67471], [9.02621, 47.68641], [9.17339, 47.65537]]], [[[8.32778, 54.69232], [8.28857, 54.66079], [8.34529, 54.61179], [8.38739, 54.63161], [8.32778, 54.69232]]], [[[8.54352, 54.67845], [8.58592, 54.71117], [8.5837, 54.74976], [8.46802, 54.75596], [8.41559, 54.74431], [8.4019, 54.70168], [8.54352, 54.67845]]], [[[8.44539, 55.01819], [8.39632, 55.05296], [8.28594, 54.89145], [8.40238, 54.84679], [8.35971, 54.96564], [8.44539, 55.01819]]], [[[8.56203, 55.15213], [8.5978, 55.18937], [8.49267, 55.19469], [8.46805, 55.09706], [8.56091, 55.07831], [8.56203, 55.15213]]], [[[14.68359, 53.92931], [14.71954, 54.01484], [14.49313, 53.95912], [14.28709, 53.87879], [14.54688, 53.85346], [14.61456, 53.86681], [14.68359, 53.92931]]], [[[11.45122, 53.96399], [11.50294, 53.99628], [11.45487, 54.02001], [11.3872, 53.99053], [11.45122, 53.96399]]], [[[14.25828, 53.89698], [13.99132, 54.06953], [13.92311, 54.08075], [13.84677, 54.12837], [13.7785, 54.03245], [13.92606, 54.06343], [13.98071, 54.05901], [14.05447, 53.98178], [14.0213, 53.95846], [13.91889, 53.98927], [13.93419, 53.8676], [14.00601, 53.84993], [14.07623, 53.86717], [14.18952, 53.87192], [14.25828, 53.89698]]], [[[13.37636, 54.62959], [13.42993, 54.6767], [13.27363, 54.66359], [13.28307, 54.63006], [13.2458, 54.55901], [13.38874, 54.56954], [13.51119, 54.52837], [13.50322, 54.47831], [13.41526, 54.48484], [13.35796, 54.55468], [13.18456, 54.53714], [13.18042, 54.49711], [13.26492, 54.46891], [13.19183, 54.4397], [13.23063, 54.35991], [13.12698, 54.36549], [13.11344, 54.32135], [13.19525, 54.26302], [13.39392, 54.22303], [13.42483, 54.29578], [13.49828, 54.33174], [13.58928, 54.34424], [13.73598, 54.32499], [13.67026, 54.39392], [13.59956, 54.39939], [13.56954, 54.46695], [13.67492, 54.52378], [13.65146, 54.57461], [13.44133, 54.56423], [13.37636, 54.62959]]], [[[11.27989, 54.4038], [11.31245, 54.40743], [11.23855, 54.50285], [11.06306, 54.53515], [11.01514, 54.49291], [11.00418, 54.44807], [11.09789, 54.44423], [11.1001, 54.40841], [11.19729, 54.41938], [11.27989, 54.4038]]], [[[8.93645, 54.49225], [8.86009, 54.52356], [8.8062, 54.49827], [8.84585, 54.46097], [8.93645, 54.49225]]], [[[8.58823, 54.51846], [8.68002, 54.49836], [8.68958, 54.55689], [8.58823, 54.51846]]], [[[10.00808, 54.97453], [9.93143, 55.01842], [9.88019, 55.02497], [9.76138, 55.08288], [9.64166, 55.04747], [9.75663, 54.98085], [9.79094, 54.90183], [9.95144, 54.85194], [10.07452, 54.88058], [10.00808, 54.97453]]]]}}, {"type": "Feature", "properties": {"nazev": "Dánsko", "en": "Danmark"}, "geometry": {"type": "MultiPolygon", "coordinates": [[[[9.46453, 55.38368], [9.57612, 55.37112], [9.60664, 55.42886], [9.69359, 55.46149], [9.64234, 55.49174], [9.67338, 55.52772], [9.84763, 55.61652], [9.74953, 55.62776], [9.74633, 55.68052], [9.80825, 55.67805], [10.00035, 55.70082], [10.03671, 55.73462], [10.01875, 55.77987], [10.05944, 55.81088], [9.89219, 55.84241], [10.07801, 55.88481], [10.19392, 55.83765], [10.20768, 55.88742], [10.25851, 55.91256], [10.25304, 55.99123], [10.27113, 56.04816], [10.21255, 56.13561], [10.24239, 56.18672], [10.33918, 56.23605], [10.34538, 56.26258], [10.42999, 56.29573], [10.50754, 56.26173], [10.45914, 56.19749], [10.51315, 56.0947], [10.55706, 56.11336], [10.53596, 56.17378], [10.5858, 56.21953], [10.69367, 56.1406], [10.73919, 56.17993], [10.74284, 56.22442], [10.81273, 56.25782], [10.91456, 56.34368], [10.92715, 56.42465], [10.95846, 56.44497], [10.79287, 56.53763], [10.56007, 56.51448], [10.42988, 56.52462], [10.34341, 56.59559], [10.36314, 56.66177], [10.27633, 56.80217], [10.263, 56.90052], [10.30082, 56.98271], [10.19189, 56.98694], [10.00464, 57.07913], [9.94295, 57.0482], [9.77656, 57.05244], [9.67919, 57.03448], [9.61641, 56.96754], [9.50072, 57.01482], [9.42763, 57.01726], [9.29347, 56.99711], [9.17987, 56.91986], [9.20869, 56.86605], [9.17424, 56.80497], [9.23713, 56.73084], [9.32536, 56.65964], [9.28482, 56.62201], [9.15045, 56.63544], [9.09508, 56.6029], [9.04396, 56.60928], [9.14301, 56.69678], [9.11209, 56.7869], [8.96439, 56.80183], [8.85369, 56.74334], [8.70234, 56.58518], [8.76197, 56.55258], [8.73119, 56.47823], [8.62386, 56.47359], [8.5984, 56.51655], [8.53638, 56.54877], [8.3877, 56.57898], [8.32854, 56.57793], [8.16015, 56.6441], [8.1158, 56.511], [8.13189, 56.4341], [8.18654, 56.37947], [8.29146, 56.31708], [8.13233, 56.33198], [8.12251, 56.29948], [8.1392, 56.11039], [8.23034, 56.09284], [8.30382, 56.05828], [8.3127, 55.99642], [8.36517, 55.9555], [8.38399, 55.90599], [8.27132, 55.842], [8.23368, 55.88067], [8.15051, 55.91064], [8.1764, 55.77], [8.15899, 55.70699], [8.08321, 55.55388], [8.18492, 55.52959], [8.28753, 55.47851], [8.23721, 55.56888], [8.29353, 55.56613], [8.43507, 55.45962], [8.54285, 55.45642], [8.62285, 55.42644], [8.67013, 55.33225], [8.64939, 55.2719], [8.87377, 55.27116], [8.92723, 55.29588], [8.88023, 55.36662], [8.92156, 55.41049], [8.95879, 55.43103], [8.99274, 55.43825], [9.0803, 55.43164], [9.14585, 55.44026], [9.21438, 55.42404], [9.33024, 55.37808], [9.44505, 55.38121], [9.46453, 55.38368]]], [[[10.21912, 54.96964], [10.24267, 54.92225], [10.42102, 54.81588], [10.51796, 54.86057], [10.33811, 54.89917], [10.21912, 54.96964]]], [[[-7.5979, 62.23481], [-7.67481, 62.21177], [-7.62811, 62.1682], [-7.66657, 62.07831], [-7.58966, 62.04485], [-7.54297, 62.07316], [-7.37543, 62.01522], [-7.03211, 61.86018], [-7.0019, 61.87701], [-7.08429, 61.96234], [-7.14746, 61.9946], [-7.15845, 62.06931], [-7.32599, 62.11301], [-7.38092, 62.15025], [-7.39466, 62.1964], [-7.49628, 62.22841], [-7.5979, 62.23481]]], [[[-7.70708, 62.03874], [-7.76819, 62.01136], [-7.78467, 61.96234], [-7.63361, 61.95072], [-7.51894, 61.92261], [-7.42968, 61.93683], [-7.49422, 62.02263], [-7.60958, 62.01683], [-7.70708, 62.03874]]], [[[-7.4132, 61.87086], [-7.31844, 61.80929], [-7.14266, 61.78138], [-6.98061, 61.68839], [-6.94765, 61.72484], [-6.98748, 61.76969], [-7.10558, 61.84236], [-7.16875, 61.83199], [-7.24977, 61.86956], [-7.4132, 61.87086]]], [[[-7.31707, 61.6271], [-7.41045, 61.6258], [-7.3665, 61.5755], [-7.38161, 61.54018], [-7.30059, 61.52971], [-7.20034, 61.41231], [-7.09597, 61.36364], [-6.9916, 61.38667], [-7.08498, 61.43005], [-7.14952, 61.50941], [-7.28273, 61.57616], [-7.31707, 61.6271]]], [[[15.07344, 54.98663], [15.15711, 55.08301], [15.1376, 55.14427], [15.02106, 55.17672], [14.82508, 55.25257], [14.77489, 55.29881], [14.71127, 55.22266], [14.69315, 55.0931], [14.74485, 55.06354], [14.95871, 55.00512], [15.07344, 54.98663]]], [[[10.45464, 55.56673], [10.32295, 55.62053], [10.03609, 55.55689], [9.9397, 55.51177], [9.86541, 55.51373], [9.83492, 55.5548], [9.70184, 55.49457], [9.81975, 55.44123], [9.88787, 55.3195], [9.88384, 55.24456], [9.97754, 55.21393], [9.99546, 55.18389], [10.11812, 55.18415], [10.16282, 55.13243], [10.0841, 55.10712], [10.18533, 55.07893], [10.27466, 55.08459], [10.32022, 55.05404], [10.52125, 55.02727], [10.62365, 55.05952], [10.74359, 55.06877], [10.80164, 55.17215], [10.81541, 55.23124], [10.7806, 55.29566], [10.8059, 55.33817], [10.7637, 55.38779], [10.66708, 55.45031], [10.74761, 55.47692], [10.63241, 55.56353], [10.56674, 55.51995], [10.62669, 55.49131], [10.42502, 55.43898], [10.49683, 55.54569], [10.45464, 55.56673]]], [[[12.19966, 55.44188], [12.20354, 55.50298], [12.30213, 55.57704], [12.50663, 55.63584], [12.54604, 55.63933], [12.6, 55.75961], [12.57455, 55.84306], [12.51769, 55.9195], [12.55433, 55.98532], [12.62409, 56.03941], [12.49821, 56.09137], [12.38501, 56.10141], [12.28685, 56.12923], [12.19609, 56.11322], [12.00864, 56.03106], [11.85224, 55.97479], [11.89054, 55.94179], [12.01324, 55.96384], [12.0668, 55.87742], [12.04297, 55.84475], [12.10058, 55.75624], [12.1118, 55.70514], [12.06996, 55.67795], [11.99231, 55.70355], [12.05953, 55.73296], [12.05722, 55.79636], [12.0264, 55.90047], [11.96443, 55.92954], [11.90098, 55.92099], [11.96012, 55.85139], [11.87783, 55.81398], [11.83029, 55.68503], [11.74895, 55.73909], [11.73191, 55.83528], [11.66871, 55.9135], [11.75181, 55.90514], [11.75514, 55.94099], [11.6501, 55.93932], [11.59159, 55.96181], [11.52216, 55.95137], [11.52623, 55.87514], [11.37727, 55.8217], [11.37054, 55.76826], [11.26582, 55.73037], [11.17606, 55.75478], [10.99426, 55.72419], [11.10277, 55.66683], [11.15005, 55.58624], [11.13662, 55.52314], [11.20436, 55.44397], [11.20199, 55.38269], [11.09389, 55.35079], [11.23488, 55.28633], [11.2576, 55.2013], [11.37896, 55.19896], [11.42931, 55.21865], [11.71347, 55.1586], [11.80813, 55.0728], [11.80949, 55.03765], [11.89676, 54.99461], [11.95137, 54.99771], [12.02535, 54.96273], [12.17097, 55.00391], [12.12753, 55.04779], [12.18176, 55.11405], [12.03542, 55.12275], [12.02894, 55.16602], [12.1087, 55.17642], [12.15787, 55.21307], [12.27288, 55.24199], [12.35819, 55.23848], [12.45482, 55.28854], [12.45495, 55.33015], [12.37377, 55.39307], [12.30305, 55.40073], [12.19966, 55.44188]]], [[[11.30252, 54.93976], [11.18161, 54.96081], [11.07361, 54.93988], [11.01778, 54.88031], [11.07864, 54.83517], [10.97679, 54.79172], [11.00285, 54.76417], [11.25391, 54.70545], [11.45974, 54.61002], [11.5609, 54.65913], [11.70212, 54.66149], [11.80824, 54.64233], [11.85418, 54.68405], [11.81599, 54.70404], [11.86552, 54.74751], [11.78223, 54.80668], [11.7391, 54.8657], [11.66016, 54.90023], [11.62056, 54.84985], [11.54417, 54.82831], [11.46782, 54.83961], [11.30252, 54.93976]]], [[[11.88412, 54.93259], [11.80148, 54.93634], [11.74341, 54.96057], [11.75512, 54.85546], [11.86096, 54.7752], [11.91008, 54.71333], [11.86625, 54.65706], [11.91665, 54.60248], [11.97675, 54.699], [12.04055, 54.75701], [12.16584, 54.83416], [12.12038, 54.88696], [11.98886, 54.90178], [11.98114, 54.93274], [11.88412, 54.93259]]], [[[10.63859, 55.00404], [10.63623, 55.05399], [10.51353, 55.00705], [10.52967, 54.97208], [10.62008, 54.94822], [10.63859, 55.00404]]], [[[10.85838, 54.96812], [10.89516, 54.99533], [10.95565, 55.14632], [10.87643, 55.10203], [10.84742, 55.03546], [10.68435, 54.92221], [10.64208, 54.81353], [10.68595, 54.7238], [10.73583, 54.74366], [10.85838, 54.96812]]], [[[12.28738, 55.03635], [12.27334, 54.98418], [12.12078, 54.95792], [12.1096, 54.91783], [12.14304, 54.88084], [12.2069, 54.88157], [12.28449, 54.93914], [12.3592, 54.96443], [12.50878, 54.94351], [12.55259, 54.9583], [12.52185, 55.00778], [12.46208, 55.02294], [12.28738, 55.03635]]], [[[12.64703, 55.64619], [12.63043, 55.6764], [12.50892, 55.60855], [12.59276, 55.55486], [12.68211, 55.59232], [12.64703, 55.64619]]], [[[10.59679, 55.93404], [10.59343, 55.88164], [10.53, 55.85196], [10.52988, 55.79053], [10.61981, 55.76439], [10.64318, 55.79759], [10.64434, 55.87433], [10.59679, 55.93404]]], [[[8.40731, 55.44905], [8.32715, 55.45815], [8.42135, 55.35465], [8.47413, 55.3391], [8.4535, 55.43354], [8.40731, 55.44905]]], [[[11.19459, 57.29369], [11.1998, 57.32206], [11.03052, 57.31868], [10.93524, 57.30006], [10.87294, 57.26503], [10.97738, 57.21604], [11.06424, 57.23642], [11.10922, 57.2975], [11.19459, 57.29369]]], [[[10.42577, 57.58511], [10.46632, 57.64304], [10.55216, 57.70406], [10.52115, 57.72945], [10.32325, 57.63627], [10.15411, 57.59298], [9.95818, 57.5954], [9.88676, 57.53244], [9.79459, 57.47645], [9.71645, 57.37973], [9.52952, 57.21927], [9.39967, 57.16363], [9.18241, 57.13776], [9.03008, 57.15866], [8.75519, 57.09941], [8.62091, 57.12671], [8.47527, 57.04401], [8.36133, 56.9585], [8.2684, 56.85433], [8.23383, 56.79773], [8.30263, 56.75311], [8.36428, 56.67697], [8.49424, 56.62551], [8.51477, 56.58946], [8.59044, 56.60248], [8.56046, 56.6892], [8.48041, 56.72431], [8.46888, 56.78167], [8.57454, 56.81862], [8.63292, 56.86447], [8.67037, 56.95218], [8.74938, 56.94587], [8.98099, 57.01624], [9.13216, 57.04011], [9.23371, 56.99049], [9.35058, 57.02307], [9.48832, 57.04592], [9.61221, 57.0498], [9.75819, 57.07143], [9.77609, 57.10707], [9.93549, 57.0536], [10.01315, 57.08886], [10.2224, 56.98964], [10.33128, 56.98876], [10.44229, 57.17014], [10.54692, 57.22614], [10.51504, 57.37903], [10.54614, 57.45052], [10.44738, 57.53437], [10.42577, 57.58511]]], [[[8.89997, 56.8884], [8.92281, 56.91836], [8.8657, 56.9509], [8.82081, 56.90555], [8.67013, 56.89045], [8.54777, 56.78287], [8.56183, 56.70383], [8.64257, 56.66855], [8.7725, 56.69263], [8.82894, 56.73907], [8.87467, 56.80665], [8.82866, 56.86946], [8.89997, 56.8884]]], [[[-7.39194, 62.29012], [-7.44321, 62.25689], [-7.28574, 62.18692], [-7.27476, 62.15785], [-7.16123, 62.09279], [-7.12095, 62.1065], [-7.01841, 62.07393], [-7.01841, 62.00697], [-6.91221, 62.00697], [-6.99094, 62.18777], [-7.15025, 62.24837], [-7.22532, 62.21936], [-7.26194, 62.30288], [-7.33152, 62.31565], [-7.39194, 62.29012]]], [[[-6.74925, 62.30118], [-6.74009, 62.25007], [-6.87559, 62.1835], [-6.80784, 62.13732], [-6.78037, 62.21766], [-6.64304, 62.23557], [-6.74925, 62.30118]]], [[[-6.57713, 62.22022], [-6.6229, 62.16042], [-6.53684, 62.16127], [-6.57713, 62.22022]]]]}}, {"type": "Feature", "properties": {"nazev": "Rakousko-Uhersko", "en": "Österreich-Ungarn"}, "geometry": {"type": "MultiPolygon", "coordinates": [[[[19.00904, 43.25061], [19.03724, 43.29049], [19.0775, 43.30246], [19.08341, 43.31911], [19.04028, 43.3652], [19.04291, 43.39633], [19.01866, 43.43074], [18.96191, 43.47004], [18.95365, 43.52262], [18.97882, 43.52662], [18.98853, 43.55531], [19.04344, 43.52476], [19.05146, 43.50199], [19.15279, 43.53661], [19.2507, 43.5299], [19.25404, 43.57484], [19.27162, 43.59662], [19.3363, 43.58765], [19.36648, 43.60826], [19.42931, 43.58075], [19.4811, 43.56939], [19.4921, 43.59985], [19.48827, 43.63203], [19.51066, 43.63121], [19.52698, 43.64966], [19.51708, 43.71179], [19.46342, 43.76436], [19.41993, 43.7961], [19.39317, 43.79817], [19.37549, 43.83438], [19.31575, 43.88297], [19.29424, 43.92119], [19.23642, 43.98622], [19.26892, 43.99962], [19.30428, 43.99722], [19.37692, 43.96145], [19.53601, 43.95546], [19.56235, 43.99825], [19.61922, 44.01269], [19.59904, 44.07059], [19.5589, 44.06991], [19.51063, 44.08124], [19.49319, 44.1159], [19.41959, 44.14266], [19.40836, 44.16974], [19.36105, 44.18311], [19.34623, 44.24014], [19.32697, 44.26905], [19.27968, 44.27677], [19.23966, 44.26128], [19.21672, 44.28763], [19.17646, 44.27968], [19.1301, 44.31884], [19.10358, 44.36857], [19.10776, 44.39606], [19.14671, 44.4133], [19.14002, 44.47131], [19.12233, 44.5014], [19.1301, 44.52202], [19.16843, 44.52472], [19.189, 44.54646], [19.23811, 44.62347], [19.30214, 44.68695], [19.30094, 44.7282], [19.3234, 44.76418], [19.29592, 44.78335], [19.33319, 44.81878], [19.35294, 44.88979], [19.35753, 44.89924], [19.38535, 44.91228], [19.40875, 44.95223], [19.44871, 44.95866], [19.52981, 44.97086], [19.62927, 44.94157], [19.72657, 44.88686], [19.69052, 44.81957], [19.694, 44.77521], [19.7377, 44.74975], [19.80508, 44.74658], [19.8759, 44.69722], [19.94087, 44.68843], [19.99643, 44.69225], [19.98278, 44.66811], [19.92972, 44.65746], [19.92554, 44.6369], [19.96615, 44.63006], [20.04588, 44.68512], [20.10222, 44.69657], [20.13081, 44.715], [20.16063, 44.70347], [20.16721, 44.67165], [20.22839, 44.67908], [20.27058, 44.66083], [20.30737, 44.68961], [20.30714, 44.73445], [20.36943, 44.78413], [20.44377, 44.80677], [20.47938, 44.82905], [20.5848, 44.84594], [20.63359, 44.79983], [20.62391, 44.77023], [20.63592, 44.75203], [20.67806, 44.73007], [20.71237, 44.68884], [20.77225, 44.65948], [20.83884, 44.65814], [20.92173, 44.67092], [20.9913, 44.7176], [21.06137, 44.71673], [21.14255, 44.73594], [21.20724, 44.7746], [21.36702, 44.82032], [21.40935, 44.77596], [21.50056, 44.77549], [21.58233, 44.76144], [21.60378, 44.74228], [21.61316, 44.68663], [21.6394, 44.65995], [21.7177, 44.65482], [21.77494, 44.6612], [21.84375, 44.65469], [21.99319, 44.63351], [22.02507, 44.59439], [22.03427, 44.55051], [22.07149, 44.52438], [22.12258, 44.47589], [22.18106, 44.47968], [22.22825, 44.55593], [22.30146, 44.639], [22.32034, 44.67312], [22.38793, 44.67885], [22.41889, 44.72731], [22.39312, 44.77704], [22.44443, 44.81836], [22.52954, 44.99668], [22.56922, 45.03832], [22.58858, 45.04282], [22.66093, 45.11173], [22.65076, 45.12812], [22.57192, 45.14197], [22.55819, 45.1566], [22.58583, 45.19288], [22.66901, 45.23632], [22.6797, 45.2558], [22.73583, 45.25548], [22.82578, 45.28254], [22.87058, 45.262], [22.92671, 45.27771], [22.95867, 45.27133], [22.98473, 45.29365], [23.03428, 45.27212], [23.10771, 45.2884], [23.16342, 45.26936], [23.19009, 45.28328], [23.28749, 45.30647], [23.31258, 45.30063], [23.34775, 45.32945], [23.38245, 45.33005], [23.44513, 45.29699], [23.58602, 45.35481], [23.60241, 45.38643], [23.57596, 45.4269], [23.59962, 45.4679], [23.59149, 45.49137], [23.65609, 45.50736], [23.73038, 45.49075], [23.70732, 45.45175], [23.71225, 45.42542], [23.78469, 45.42952], [23.82692, 45.45987], [23.88872, 45.47648], [23.95273, 45.4753], [24.0106, 45.48827], [24.04596, 45.52009], [24.10412, 45.51147], [24.12196, 45.52259], [24.20592, 45.52389], [24.22746, 45.54592], [24.25775, 45.54347], [24.29202, 45.5712], [24.34074, 45.58282], [24.49635, 45.57792], [24.60617, 45.59862], [24.81153, 45.60948], [24.85437, 45.59066], [24.96787, 45.5931], [25.00541, 45.58511], [25.10374, 45.58549], [25.14712, 45.55888], [25.15102, 45.54225], [25.22943, 45.51553], [25.24926, 45.46395], [25.28622, 45.41663], [25.3383, 45.38324], [25.40351, 45.38672], [25.41157, 45.42388], [25.454, 45.44037], [25.50824, 45.47509], [25.50862, 45.50952], [25.56056, 45.51839], [25.60622, 45.51205], [25.62893, 45.49035], [25.67182, 45.5313], [25.70691, 45.47331], [25.76397, 45.46512], [25.78842, 45.4792], [25.81987, 45.45502], [25.82772, 45.42993], [25.867, 45.42385], [25.88484, 45.44773], [25.89455, 45.49296], [25.92371, 45.51626], [25.96854, 45.50769], [25.99467, 45.51379], [26.04436, 45.47871], [26.08349, 45.51212], [26.14034, 45.52395], [26.17214, 45.56282], [26.21487, 45.62197], [26.27879, 45.58819], [26.3497, 45.63774], [26.50234, 45.67134], [26.44317, 45.7404], [26.44469, 45.82021], [26.41864, 45.86727], [26.44531, 45.89134], [26.47165, 45.97244], [26.50361, 46.01442], [26.50975, 46.07107], [26.49304, 46.14658], [26.44892, 46.1753], [26.40313, 46.20905], [26.34172, 46.20939], [26.32282, 46.23742], [26.26332, 46.24792], [26.25482, 46.26713], [26.29451, 46.33184], [26.29315, 46.36742], [26.24003, 46.38504], [26.17655, 46.43227], [26.1151, 46.44985], [26.10873, 46.47674], [26.05531, 46.52934], [26.13016, 46.57084], [26.16429, 46.60441], [26.1467, 46.66212], [26.11311, 46.6987], [26.07771, 46.71437], [26.0204, 46.81378], [25.95687, 46.89612], [25.88331, 46.95805], [25.84039, 46.96289], [25.77079, 47.0177], [25.77086, 47.03563], [25.7346, 47.07435], [25.67869, 47.08997], [25.62539, 47.09514], [25.60829, 47.08178], [25.53729, 47.08463], [25.53298, 47.10635], [25.43148, 47.16755], [25.30169, 47.17425], [25.20407, 47.21297], [25.26864, 47.27935], [25.32441, 47.28922], [25.37415, 47.28918], [25.40225, 47.34291], [25.43291, 47.3459], [25.46085, 47.38085], [25.50215, 47.39188], [25.54273, 47.41504], [25.55389, 47.45758], [25.6033, 47.45618], [25.63916, 47.41976], [25.62864, 47.389], [25.67457, 47.38115], [25.6742, 47.34758], [25.72329, 47.3093], [25.82534, 47.32379], [25.85297, 47.38493], [25.82922, 47.42641], [25.89477, 47.46451], [26.03024, 47.47614], [26.08799, 47.48329], [26.14914, 47.45636], [26.16808, 47.46381], [26.11814, 47.51501], [26.14715, 47.55646], [26.20307, 47.57505], [26.22957, 47.56918], [26.25703, 47.52611], [26.28579, 47.50426], [26.31031, 47.57048], [26.34392, 47.55352], [26.44278, 47.54836], [26.50418, 47.55834], [26.41867, 47.6038], [26.374, 47.59682], [26.32503, 47.61592], [26.27153, 47.67507], [26.27629, 47.75715], [26.16576, 47.83009], [26.13008, 47.87162], [26.10876, 47.92465], [26.16824, 47.91902], [26.19989, 47.88162], [26.2375, 47.89886], [26.21603, 47.9231], [26.15642, 47.95916], [26.13497, 48.01826], [26.11059, 48.05813], [26.0755, 48.09207], [26.05279, 48.13353], [26.04452, 48.17665], [26.0703, 48.18635], [26.1274, 48.23603], [26.18501, 48.23131], [26.19633, 48.21696], [26.26638, 48.20916], [26.28986, 48.22682], [26.26334, 48.23428], [26.19349, 48.28621], [26.19083, 48.31705], [26.16142, 48.37345], [26.06042, 48.42834], [26.06781, 48.45475], [26.04696, 48.47265], [26.05067, 48.49898], [26.03074, 48.54964], [26.05705, 48.57083], [26.09008, 48.53941], [26.12372, 48.54951], [26.12382, 48.56931], [26.09571, 48.6007], [26.14531, 48.59699], [26.1474, 48.54517], [26.19855, 48.52562], [26.2764, 48.53892], [26.29573, 48.51256], [26.35581, 48.5076], [26.40958, 48.5418], [26.36221, 48.58429], [26.32551, 48.59946], [26.31821, 48.63742], [26.27354, 48.64723], [26.24265, 48.67158], [26.22992, 48.70588], [26.24338, 48.73322], [26.22065, 48.83269], [26.1997, 48.86087], [26.21198, 48.88276], [26.18198, 48.96541], [26.1897, 49.0032], [26.21445, 49.01282], [26.1897, 49.0615], [26.205, 49.0992], [26.18547, 49.20034], [26.2071, 49.2454], [26.2457, 49.2443], [26.259, 49.2925], [26.2303, 49.3234], [26.2453, 49.3682], [26.2352, 49.3995], [26.1958, 49.4317], [26.1937, 49.4811], [26.1465, 49.5147], [26.2161, 49.5886], [26.2018, 49.6079], [26.2536, 49.6337], [26.2757, 49.6568], [26.24244, 49.69258], [26.1951, 49.7093], [26.16222, 49.75983], [26.00892, 49.75092], [25.93746, 49.72502], [25.91414, 49.74448], [25.84465, 49.73786], [25.74544, 49.76234], [25.71127, 49.72994], [25.67646, 49.733], [25.57941, 49.79569], [25.54371, 49.78282], [25.508, 49.81707], [25.4747, 49.82593], [25.47333, 49.87175], [25.4307, 49.91394], [25.40225, 49.95773], [25.40226, 49.98601], [25.31807, 50.01375], [25.285, 50.052], [25.1991, 50.1318], [25.21767, 50.17879], [25.1706, 50.21496], [25.2036, 50.25896], [25.2074, 50.2806], [25.1632, 50.2918], [25.13118, 50.28432], [25.0587, 50.3038], [25.06031, 50.34164], [25.0182, 50.344], [24.95451, 50.38207], [24.93936, 50.34718], [24.8515, 50.3524], [24.74801, 50.3378], [24.7215, 50.3702], [24.6732, 50.3996], [24.51877, 50.42767], [24.49091, 50.48057], [24.55067, 50.4758], [24.5538, 50.5251], [24.512, 50.557], [24.46756, 50.53888], [24.4035, 50.5675], [24.40138, 50.58949], [24.3308, 50.5977], [24.30209, 50.56991], [24.21189, 50.59146], [24.20445, 50.61112], [24.13744, 50.64794], [24.06429, 50.62835], [24.07534, 50.59883], [24.05595, 50.58225], [24.09563, 50.56462], [24.07286, 50.53807], [24.0401, 50.54811], [23.94738, 50.53038], [23.91861, 50.48614], [23.86047, 50.46544], [23.83505, 50.47511], [23.68368, 50.46483], [23.68623, 50.41139], [23.65262, 50.39252], [23.55252, 50.40542], [23.51238, 50.38102], [23.47699, 50.40061], [23.44884, 50.38747], [23.40444, 50.40192], [23.26328, 50.37228], [23.18157, 50.39582], [23.09248, 50.33195], [23.02369, 50.28833], [22.93886, 50.29242], [22.88938, 50.30153], [22.85714, 50.29494], [22.74392, 50.30207], [22.70527, 50.29343], [22.60869, 50.32762], [22.68659, 50.34505], [22.62471, 50.35709], [22.59561, 50.34866], [22.53364, 50.35512], [22.47897, 50.32622], [22.41118, 50.3358], [22.30854, 50.42314], [22.3685, 50.45009], [22.44237, 50.50319], [22.44571, 50.59326], [22.30246, 50.6179], [22.27074, 50.6556], [22.2193, 50.67717], [22.15904, 50.66787], [22.10354, 50.64033], [21.9958, 50.67587], [22.01213, 50.74581], [21.96189, 50.77093], [21.89128, 50.77795], [21.87068, 50.78815], [21.8415, 50.74863], [21.81076, 50.68629], [21.73851, 50.66983], [21.70266, 50.62477], [21.65704, 50.57256], [21.60151, 50.5196], [21.55528, 50.52084], [21.45324, 50.49425], [21.41627, 50.4449], [21.34841, 50.43401], [21.27958, 50.40733], [21.2798, 50.39264], [21.19091, 50.35251], [21.14693, 50.35506], [21.0924, 50.33939], [21.06001, 50.31528], [21.00871, 50.3103], [20.95398, 50.31594], [20.93466, 50.2986], [20.89326, 50.30663], [20.84875, 50.29272], [20.80453, 50.29128], [20.72128, 50.24833], [20.73032, 50.23147], [20.68482, 50.21753], [20.60731, 50.15139], [20.54045, 50.14638], [20.4935, 50.13373], [20.44439, 50.14191], [20.36828, 50.11408], [20.33935, 50.09195], [20.29798, 50.09801], [20.28301, 50.07987], [20.23335, 50.06783], [20.19016, 50.07521], [20.19033, 50.11817], [20.15695, 50.14741], [20.0658, 50.12126], [20.02123, 50.11936], [19.96889, 50.13922], [19.88606, 50.14275], [19.84324, 50.13446], [19.81509, 50.16019], [19.76333, 50.17238], [19.70914, 50.17038], [19.65937, 50.20062], [19.60483, 50.19244], [19.58068, 50.21199], [19.4836, 50.22923], [19.42979, 50.22512], [19.32341, 50.25916], [19.22089, 50.25176], [19.161, 50.23611], [19.16443, 50.2143], [19.23186, 50.17326], [19.25596, 50.13635], [19.212, 50.07457], [19.16924, 50.05541], [19.10817, 49.98597], [19.12155, 49.9641], [19.01644, 49.95243], [18.96476, 49.92142], [18.86387, 49.92138], [18.74614, 49.94095], [18.72861, 49.90803], [18.66686, 49.8875], [18.5872, 49.89906], [18.5766, 49.92312], [18.52497, 49.90169], [18.43028, 49.93744], [18.33312, 49.92749], [18.32604, 49.9036], [18.28074, 49.86929], [18.19596, 49.86573], [18.13008, 49.90518], [17.95385, 49.93225], [17.90995, 49.97684], [17.86671, 49.97418], [17.77231, 50.02645], [17.77052, 50.05152], [17.73116, 50.09731], [17.64983, 50.1131], [17.59429, 50.16038], [17.75205, 50.19266], [17.73368, 50.24971], [17.75186, 50.29995], [17.68734, 50.32663], [17.65079, 50.27402], [17.59212, 50.27925], [17.45612, 50.271], [17.33875, 50.28402], [17.35445, 50.30815], [17.28164, 50.3184], [17.22043, 50.34879], [17.18506, 50.39033], [17.11153, 50.40525], [17.05308, 50.4078], [16.99833, 50.42815], [16.90882, 50.44899], [16.86125, 50.4092], [16.90895, 50.39026], [16.94004, 50.31935], [17.00173, 50.30228], [17.0281, 50.23034], [16.99723, 50.21662], [16.89888, 50.22319], [16.87225, 50.19712], [16.81074, 50.19032], [16.78179, 50.14482], [16.70602, 50.0968], [16.63435, 50.11205], [16.57077, 50.15818], [16.55833, 50.22011], [16.52349, 50.23967], [16.43652, 50.32164], [16.38496, 50.32831], [16.36694, 50.36913], [16.29989, 50.38123], [16.20644, 50.44048], [16.2719, 50.48425], [16.31777, 50.5071], [16.34419, 50.49617], [16.40113, 50.52842], [16.40943, 50.5622], [16.44161, 50.57444], [16.41242, 50.60201], [16.3448, 50.64458], [16.23251, 50.66746], [16.21622, 50.63304], [16.10278, 50.66299], [16.02482, 50.59878], [15.991, 50.61767], [16.00443, 50.67601], [15.97589, 50.68904], [15.88739, 50.67559], [15.83953, 50.74724], [15.69967, 50.73879], [15.68029, 50.75475], [15.57793, 50.77856], [15.52406, 50.77655], [15.47953, 50.79079], [15.44822, 50.81364], [15.35955, 50.78423], [15.36834, 50.82231], [15.34463, 50.85596], [15.28266, 50.89316], [15.29064, 50.94874], [15.27507, 50.97908], [15.23259, 50.99852], [15.17754, 50.99424], [15.17212, 51.02016], [15.10045, 51.01235], [15.03585, 51.02509], [14.9851, 51.01093], [14.96833, 50.98989], [15.00908, 50.94329], [15.00198, 50.87458], [14.96309, 50.86151], [14.82948, 50.87358], [14.79897, 50.82239], [14.71726, 50.82394], [14.66187, 50.85119], [14.62267, 50.85832], [14.6435, 50.93135], [14.5811, 50.91536], [14.5605, 50.92496], [14.59752, 50.96697], [14.57855, 50.99875], [14.45336, 51.03691], [14.40707, 51.01966], [14.36315, 51.04489], [14.30291, 51.0568], [14.25861, 50.988], [14.32381, 50.95038], [14.40539, 50.9338], [14.38113, 50.89877], [14.30459, 50.88441], [14.27006, 50.89527], [14.23767, 50.88851], [14.20505, 50.85315], [14.04908, 50.80888], [13.97132, 50.81727], [13.94446, 50.79737], [13.89861, 50.7923], [13.88467, 50.73845], [13.82719, 50.72428], [13.79092, 50.7369], [13.70798, 50.71709], [13.66476, 50.73291], [13.55728, 50.71442], [13.54335, 50.6773], [13.51997, 50.64412], [13.41908, 50.61016], [13.37176, 50.63821], [13.24087, 50.58322], [13.18875, 50.50889], [13.06948, 50.50056], [13.03204, 50.50864], [13.01778, 50.44348], [12.94412, 50.41173], [12.81985, 50.45934], [12.73658, 50.43021], [12.70736, 50.4045], [12.6762, 50.41387], [12.51596, 50.39508], [12.49426, 50.35416], [12.43351, 50.32229], [12.39984, 50.32112], [12.35216, 50.26181], [12.3303, 50.23383], [12.33665, 50.17258], [12.28958, 50.17691], [12.27422, 50.19533], [12.28669, 50.22475], [12.24164, 50.24378], [12.24453, 50.26735], [12.2022, 50.308], [12.1444, 50.32142], [12.11919, 50.29892], [12.13824, 50.27502], [12.09062, 50.25238], [12.17533, 50.21286], [12.21577, 50.16811], [12.2001, 50.11048], [12.22902, 50.10228], [12.36561, 50.02236], [12.4353, 49.9935], [12.45896, 49.99476], [12.49402, 49.96986], [12.47834, 49.93553], [12.54846, 49.89869], [12.52191, 49.88163], [12.47299, 49.83358], [12.4739, 49.78848], [12.40463, 49.76247], [12.44274, 49.70379], [12.52196, 49.68641], [12.51739, 49.64489], [12.52819, 49.6182], [12.56026, 49.61909], [12.57085, 49.5694], [12.58891, 49.53809], [12.64422, 49.52251], [12.65552, 49.43466], [12.70873, 49.42467], [12.75769, 49.39466], [12.80254, 49.34169], [12.88017, 49.3504], [12.95004, 49.3429], [13.00764, 49.30647], [13.02902, 49.30458], [13.03406, 49.26395], [13.08104, 49.24716], [13.12936, 49.19698], [13.17682, 49.16163], [13.23593, 49.11371], [13.28233, 49.12052], [13.34432, 49.08885], [13.39738, 49.05059], [13.40948, 49.00312], [13.40274, 48.98736], [13.49581, 48.94145], [13.50729, 48.96898], [13.5931, 48.96108], [13.67641, 48.87858], [13.73681, 48.88089], [13.76561, 48.83756], [13.8397, 48.77144], [13.81891, 48.73264], [13.82382, 48.62046], [13.72464, 48.51278], [13.52102, 48.5908], [13.43674, 48.55445], [13.45386, 48.51041], [13.42539, 48.45813], [13.4119, 48.38042], [13.30262, 48.31364], [13.17328, 48.29785], [13.02098, 48.25701], [12.95129, 48.20853], [12.86559, 48.19915], [12.8452, 48.16641], [12.74794, 48.11006], [12.75697, 48.07646], [12.84744, 48.01908], [12.87238, 47.96431], [12.93969, 47.94125], [13.0051, 47.84524], [12.92745, 47.76919], [12.90771, 47.72164], [12.97513, 47.70676], [13.01727, 47.72226], [13.07629, 47.68877], [13.09779, 47.63912], [13.04045, 47.57661], [13.04616, 47.49283], [12.96201, 47.47762], [12.84868, 47.54615], [12.80273, 47.55123], [12.80683, 47.60987], [12.75269, 47.66808], [12.65384, 47.67234], [12.60519, 47.67326], [12.57553, 47.63331], [12.49897, 47.62561], [12.43041, 47.69678], [12.36261, 47.68504], [12.33817, 47.69692], [12.18296, 47.70135], [12.16836, 47.67925], [12.20839, 47.61549], [12.14494, 47.60688], [12.01024, 47.62417], [11.77762, 47.59095], [11.63167, 47.58629], [11.60203, 47.57793], [11.57215, 47.51477], [11.44174, 47.51809], [11.34572, 47.45034], [11.22394, 47.40138], [11.20922, 47.43316], [11.11328, 47.3956], [10.97477, 47.39861], [10.98343, 47.43082], [10.92864, 47.47226], [10.91654, 47.51286], [10.88798, 47.53728], [10.77586, 47.51523], [10.75564, 47.53614], [10.69164, 47.5588], [10.59719, 47.57003], [10.55992, 47.53718], [10.48733, 47.54173], [10.43034, 47.50412], [10.46481, 47.48202], [10.47528, 47.43385], [10.38546, 47.3603], [10.3452, 47.31534], [10.24342, 47.27841], [10.19512, 47.27484], [10.20681, 47.33865], [10.16889, 47.37118], [10.11866, 47.37637], [10.08715, 47.39947], [10.10452, 47.42872], [10.04552, 47.49087], [9.99649, 47.48921], [9.95204, 47.53646], [9.81617, 47.54825], [9.76781, 47.59004], [9.73656, 47.53483], [9.59628, 47.46215], [9.64296, 47.43555], [9.674, 47.3816], [9.62549, 47.36522], [9.58818, 47.31794], [9.52898, 47.27054], [9.56768, 47.24128], [9.55126, 47.22362], [9.5852, 47.20511], [9.57282, 47.17714], [9.62479, 47.13217], [9.63364, 47.0834], [9.60724, 47.06076], [9.67958, 47.05815], [9.71846, 47.04336], [9.78212, 47.03795], [9.83824, 47.01207], [9.86173, 47.02247], [9.88841, 46.99173], [9.87065, 46.96275], [9.87671, 46.93508], [9.93801, 46.9124], [10.02508, 46.89605], [10.0572, 46.86105], [10.10754, 46.84223], [10.14524, 46.85205], [10.16623, 46.85066], [10.24519, 46.87703], [10.26205, 46.86928], [10.31783, 46.92695], [10.34772, 46.99035], [10.38998, 47.0003], [10.42912, 46.97612], [10.41169, 46.94083], [10.48615, 46.91758], [10.46709, 46.88931], [10.46822, 46.84547], [10.449, 46.80225], [10.42944, 46.79731], [10.44475, 46.75879], [10.4, 46.73445], [10.41914, 46.71883], [10.38201, 46.68535], [10.40046, 46.63772], [10.44302, 46.63868], [10.48409, 46.6174], [10.48776, 46.58947], [10.48099, 46.55503], [10.47281, 46.51343], [10.53971, 46.4927], [10.59516, 46.46193], [10.6266, 46.42921], [10.63267, 46.38865], [10.59683, 46.37134], [10.53081, 46.36092], [10.50312, 46.32304], [10.56242, 46.30312], [10.57064, 46.22041], [10.52732, 46.17119], [10.53207, 46.15247], [10.59422, 46.14835], [10.58321, 46.12363], [10.5976, 46.10434], [10.5653, 46.04202], [10.53933, 46.02419], [10.4884, 46.03672], [10.48331, 45.95102], [10.5089, 45.92345], [10.49266, 45.89658], [10.50434, 45.87432], [10.50742, 45.82362], [10.52603, 45.82687], [10.54735, 45.7736], [10.56659, 45.75715], [10.57152, 45.72601], [10.65091, 45.75095], [10.66904, 45.77511], [10.64249, 45.80172], [10.65356, 45.83056], [10.72772, 45.84303], [10.75692, 45.82985], [10.82666, 45.83816], [10.86636, 45.82239], [10.87944, 45.79396], [10.85092, 45.70093], [10.95281, 45.66093], [11.00749, 45.70346], [11.13084, 45.68915], [11.17713, 45.73516], [11.17648, 45.78757], [11.19123, 45.81496], [11.24573, 45.85947], [11.26347, 45.92021], [11.35325, 45.89127], [11.35918, 45.94243], [11.37468, 45.97564], [11.4644, 45.98618], [11.50751, 46.01806], [11.56386, 46.01722], [11.57309, 45.98098], [11.62946, 45.96027], [11.6834, 45.97539], [11.68921, 45.98853], [11.66606, 46.03665], [11.70394, 46.05382], [11.68217, 46.08913], [11.71563, 46.10229], [11.79847, 46.10333], [11.89005, 46.11874], [11.92136, 46.14926], [11.93961, 46.20121], [11.91157, 46.22545], [11.92874, 46.24831], [11.82694, 46.28479], [11.83274, 46.32523], [11.77758, 46.35149], [11.82771, 46.36723], [11.84375, 46.42572], [11.9307, 46.45888], [11.95036, 46.47735], [11.99717, 46.43677], [12.02812, 46.44544], [12.0327, 46.47616], [12.05838, 46.49772], [12.08661, 46.49149], [12.12983, 46.46177], [12.18723, 46.49508], [12.2369, 46.50857], [12.25664, 46.53608], [12.24307, 46.56605], [12.19692, 46.5783], [12.19207, 46.5944], [12.25942, 46.62997], [12.28321, 46.61682], [12.31505, 46.63027], [12.36049, 46.61918], [12.39065, 46.62759], [12.43421, 46.66791], [12.50572, 46.67824], [12.55905, 46.65322], [12.62906, 46.66158], [12.69114, 46.65634], [12.73061, 46.6349], [12.75178, 46.64568], [12.79507, 46.64164], [12.83351, 46.6096], [12.83396, 46.6096], [12.93307, 46.61013], [13.03168, 46.59654], [13.08491, 46.60161], [13.12595, 46.59216], [13.21271, 46.5268], [13.30162, 46.50823], [13.36099, 46.47727], [13.45383, 46.47676], [13.43385, 46.43547], [13.50097, 46.40908], [13.51644, 46.38297], [13.43671, 46.35519], [13.44921, 46.33529], [13.39243, 46.2826], [13.40558, 46.24363], [13.44617, 46.21271], [13.47405, 46.2256], [13.5543, 46.21063], [13.5716, 46.18726], [13.63322, 46.18995], [13.66645, 46.17464], [13.64708, 46.14085], [13.56606, 46.09497], [13.5445, 46.08955], [13.48392, 46.04327], [13.46391, 45.98428], [13.43633, 45.97266], [13.41663, 45.93924], [13.37216, 45.93454], [13.35972, 45.90422], [13.32538, 45.89485], [13.27726, 45.80967], [13.2493, 45.76238], [13.23552, 45.68305], [13.32969, 45.67946], [13.4243, 45.66165], [13.47145, 45.69496], [13.55406, 45.71752], [13.53824, 45.76063], [13.63232, 45.76588], [13.75199, 45.68054], [13.71875, 45.60583], [13.735, 45.56449], [13.59455, 45.5264], [13.59274, 45.48352], [13.50195, 45.5034], [13.51467, 45.41577], [13.54693, 45.36139], [13.53882, 45.33033], [13.58715, 45.2847], [13.5816, 45.1993], [13.62299, 45.0771], [13.76021, 44.98352], [13.80313, 44.9266], [13.7974, 44.88864], [13.83795, 44.86561], [13.82576, 44.83187], [13.91674, 44.79263], [13.98429, 44.79651], [13.98387, 44.85142], [14.05088, 44.93779], [14.17185, 44.9807], [14.16047, 45.0591], [14.22714, 45.13761], [14.2874, 45.31246], [14.31989, 45.35022], [14.44843, 45.32039], [14.55911, 45.27334], [14.71668, 45.15165], [14.83445, 45.10712], [14.92192, 44.95757], [14.88467, 44.85334], [14.87928, 44.79119], [14.89675, 44.69565], [14.96452, 44.62325], [14.98807, 44.5731], [15.10362, 44.5046], [15.28974, 44.35859], [15.40658, 44.31661], [15.51118, 44.24958], [15.41182, 44.25516], [15.32728, 44.2931], [15.21296, 44.25756], [15.14031, 44.19513], [15.20922, 44.144], [15.46613, 43.916], [15.51101, 43.90612], [15.6208, 43.84381], [15.6097, 43.80947], [15.66846, 43.79417], [15.74153, 43.75359], [15.78396, 43.75431], [15.89346, 43.69937], [15.95, 43.63997], [15.91156, 43.62716], [15.93476, 43.54441], [15.97968, 43.53244], [16.05506, 43.47579], [16.11053, 43.47224], [16.35732, 43.54983], [16.4299, 43.54369], [16.45891, 43.49924], [16.52953, 43.50376], [16.57933, 43.46333], [16.72564, 43.41269], [16.89037, 43.39461], [17.04862, 43.27162], [17.10979, 43.20876], [17.27889, 43.13981], [17.42594, 43.04531], [17.49293, 42.96949], [17.53749, 42.94147], [17.48722, 42.91057], [17.43848, 42.95386], [17.26646, 43.01071], [17.16662, 43.02504], [17.01721, 43.0051], [17.13615, 42.97417], [17.21548, 42.98124], [17.36492, 42.91301], [17.4164, 42.91194], [17.42991, 42.87567], [17.70628, 42.79685], [17.83275, 42.79992], [17.88097, 42.75874], [17.96687, 42.7122], [18.04945, 42.68349], [18.07684, 42.64488], [18.22873, 42.60446], [18.21335, 42.57738], [18.28832, 42.52317], [18.45649, 42.44965], [18.56616, 42.45068], [18.59921, 42.43373], [18.67267, 42.45786], [18.69583, 42.39869], [18.56512, 42.43256], [18.55654, 42.40262], [18.60764, 42.36771], [18.68269, 42.38061], [18.70602, 42.32239], [18.77622, 42.26813], [18.84346, 42.2829], [18.88912, 42.27293], [18.90414, 42.22245], [19.00195, 42.15905], [19.01684, 42.18215], [18.95538, 42.25397], [18.93684, 42.30681], [18.90903, 42.32077], [18.84518, 42.33549], [18.80741, 42.38648], [18.8311, 42.46378], [18.8069, 42.50619], [18.80175, 42.54439], [18.67884, 42.57575], [18.64488, 42.61415], [18.59975, 42.60528], [18.55491, 42.58016], [18.52014, 42.61833], [18.56423, 42.64365], [18.54625, 42.69183], [18.57044, 42.71993], [18.53442, 42.72273], [18.47779, 42.77169], [18.45826, 42.82552], [18.46919, 42.85425], [18.50965, 42.88689], [18.48293, 42.92839], [18.4984, 42.99589], [18.53568, 43.03346], [18.62295, 43.02966], [18.66029, 43.03739], [18.64822, 43.14728], [18.66782, 43.20391], [18.70581, 43.2363], [18.68845, 43.25499], [18.73293, 43.28089], [18.8536, 43.32432], [18.83908, 43.34836], [18.91442, 43.35977], [18.95964, 43.31711], [18.95563, 43.2878], [18.98234, 43.28072], [19.00904, 43.25061]]], [[[14.44426, 44.52882], [14.5223, 44.47326], [14.54277, 44.49532], [14.435, 44.56922], [14.39602, 44.61991], [14.39961, 44.68395], [14.34286, 44.66394], [14.39217, 44.59824], [14.36701, 44.56155], [14.43983, 44.5547], [14.44426, 44.52882]]], [[[14.65683, 44.78749], [14.69566, 44.75755], [14.74371, 44.76613], [14.84496, 44.69921], [14.86639, 44.72069], [14.73855, 44.81824], [14.65683, 44.78749]]], [[[14.47096, 44.79824], [14.4488, 44.8754], [14.46681, 44.98323], [14.41799, 44.98883], [14.36117, 45.08876], [14.35658, 45.16735], [14.32327, 45.17624], [14.27097, 45.12004], [14.3033, 45.07206], [14.34569, 45.05573], [14.34944, 45.00316], [14.39204, 44.96477], [14.38313, 44.90236], [14.30018, 44.93275], [14.36734, 44.79933], [14.39225, 44.69506], [14.48826, 44.60469], [14.54647, 44.62982], [14.46677, 44.71931], [14.47096, 44.79824]]], [[[14.61975, 44.97816], [14.73197, 44.9345], [14.81923, 44.98006], [14.66431, 45.09048], [14.66951, 45.15358], [14.63299, 45.16596], [14.56878, 45.24633], [14.54473, 45.17105], [14.50632, 45.11626], [14.43092, 45.07258], [14.48609, 45.02701], [14.61983, 45.01373], [14.61975, 44.97816]]], [[[16.25354, 43.0575], [16.23945, 43.07793], [16.07979, 43.07145], [16.11199, 43.00775], [16.21048, 43.01864], [16.25354, 43.0575]]], [[[16.2768, 43.41165], [16.24231, 43.38255], [16.38472, 43.32597], [16.3287, 43.39576], [16.2768, 43.41165]]], [[[15.11712, 43.91526], [15.19552, 43.86669], [15.22309, 43.905], [15.05147, 44.00828], [15.00955, 44.08251], [14.9522, 44.09981], [15.07227, 43.95648], [15.11712, 43.91526]]], [[[15.29784, 43.97302], [15.3083, 43.95374], [15.42053, 43.89193], [15.39023, 43.95734], [15.29784, 43.97302]]], [[[14.99901, 44.53271], [14.90884, 44.61171], [14.83538, 44.58633], [14.9064, 44.52153], [14.89969, 44.49332], [14.9803, 44.45639], [15.08691, 44.36069], [15.21223, 44.31033], [15.24711, 44.3482], [15.11865, 44.4406], [15.05192, 44.47818], [15.05079, 44.51453], [14.99901, 44.53271]]], [[[16.92163, 42.73506], [16.93742, 42.76926], [16.82079, 42.76614], [16.82425, 42.73237], [16.92163, 42.73506]]], [[[17.58743, 42.71942], [17.59268, 42.75082], [17.43282, 42.78414], [17.40715, 42.76197], [17.58743, 42.71942]]], [[[16.85381, 42.90652], [16.89471, 42.89716], [16.97576, 42.92778], [17.11744, 42.90762], [17.1505, 42.95457], [17.04408, 42.98102], [16.85394, 42.95765], [16.69385, 42.99439], [16.63957, 42.9364], [16.77707, 42.9045], [16.85381, 42.90652]]], [[[17.06091, 43.13813], [16.87386, 43.1618], [16.7257, 43.15824], [16.65104, 43.21852], [16.56819, 43.2214], [16.45337, 43.20887], [16.46589, 43.15789], [16.663, 43.12156], [16.80605, 43.12589], [16.93539, 43.11237], [17.06091, 43.13813]]], [[[16.43229, 43.30662], [16.51401, 43.27419], [16.63755, 43.25954], [16.85403, 43.27117], [16.89785, 43.31642], [16.81193, 43.35226], [16.60775, 43.38163], [16.43986, 43.39379], [16.43229, 43.30662]]]]}}]}